-- phpMyAdmin SQL Dump
-- version 5.2.1
-- https://www.phpmyadmin.net/
--
-- Servidor: 127.0.0.1
-- Tiempo de generación: 25-06-2025 a las 17:49:30
-- Versión del servidor: 10.4.32-MariaDB
-- Versión de PHP: 8.2.12

SET SQL_MODE = "NO_AUTO_VALUE_ON_ZERO";
START TRANSACTION;
SET time_zone = "+00:00";


/*!40101 SET @OLD_CHARACTER_SET_CLIENT=@@CHARACTER_SET_CLIENT */;
/*!40101 SET @OLD_CHARACTER_SET_RESULTS=@@CHARACTER_SET_RESULTS */;
/*!40101 SET @OLD_COLLATION_CONNECTION=@@COLLATION_CONNECTION */;
/*!40101 SET NAMES utf8mb4 */;

--
-- Base de datos: `sistema_matricula`
--

-- --------------------------------------------------------

--
-- Estructura de tabla para la tabla `maeasignatura`
--

CREATE TABLE `maeasignatura` (
  `idAsignatura` int(11) NOT NULL,
  `idPlanEstudio` int(11) DEFAULT NULL,
  `nombre` varchar(100) NOT NULL,
  `codigo` varchar(20) NOT NULL,
  `vigenciaInicio` date NOT NULL,
  `vigenciaFin` date DEFAULT NULL,
  `creditos` decimal(3,1) NOT NULL,
  `semestre` int(11) NOT NULL,
  `horasTeoricas` int(11) NOT NULL,
  `horasPracticas` int(11) NOT NULL,
  `fechaCreacion` timestamp NULL DEFAULT NULL,
  `fechaModificacion` timestamp NULL DEFAULT NULL,
  `usuarioCreacion` int(11) DEFAULT NULL,
  `usuarioModificacion` int(11) DEFAULT NULL
) ENGINE=InnoDB DEFAULT CHARSET=utf8mb4 COLLATE=utf8mb4_general_ci;

--
-- Volcado de datos para la tabla `maeasignatura`
--

INSERT INTO `maeasignatura` (`idAsignatura`, `idPlanEstudio`, `nombre`, `codigo`, `vigenciaInicio`, `vigenciaFin`, `creditos`, `semestre`, `horasTeoricas`, `horasPracticas`, `fechaCreacion`, `fechaModificacion`, `usuarioCreacion`, `usuarioModificacion`) VALUES
(1, 1, 'METODOLOGÍA DE LA PROGRAMACIÓN', '1001', '2025-06-22', NULL, 5.0, 1, 2, 2, '2025-06-23 03:42:24', NULL, 5, NULL),
(2, 1, 'MATEMÁTICA', '1002', '2025-06-22', NULL, 4.0, 1, 4, 0, '2025-06-23 03:42:24', NULL, 5, NULL),
(3, 1, 'PENSAMIENTO COMPUTACIONAL', '1003', '2025-06-22', NULL, 4.0, 1, 2, 2, '2025-06-23 03:42:24', NULL, 5, NULL),
(4, 1, 'TALLER DE LECTURA Y REDACCIÓN', '1004', '2025-06-22', NULL, 3.0, 1, 3, 0, '2025-06-23 03:42:24', NULL, 5, NULL),
(5, 1, 'INTRODUCCIÓN A LA INGENIERÍA DE SISTEMAS DE INFORMACIÓN', '1005', '2025-06-22', NULL, 4.0, 1, 2, 2, '2025-06-23 03:42:24', NULL, 5, NULL),
(6, 1, 'ESTRUCTURAS DISCRETAS', '1006', '2025-06-22', NULL, 4.0, 2, 2, 2, '2025-06-23 03:42:24', NULL, 5, NULL),
(7, 1, 'CÁLCULO', '1007', '2025-06-22', NULL, 4.0, 2, 4, 0, '2025-06-23 03:42:24', NULL, 5, NULL),
(8, 1, 'FÍSICA', '1008', '2025-06-22', NULL, 4.0, 2, 4, 0, '2025-06-23 03:42:24', NULL, 5, NULL),
(9, 1, 'IDENTIDAD Y PERUANIDAD', '1009', '2025-06-22', NULL, 3.0, 2, 3, 0, '2025-06-23 03:42:24', NULL, 5, NULL),
(10, 1, 'LENGUAJES DE PROGRAMACIÓN I', '1010', '2025-06-22', NULL, 4.0, 2, 2, 2, '2025-06-23 03:42:24', NULL, 5, NULL),
(11, 1, 'TALLER DE ARTES', '1011', '2025-06-22', NULL, 1.0, 2, 0, 1, '2025-06-23 03:42:24', NULL, 5, NULL),
(12, 1, 'CÁLCULO INTEGRAL', '1012', '2025-06-22', NULL, 4.0, 3, 2, 2, '2025-06-23 03:42:24', NULL, 5, NULL),
(13, 1, 'FUNDAMENTOS DE INFRAESTRUCTURA DE TECNOLOGÍAS DE LA INFORMACIÓN', '1013', '2025-06-22', NULL, 4.0, 3, 2, 2, '2025-06-23 03:42:24', NULL, 5, NULL),
(14, 1, 'INVESTIGACIÓN FORMATIVA', '1014', '2025-06-22', NULL, 4.0, 3, 2, 2, '2025-06-23 03:42:24', NULL, 5, NULL),
(15, 1, 'LENGUAJES DE PROGRAMACIÓN II', '1015', '2025-06-22', NULL, 4.0, 3, 2, 2, '2025-06-23 03:42:24', NULL, 5, NULL),
(16, 1, 'TALLER DE COACHING Y LIDERAZGO', '1016', '2025-06-22', NULL, 3.0, 3, 3, 0, '2025-06-23 03:42:24', NULL, 5, NULL),
(17, 1, 'TALLER DE DEPORTES', '1017', '2025-06-22', NULL, 1.0, 3, 0, 1, '2025-06-23 03:42:24', NULL, 5, NULL),
(18, 1, 'TALLER DE FELICIDAD Y BIENESTAR', '1018', '2025-06-22', NULL, 3.0, 3, 3, 0, '2025-06-23 03:42:24', NULL, 5, NULL),
(19, 1, 'TALLER DE INTELIGENCIA EMOCIONAL Y HABILIDADES SOCIALES', '1019', '2025-06-22', NULL, 3.0, 3, 3, 0, '2025-06-23 03:42:24', NULL, 5, NULL),
(20, 1, 'COMPUTACIÓN EN RED I', '1020', '2025-06-22', NULL, 4.0, 4, 2, 2, '2025-06-23 03:42:24', NULL, 5, NULL),
(21, 1, 'FUNDAMENTOS DE SISTEMAS DE INFORMACIÓN', '1021', '2025-06-22', NULL, 4.0, 4, 2, 2, '2025-06-23 03:42:24', NULL, 5, NULL),
(22, 1, 'FÍSICA: ELECTRICIDAD Y MAGNETISMO', '1022', '2025-06-22', NULL, 4.0, 4, 2, 2, '2025-06-23 03:42:24', NULL, 5, NULL),
(23, 1, 'LENGUAJES DE PROGRAMACIÓN III', '1023', '2025-06-22', NULL, 3.0, 4, 1, 2, '2025-06-23 03:42:24', NULL, 5, NULL),
(24, 1, 'RESPONSABILIDAD CIUDADANA Y ECOLOGÍA', '1024', '2025-06-22', NULL, 3.0, 4, 3, 0, '2025-06-23 03:42:24', NULL, 5, NULL),
(25, 1, 'TALLER DE ARGUMENTACIÓN', '1025', '2025-06-22', NULL, 2.0, 4, 2, 0, '2025-06-23 03:42:24', NULL, 5, NULL),
(26, 1, 'ANÁLISIS Y DISEÑO DE SISTEMAS', '1026', '2025-06-22', NULL, 4.0, 5, 2, 2, '2025-06-23 03:42:24', NULL, 5, NULL),
(27, 1, 'ESTADÍSTICA Y PROBABILIDADES', '1027', '2025-06-22', NULL, 4.0, 5, 4, 0, '2025-06-23 03:42:24', NULL, 5, NULL),
(28, 1, 'COMPUTACIÓN EN RED II', '1028', '2025-06-22', NULL, 4.0, 5, 2, 2, '2025-06-23 03:42:24', NULL, 5, NULL),
(29, 1, 'ALGORITMOS Y ESTRUCTURA DE DATOS', '1029', '2025-06-22', NULL, 5.0, 5, 2, 3, '2025-06-23 03:42:24', NULL, 5, NULL),
(30, 1, 'SISTEMAS DE INFORMACIÓN ADMINISTRATIVOS I', '1030', '2025-06-22', NULL, 3.0, 5, 2, 1, '2025-06-23 03:42:24', NULL, 5, NULL),
(31, 1, 'COMPUTACIÓN EN RED III', '1031', '2025-06-22', NULL, 4.0, 6, 2, 2, '2025-06-23 03:45:13', NULL, 5, NULL),
(32, 1, 'GESTIÓN DE DATOS E INFORMACIÓN', '1032', '2025-06-22', NULL, 4.0, 6, 2, 2, '2025-06-23 03:45:13', NULL, 5, NULL),
(33, 1, 'INFRAESTRUCTURA DE TECNOLOGÍAS DE LA INFORMACIÓN', '1033', '2025-06-22', NULL, 3.0, 6, 1, 2, '2025-06-23 03:45:13', NULL, 5, NULL),
(34, 1, 'DESARROLLO DE APLICACIONES', '1034', '2025-06-22', NULL, 4.0, 6, 2, 2, '2025-06-23 03:45:13', NULL, 5, NULL),
(35, 1, 'FILOSOFÍA Y ÉTICA', '1035', '2025-06-22', NULL, 3.0, 6, 3, 0, '2025-06-23 03:45:13', NULL, 5, NULL),
(36, 1, 'SISTEMAS DE INFORMACIÓN ADMINISTRATIVOS II', '1036', '2025-06-22', NULL, 2.0, 6, 2, 0, '2025-06-23 03:45:13', NULL, 5, NULL),
(37, 1, 'SISTEMAS OPERATIVOS', '1037', '2025-06-22', NULL, 4.0, 7, 2, 2, '2025-06-23 03:45:13', NULL, 5, NULL),
(38, 1, 'GESTIÓN DE PROCESOS DE NEGOCIOS', '1038', '2025-06-22', NULL, 4.0, 7, 2, 2, '2025-06-23 03:45:13', NULL, 5, NULL),
(39, 1, 'INGENIERÍA DE SISTEMAS Y SOCIEDAD', '1039', '2025-06-22', NULL, 2.0, 7, 1, 1, '2025-06-23 03:45:13', NULL, 5, NULL),
(40, 1, 'TECNOLOGÍAS MÓVILES', '1040', '2025-06-22', NULL, 4.0, 7, 2, 2, '2025-06-23 03:45:13', NULL, 5, NULL),
(41, 1, 'TESTING, IMPLANTACIÓN Y MANTENIMIENTO DE SISTEMAS', '1041', '2025-06-22', NULL, 3.0, 7, 2, 1, '2025-06-23 03:45:13', NULL, 5, NULL),
(42, 1, 'INTERACCIÓN HUMANO COMPUTADOR', '1042', '2025-06-22', NULL, 3.0, 7, 2, 1, '2025-06-23 03:45:13', NULL, 5, NULL),
(43, 1, 'SISTEMAS INTELIGENTES', '1043', '2025-06-22', NULL, 3.0, 7, 2, 1, '2025-06-23 03:45:13', NULL, 5, NULL),
(44, 1, 'FUNDAMENTOS DE PROYECTOS DE SISTEMAS DE INFORMACIÓN', '1044', '2025-06-22', NULL, 4.0, 8, 2, 2, '2025-06-23 03:45:13', NULL, 5, NULL),
(45, 1, 'GESTIÓN DE SISTEMAS Y TECNOLOGÍAS DE LA INFORMACIÓN', '1045', '2025-06-22', NULL, 4.0, 8, 3, 1, '2025-06-23 03:45:13', NULL, 5, NULL),
(46, 1, 'GESTIÓN DEL CONOCIMIENTO', '1046', '2025-06-22', NULL, 4.0, 8, 2, 2, '2025-06-23 03:45:13', NULL, 5, NULL),
(47, 1, 'INNOVACIÓN Y EMPRENDIMIENTO', '1047', '2025-06-22', NULL, 3.0, 8, 2, 1, '2025-06-23 03:45:13', NULL, 5, NULL),
(48, 1, 'INTELIGENCIA DE NEGOCIOS', '1048', '2025-06-22', NULL, 4.0, 8, 2, 2, '2025-06-23 03:45:13', NULL, 5, NULL),
(49, 1, 'OPTIMIZACIÓN DE OPERACIONES', '1049', '2025-06-22', NULL, 3.0, 8, 2, 1, '2025-06-23 03:45:13', NULL, 5, NULL),
(50, 1, 'NEGOCIOS ELECTRÓNICOS', '1050', '2025-06-22', NULL, 4.0, 9, 2, 2, '2025-06-23 03:45:13', NULL, 5, NULL),
(51, 1, 'GESTIÓN DE PROYECTOS', '1051', '2025-06-22', NULL, 3.0, 9, 2, 1, '2025-06-23 03:45:13', NULL, 5, NULL),
(52, 1, 'INVESTIGACIÓN EN INGENIERÍA I', '1052', '2025-06-22', NULL, 4.0, 9, 2, 2, '2025-06-23 03:45:13', NULL, 5, NULL),
(53, 1, 'PRÁCTICAS PREPROFESIONALES', '1053', '2025-06-22', NULL, 3.0, 9, 1, 2, '2025-06-23 03:45:13', NULL, 5, NULL),
(54, 1, 'SEGURIDAD INFORMÁTICA', '1054', '2025-06-22', NULL, 3.0, 9, 2, 1, '2025-06-23 03:45:13', NULL, 5, NULL),
(55, 1, 'SISTEMA DE GESTIÓN DE CALIDAD', '1055', '2025-06-22', NULL, 3.0, 9, 2, 1, '2025-06-23 03:45:13', NULL, 5, NULL),
(56, 1, 'TECNOLOGÍAS EMERGENTES', '1056', '2025-06-22', NULL, 3.0, 9, 2, 1, '2025-06-23 03:45:13', NULL, 5, NULL),
(57, 1, 'PLANEAMIENTO ESTRATÉGICO DE SISTEMAS Y TECNOLOGÍAS DE LA INFORMACIÓN', '1057', '2025-06-22', NULL, 3.0, 10, 2, 1, '2025-06-23 03:45:13', NULL, 5, NULL),
(58, 1, 'AUDITORÍA DE SISTEMAS Y TECNOLOGÍAS DE LA INFORMACIÓN', '1058', '2025-06-22', NULL, 3.0, 10, 2, 1, '2025-06-23 03:45:13', NULL, 5, NULL),
(59, 1, 'INVESTIGACIÓN EN INGENIERÍA II', '1059', '2025-06-22', NULL, 4.0, 10, 2, 2, '2025-06-23 03:45:13', NULL, 5, NULL),
(60, 1, 'PROYECTO DE FIN DE CARRERA', '1060', '2025-06-22', NULL, 4.0, 10, 2, 2, '2025-06-23 03:45:13', NULL, 5, NULL),
(61, 1, 'BIG DATA', '1061', '2025-06-22', NULL, 3.0, 10, 2, 1, '2025-06-23 03:45:13', NULL, 5, NULL),
(62, 1, 'GESTIÓN DE RIESGOS EN TECNOLOGÍAS DE LA INFORMACIÓN', '1062', '2025-06-22', NULL, 3.0, 10, 2, 1, '2025-06-23 03:45:13', NULL, 5, NULL),
(63, 1, 'PLANEAMIENTO DE RECURSOS EMPRESARIALES', '1063', '2025-06-22', NULL, 3.0, 10, 2, 1, '2025-06-23 03:45:13', NULL, 5, NULL),
(64, 2, 'ADMINISTRACION DE NEGOCIOS', '2001', '2025-06-22', NULL, 3.0, 1, 2, 1, '2025-06-23 04:56:53', NULL, 5, NULL),
(65, 2, 'ADMINISTRACION DE OPORTUNIDADES EMPRESARIALES', '2002', '2025-06-22', NULL, 5.0, 1, 4, 2, '2025-06-23 04:56:53', NULL, 5, NULL),
(66, 2, 'FUNDAMENTOS DE LA ADMINISTRACION DE EMPRESAS', '2003', '2025-06-22', NULL, 5.0, 1, 4, 2, '2025-06-23 04:56:53', NULL, 5, NULL),
(67, 2, 'MATEMATICA Y ESTADISTICA', '2004', '2025-06-22', NULL, 3.0, 1, 2, 1, '2025-06-23 04:56:53', NULL, 5, NULL),
(68, 2, 'TALLER DE DEPORTES', '2005', '2025-06-22', NULL, 1.0, 1, 0, 2, '2025-06-23 04:56:53', NULL, 5, NULL),
(69, 2, 'TALLER DE LECTURA Y REDACCION', '2006', '2025-06-22', NULL, 3.0, 1, 2, 1, '2025-06-23 04:56:53', NULL, 5, NULL),
(70, 2, 'CALCULO FINANCIERO', '2007', '2025-06-22', NULL, 4.0, 2, 3, 1, '2025-06-23 04:56:53', NULL, 5, NULL),
(71, 2, 'ECONOMIA Y GLOBALIZACION', '2008', '2025-06-22', NULL, 4.0, 2, 3, 1, '2025-06-23 04:56:53', NULL, 5, NULL),
(72, 2, 'IDENTIDAD Y PERUANIDAD', '2009', '2025-06-22', NULL, 3.0, 2, 2, 1, '2025-06-23 04:56:53', NULL, 5, NULL),
(73, 2, 'PLANIFICACION Y ORGANIZACION EMPRESARIAL', '2010', '2025-06-22', NULL, 6.0, 2, 4, 2, '2025-06-23 04:56:53', NULL, 5, NULL),
(74, 2, 'TALLER DE ARGUMENTACION', '2011', '2025-06-22', NULL, 2.0, 2, 0, 2, '2025-06-23 04:56:53', NULL, 5, NULL),
(75, 2, 'TALLER DE ARTES', '2012', '2025-06-22', NULL, 1.0, 2, 0, 2, '2025-06-23 04:56:53', NULL, 5, NULL),
(76, 2, 'ADMINISTRACIÓN Y DECISIONES CUANTITATIVAS', '2013', '2025-06-22', NULL, 5.0, 3, 4, 2, '2025-06-23 04:56:53', NULL, 5, NULL),
(77, 2, 'DINÁMICA Y COMPORTAMIENTO ORGANIZACIONAL', '2014', '2025-06-22', NULL, 4.0, 3, 3, 1, '2025-06-23 04:56:53', NULL, 5, NULL),
(78, 2, 'FUNDAMENTOS DE CONTABILIDAD FINANCIERA', '2015', '2025-06-22', NULL, 3.0, 3, 2, 1, '2025-06-23 04:56:53', NULL, 5, NULL),
(79, 2, 'FUNDAMENTOS DE MARKETING', '2016', '2025-06-22', NULL, 5.0, 3, 4, 2, '2025-06-23 04:56:53', NULL, 5, NULL),
(80, 2, 'TALLER DE COACHING Y LIDERAZGO', '2017', '2025-06-22', NULL, 3.0, 3, 2, 1, '2025-06-23 04:56:53', NULL, 5, NULL),
(81, 2, 'TALLER DE FELICIDAD Y BIENESTAR', '2018', '2025-06-22', NULL, 3.0, 3, 2, 1, '2025-06-23 04:56:53', NULL, 5, NULL),
(82, 2, 'TALLER DE INTELIGENCIA EMOCIONAL Y HABILIDADES SOCIALES', '2019', '2025-06-22', NULL, 3.0, 3, 2, 1, '2025-06-23 04:56:53', NULL, 5, NULL),
(83, 2, 'DOCTRINA SOCIAL DE LA IGLESIA', '2020', '2025-06-22', NULL, 3.0, 4, 2, 1, '2025-06-23 04:58:44', NULL, 5, NULL),
(84, 2, 'ADMINISTRACION DE NEGOCIOS INTERNACIONALES', '2021', '2025-06-22', NULL, 6.0, 4, 4, 2, '2025-06-23 04:58:44', NULL, 5, NULL),
(85, 2, 'ADMINISTRACION DEL DISEÑO Y MODELO DE PRODUCTOS Y SERVICIOS', '2022', '2025-06-22', NULL, 2.5, 4, 1, 2, '2025-06-23 04:58:44', NULL, 5, NULL),
(86, 2, 'COMPORTAMIENTO DEL CONSUMIDOR', '2023', '2025-06-22', NULL, 2.5, 4, 1, 2, '2025-06-23 04:58:44', NULL, 5, NULL),
(87, 2, 'ECONOMIA PARA LA EMPRESA', '2024', '2025-06-22', NULL, 5.5, 4, 4, 2, '2025-06-23 04:58:44', NULL, 5, NULL),
(88, 2, 'RESPONSABILIDAD CIUDADANA Y ECOLOGIA', '2025', '2025-06-22', NULL, 3.0, 4, 2, 1, '2025-06-23 04:58:44', NULL, 5, NULL),
(89, 2, 'ADMINISTRACION DE CADENA DE SUMINISTROS', '2026', '2025-06-22', NULL, 5.0, 5, 4, 2, '2025-06-23 04:58:44', NULL, 5, NULL),
(90, 2, 'ADMINISTRACION DE EMPRESAS FAMILIARES', '2027', '2025-06-22', NULL, 2.5, 5, 1, 2, '2025-06-23 04:58:44', NULL, 5, NULL),
(91, 2, 'ADMINISTRACION DE FLUJOS FINANCIEROS', '2028', '2025-06-22', NULL, 4.0, 5, 3, 1, '2025-06-23 04:58:44', NULL, 5, NULL),
(92, 2, 'ADMINISTRACION DE LA INNOVACION Y ACELERACION DE EMPRESAS', '2029', '2025-06-22', NULL, 2.5, 5, 1, 2, '2025-06-23 04:58:44', NULL, 5, NULL),
(93, 2, 'ADMINISTRACION DE NEGOCIOS ELECTRONICOS Y ESTRATEGIA DIGITAL', '2030', '2025-06-22', NULL, 2.5, 5, 1, 2, '2025-06-23 04:58:44', NULL, 5, NULL),
(94, 2, 'DESARROLLO Y HABILIDADES GERENCIALES', '2031', '2025-06-22', NULL, 5.5, 5, 4, 2, '2025-06-23 04:58:44', NULL, 5, NULL),
(95, 2, 'SISTEMA JURIDICO', '2032', '2025-06-22', NULL, 3.0, 5, 2, 1, '2025-06-23 04:58:44', NULL, 5, NULL),
(96, 2, 'ADMINISTRACION DE OPERACIONES EMPRESARIALES', '2033', '2025-06-22', NULL, 6.0, 6, 5, 2, '2025-06-23 04:58:44', NULL, 5, NULL),
(97, 2, 'ADMINISTRACION DE PERSONAL', '2034', '2025-06-22', NULL, 4.5, 6, 3, 2, '2025-06-23 04:58:44', NULL, 5, NULL),
(98, 2, 'ADMINISTRACION DE SERVICIOS DE SALUD (E)', '2035', '2025-06-22', NULL, 2.5, 6, 2, 1, '2025-06-23 04:58:44', NULL, 5, NULL),
(99, 2, 'FILOSOFIA Y ÉTICA', '2036', '2025-06-22', NULL, 3.0, 6, 2, 1, '2025-06-23 04:58:44', NULL, 5, NULL),
(100, 2, 'FUNDAMENTOS DE ADMINISTRACION FINANCIERA', '2037', '2025-06-22', NULL, 4.0, 6, 3, 1, '2025-06-23 04:58:44', NULL, 5, NULL),
(101, 2, 'MARKETING DE SERVICIOS (E)', '2038', '2025-06-22', NULL, 2.5, 6, 2, 1, '2025-06-23 04:58:44', NULL, 5, NULL),
(102, 2, 'NEGOCIACION Y MANEJO DE CONFLICTOS EMPRESARIALES (E)', '2039', '2025-06-22', NULL, 2.5, 6, 2, 1, '2025-06-23 04:58:44', NULL, 5, NULL),
(103, 2, 'ADMINISTRACION BANCARIA Y DE RIESGOS (E)', '2040', '2025-06-22', NULL, 2.5, 7, 2, 1, '2025-06-23 04:58:44', NULL, 5, NULL),
(104, 2, 'ADMINISTRACION DE FINANZAS EMPRESARIALES', '2041', '2025-06-22', NULL, 4.0, 7, 3, 2, '2025-06-23 04:58:44', NULL, 5, NULL),
(105, 2, 'ADMINISTRACION DE ORGANIZACIONES NO LUCRATIVAS (E)', '2042', '2025-06-22', NULL, 2.5, 7, 2, 1, '2025-06-23 04:58:44', NULL, 5, NULL),
(106, 2, 'ADMINISTRACION DE SERVICIOS (E)', '2043', '2025-06-22', NULL, 2.5, 7, 2, 1, '2025-06-23 04:58:44', NULL, 5, NULL),
(107, 2, 'ADMINISTRACION PUBLICA', '2044', '2025-06-22', NULL, 4.0, 7, 3, 1, '2025-06-23 04:58:44', NULL, 5, NULL),
(108, 2, 'INVESTIGACION DE MERCADOS', '2045', '2025-06-22', NULL, 4.5, 7, 3, 2, '2025-06-23 04:58:44', NULL, 5, NULL),
(109, 2, 'MARKETING ESTRATEGICO', '2046', '2025-06-22', NULL, 5.0, 7, 4, 2, '2025-06-23 04:58:44', NULL, 5, NULL),
(110, 2, 'ADMINISTRACION DE EMPRESAS MANUFACTURERAS (E)', '2047', '2025-06-22', NULL, 2.5, 8, 2, 1, '2025-06-23 04:58:44', NULL, 5, NULL),
(111, 2, 'ADMINISTRACION DE SIMULACION EMPRESARIAL', '2048', '2025-06-22', NULL, 3.5, 8, 2, 2, '2025-06-23 04:58:44', NULL, 5, NULL),
(112, 2, 'ADMINISTRACION TURISTICA, HOTELERA Y GASTRONOMICA (E)', '2049', '2025-06-22', NULL, 2.5, 8, 2, 1, '2025-06-23 04:58:44', NULL, 5, NULL),
(113, 2, 'AUDITORIA ADMINISTRATIVA', '2050', '2025-06-22', NULL, 4.5, 8, 4, 1, '2025-06-23 04:58:44', NULL, 5, NULL),
(114, 2, 'LABORATORIO DE SPIN-OFF (E)', '2051', '2025-06-22', NULL, 2.5, 8, 2, 1, '2025-06-23 04:58:44', NULL, 5, NULL),
(115, 2, 'PLANEACION Y DIRECCION ESTRATEGICA', '2052', '2025-06-22', NULL, 5.0, 8, 4, 2, '2025-06-23 04:58:44', NULL, 5, NULL),
(116, 2, 'SISTEMAS DE INFORMACION EMPRESARIAL', '2053', '2025-06-22', NULL, 4.5, 8, 4, 1, '2025-06-23 04:58:44', NULL, 5, NULL),
(117, 2, 'ADMINISTRACION DE BRANDING Y PATENTES (E)', '2054', '2025-06-22', NULL, 2.5, 9, 2, 1, '2025-06-23 04:58:44', NULL, 5, NULL),
(118, 2, 'ADMINISTRACION DE EMPRESAS CONSTRUCTORAS (E)', '2055', '2025-06-22', NULL, 2.5, 9, 2, 1, '2025-06-23 04:58:44', NULL, 5, NULL),
(119, 2, 'ADMINISTRACION DE LA RESPONSABILIDAD SOCIAL', '2056', '2025-06-22', NULL, 4.0, 9, 3, 1, '2025-06-23 04:58:44', NULL, 5, NULL),
(120, 2, 'FORMULACION, EVALUACION Y ADMINISTRACION DE PROYECTOS', '2057', '2025-06-22', NULL, 3.0, 9, 2, 2, '2025-06-23 04:58:44', NULL, 5, NULL),
(121, 2, 'LABORATORIO DE INTEGRACION DEL EMPRENDIMIENTO EMPRESARIAL', '2058', '2025-06-22', NULL, 5.5, 9, 4, 2, '2025-06-23 04:58:44', NULL, 5, NULL),
(122, 2, 'PROYECTO DE TESIS DE INVESTIGACION EMPRESARIAL', '2059', '2025-06-22', NULL, 5.0, 9, 4, 1, '2025-06-23 04:58:44', NULL, 5, NULL),
(123, 2, 'ADMINISTRACION DE AGRONEGOCIOS (E)', '2060', '2025-06-22', NULL, 2.5, 10, 2, 1, '2025-06-23 04:58:44', NULL, 5, NULL),
(124, 2, 'ADMINISTRACION DE EMPRESAS MINERAS (E)', '2061', '2025-06-22', NULL, 2.5, 10, 2, 1, '2025-06-23 04:58:44', NULL, 5, NULL),
(125, 2, 'LABORATORIO DE ADMINISTRACION FINANCIERA', '2062', '2025-06-22', NULL, 4.5, 10, 1, 3, '2025-06-23 04:58:44', NULL, 5, NULL),
(126, 2, 'LABORATORIO DE MARKETING', '2063', '2025-06-22', NULL, 4.0, 10, 3, 2, '2025-06-23 04:58:44', NULL, 5, NULL),
(127, 2, 'PRACTICAS PRE PROFESIONALES - EMPRESARIALES', '2064', '2025-06-22', NULL, 4.0, 10, 3, 2, '2025-06-23 04:58:44', NULL, 5, NULL),
(128, 2, 'TESIS EMPRESARIAL', '2065', '2025-06-22', NULL, 5.0, 10, 4, 1, '2025-06-23 04:58:44', NULL, 5, NULL),
(129, 3, 'MATEMÁTICA', '3001', '2025-06-22', NULL, 4.0, 1, 4, 0, '2025-06-23 04:17:21', NULL, 5, NULL),
(130, 3, 'CÁLCULO', '3002', '2025-06-22', NULL, 4.0, 1, 4, 0, '2025-06-23 04:17:21', NULL, 5, NULL),
(131, 3, 'DIBUJO EN INGENIERÍA', '3003', '2025-06-22', NULL, 2.0, 1, 0, 4, '2025-06-23 04:17:21', NULL, 5, NULL),
(132, 3, 'IDENTIDAD Y PERUANIDAD', '3004', '2025-06-22', NULL, 3.0, 1, 3, 0, '2025-06-23 04:17:21', NULL, 5, NULL),
(133, 3, 'INTRODUCCIÓN A LA INGENIERÍA CIVIL', '3005', '2025-06-22', NULL, 2.0, 1, 1, 2, '2025-06-23 04:17:21', NULL, 5, NULL),
(134, 3, 'QUÍMICA', '3006', '2025-06-22', NULL, 2.0, 1, 0, 4, '2025-06-23 04:17:21', NULL, 5, NULL),
(135, 3, 'RESPONSABILIDAD CIUDADANA Y ECOLOGÍA', '3007', '2025-06-22', NULL, 3.0, 1, 3, 0, '2025-06-23 04:17:21', NULL, 5, NULL),
(136, 3, 'ESTADÍSTICA Y PROBABILIDADES', '3008', '2025-06-22', NULL, 4.0, 2, 4, 0, '2025-06-23 04:17:21', NULL, 5, NULL),
(137, 3, 'CÁLCULO INTEGRAL', '3009', '2025-06-22', NULL, 4.0, 2, 3, 1, '2025-06-23 04:17:21', NULL, 5, NULL),
(138, 3, 'CÁLCULO VECTORIAL', '3010', '2025-06-22', NULL, 4.0, 2, 3, 1, '2025-06-23 04:17:21', NULL, 5, NULL),
(139, 3, 'FÍSICA', '3011', '2025-06-22', NULL, 4.0, 2, 4, 0, '2025-06-23 04:17:21', NULL, 5, NULL),
(140, 3, 'TALLER DE LECTURA Y REDACCIÓN', '3012', '2025-06-22', NULL, 3.0, 2, 3, 0, '2025-06-23 04:17:21', NULL, 5, NULL),
(141, 3, 'TALLERES DE DEPORTES', '3013', '2025-06-22', NULL, 1.0, 2, 0, 2, '2025-06-23 04:17:21', NULL, 5, NULL),
(142, 3, 'ESTÁTICA', '3014', '2025-06-22', NULL, 4.0, 3, 2, 2, '2025-06-23 04:17:21', NULL, 5, NULL),
(143, 3, 'FILOSOFÍA Y ÉTICA', '3015', '2025-06-22', NULL, 3.0, 3, 3, 0, '2025-06-23 04:17:21', NULL, 5, NULL),
(144, 3, 'MATEMÁTICA APLICADA A LA INGENIERÍA CIVIL', '3016', '2025-06-22', NULL, 3.0, 3, 3, 0, '2025-06-23 04:17:21', NULL, 5, NULL),
(145, 3, 'MATERIALES DE CONSTRUCCIÓN', '3017', '2025-06-22', NULL, 5.0, 3, 4, 1, '2025-06-23 04:17:21', NULL, 5, NULL),
(146, 3, 'TALLER DE ARTES', '3018', '2025-06-22', NULL, 2.0, 3, 0, 2, '2025-06-23 04:17:21', NULL, 5, NULL),
(147, 3, 'TOPOGRAFÍA I', '3019', '2025-06-22', NULL, 4.0, 3, 2, 2, '2025-06-23 04:17:21', NULL, 5, NULL),
(148, 3, 'DINÁMICA', '3020', '2025-06-22', NULL, 4.0, 4, 2, 2, '2025-06-23 04:17:21', NULL, 5, NULL),
(149, 3, 'TOPOGRAFÍA II', '3021', '2025-06-22', NULL, 3.0, 4, 2, 1, '2025-06-23 04:17:21', NULL, 5, NULL),
(150, 3, 'TECNOLOGÍA DEL CONCRETO I', '3022', '2025-06-22', NULL, 4.0, 4, 3, 1, '2025-06-23 04:17:21', NULL, 5, NULL),
(151, 3, 'FÍSICA: FLUIDOS Y TERMODINÁMICA', '3023', '2025-06-22', NULL, 4.0, 4, 3, 1, '2025-06-23 04:17:21', NULL, 5, NULL),
(152, 3, 'MÉTODOS NUMÉRICOS', '3024', '2025-06-22', NULL, 2.0, 4, 0, 2, '2025-06-23 04:17:21', NULL, 5, NULL),
(153, 3, 'TALLER DE COACHING Y LIDERAZGO', '3025', '2025-06-22', NULL, 3.0, 4, 3, 0, '2025-06-23 04:17:21', NULL, 5, NULL),
(154, 3, 'TALLER DE FELICIDAD Y BIENESTAR', '3026', '2025-06-22', NULL, 3.0, 4, 3, 0, '2025-06-23 04:17:21', NULL, 5, NULL),
(155, 3, 'TALLER DE INTELIGENCIA EMOCIONAL', '3027', '2025-06-22', NULL, 3.0, 4, 3, 0, '2025-06-23 04:17:21', NULL, 5, NULL),
(156, 3, 'RESISTENCIA DE MATERIALES I', '3028', '2025-06-22', NULL, 4.0, 5, 2, 2, '2025-06-23 04:17:21', NULL, 5, NULL),
(157, 3, 'MECÁNICA DE SUELOS I', '3029', '2025-06-22', NULL, 4.0, 5, 2, 2, '2025-06-23 04:17:21', NULL, 5, NULL),
(158, 3, 'CONSTRUCCIÓN I', '3030', '2025-06-22', NULL, 4.0, 5, 2, 2, '2025-06-23 04:17:21', NULL, 5, NULL),
(159, 3, 'MECÁNICA DE FLUIDOS', '3031', '2025-06-22', NULL, 5.0, 5, 4, 1, '2025-06-23 04:17:21', NULL, 5, NULL),
(160, 3, 'TALLER DE ARGUMENTACIÓN', '3032', '2025-06-22', NULL, 2.0, 5, 0, 2, '2025-06-23 04:17:21', NULL, 5, NULL),
(161, 3, 'RESISTENCIA DE MATERIALES II', '3033', '2025-06-22', NULL, 4.0, 6, 2, 2, '2025-06-23 04:17:21', NULL, 5, NULL),
(162, 3, 'CONSTRUCCIÓN II', '3034', '2025-06-22', NULL, 4.0, 6, 3, 1, '2025-06-23 04:17:21', NULL, 5, NULL),
(163, 3, 'GEOLOGÍA', '3035', '2025-06-22', NULL, 2.0, 6, 1, 1, '2025-06-23 04:17:21', NULL, 5, NULL),
(164, 3, 'HIDRÁULICA', '3036', '2025-06-22', NULL, 5.0, 6, 4, 1, '2025-06-23 04:17:21', NULL, 5, NULL),
(165, 3, 'MECÁNICA DE SUELOS II', '3037', '2025-06-22', NULL, 5.0, 6, 4, 1, '2025-06-23 04:17:21', NULL, 5, NULL),
(166, 3, 'INSTALACIONES INTERIORES', '3038', '2025-06-22', NULL, 3.0, 7, 2, 1, '2025-06-23 04:17:21', NULL, 5, NULL),
(167, 3, 'INGENIERÍA DE CIMENTACIONES', '3039', '2025-06-22', NULL, 4.0, 7, 2, 2, '2025-06-23 04:17:21', NULL, 5, NULL),
(168, 3, 'ANÁLISIS ESTRUCTURAL I', '3040', '2025-06-22', NULL, 5.0, 7, 4, 1, '2025-06-23 04:17:21', NULL, 5, NULL),
(169, 3, 'INGENIERÍA DE CARRETERAS I', '3041', '2025-06-22', NULL, 3.0, 7, 2, 1, '2025-06-23 04:17:21', NULL, 5, NULL),
(170, 3, 'INGENIERÍA DE TRÁNSITO', '3042', '2025-06-22', NULL, 2.0, 7, 1, 1, '2025-06-23 04:17:21', NULL, 5, NULL),
(171, 3, 'LEGISLACIÓN EN LA CONSTRUCCIÓN', '3043', '2025-06-22', NULL, 3.0, 7, 2, 1, '2025-06-23 04:17:21', NULL, 5, NULL),
(172, 3, 'CONCRETO ARMADO I', '3044', '2025-06-22', NULL, 4.0, 8, 2, 2, '2025-06-23 04:17:21', NULL, 5, NULL),
(173, 3, 'PAVIMENTOS', '3045', '2025-06-22', NULL, 4.0, 8, 3, 1, '2025-06-23 04:17:21', NULL, 5, NULL),
(174, 3, 'ANÁLISIS ESTRUCTURAL II', '3046', '2025-06-22', NULL, 4.0, 8, 2, 2, '2025-06-23 04:17:21', NULL, 5, NULL),
(175, 3, 'COSTOS EN LA CONSTRUCCIÓN', '3047', '2025-06-22', NULL, 4.0, 8, 3, 1, '2025-06-23 04:17:21', NULL, 5, NULL),
(176, 3, 'HIDROLOGÍA', '3048', '2025-06-22', NULL, 4.0, 8, 3, 1, '2025-06-23 04:17:21', NULL, 5, NULL),
(177, 3, 'CONCRETO ARMADO II', '3049', '2025-06-22', NULL, 4.0, 9, 2, 2, '2025-06-23 04:17:21', NULL, 5, NULL),
(178, 3, 'AEROPUERTOS', '3050', '2025-06-22', NULL, 2.0, 9, 2, 0, '2025-06-23 04:17:21', NULL, 5, NULL),
(179, 3, 'CONCRETO PRESFORZADO', '3051', '2025-06-22', NULL, 2.0, 9, 2, 0, '2025-06-23 04:17:21', NULL, 5, NULL),
(180, 3, 'DISEÑO EN ACERO Y MADERA', '3052', '2025-06-22', NULL, 3.0, 9, 3, 0, '2025-06-23 04:17:21', NULL, 5, NULL),
(181, 3, 'DISEÑO HIDRÁULICO', '3053', '2025-06-22', NULL, 3.0, 9, 2, 1, '2025-06-23 04:17:21', NULL, 5, NULL),
(182, 3, 'GEOTECNIA APLICADA I', '3054', '2025-06-22', NULL, 3.0, 9, 2, 1, '2025-06-23 04:17:21', NULL, 5, NULL),
(183, 3, 'HIDROLOGÍA URBANA', '3055', '2025-06-22', NULL, 2.0, 9, 2, 0, '2025-06-23 04:17:21', NULL, 5, NULL),
(184, 3, 'INGENIERÍA SISMORRESISTENTE', '3056', '2025-06-22', NULL, 4.0, 9, 2, 2, '2025-06-23 04:17:21', NULL, 5, NULL),
(185, 3, 'IRRIGACIONES', '3057', '2025-06-22', NULL, 2.0, 9, 2, 0, '2025-06-23 04:17:21', NULL, 5, NULL),
(186, 3, 'PROGRAMACIÓN DE OBRAS', '3058', '2025-06-22', NULL, 4.0, 9, 3, 1, '2025-06-23 04:17:21', NULL, 5, NULL),
(187, 3, 'SEGURIDAD Y SALUD EN LA CONSTRUCCIÓN', '3059', '2025-06-22', NULL, 3.0, 9, 2, 1, '2025-06-23 04:17:21', NULL, 5, NULL),
(188, 3, 'TECNOLOGÍA DEL CONCRETO II', '3060', '2025-06-22', NULL, 3.0, 9, 2, 1, '2025-06-23 04:17:21', NULL, 5, NULL),
(189, 3, 'ALBAÑILERÍA ESTRUCTURAL', '3061', '2025-06-22', NULL, 4.0, 10, 2, 2, '2025-06-23 04:17:21', NULL, 5, NULL),
(190, 3, 'INGENIERÍA DE PUENTES', '3062', '2025-06-22', NULL, 3.0, 10, 2, 1, '2025-06-23 04:17:21', NULL, 5, NULL),
(191, 3, 'ABASTECIMIENTOS DE AGUA Y ALCANTARILLADO', '3063', '2025-06-22', NULL, 4.0, 10, 3, 1, '2025-06-23 04:17:21', NULL, 5, NULL),
(192, 3, 'ANÁLISIS Y DISEÑO DE SISTEMAS DE PROTECCIÓN SÍSMICA', '3064', '2025-06-22', NULL, 3.0, 10, 2, 1, '2025-06-23 04:17:21', NULL, 5, NULL),
(193, 3, 'INGENIERÍA DE CARRETERAS II', '3065', '2025-06-22', NULL, 3.0, 10, 2, 1, '2025-06-23 04:17:21', NULL, 5, NULL),
(194, 3, 'INGENIERÍA DE TRANSPORTE', '3066', '2025-06-22', NULL, 3.0, 10, 2, 1, '2025-06-23 04:17:21', NULL, 5, NULL),
(195, 3, 'INTRODUCCIÓN A LA GESTIÓN DE RIESGOS', '3067', '2025-06-22', NULL, 3.0, 10, 2, 1, '2025-06-23 04:17:21', NULL, 5, NULL),
(196, 3, 'MÉTODO DE LOS ELEMENTOS FINITOS', '3068', '2025-06-22', NULL, 3.0, 10, 2, 1, '2025-06-23 04:17:21', NULL, 5, NULL),
(197, 3, 'PRESAS Y EMBALSES', '3069', '2025-06-22', NULL, 3.0, 10, 2, 1, '2025-06-23 04:17:21', NULL, 5, NULL),
(198, 3, 'PRODUCTIVIDAD EN LA CONSTRUCCIÓN', '3070', '2025-06-22', NULL, 3.0, 10, 2, 1, '2025-06-23 04:17:21', NULL, 5, NULL),
(199, 3, 'TRABAJO DE TESIS', '3071', '2025-06-22', NULL, 6.0, 10, 1, 5, '2025-06-23 04:17:21', NULL, 5, NULL),
(200, 3, 'TRATAMIENTO DE AGUAS', '3072', '2025-06-22', NULL, 3.0, 10, 2, 1, '2025-06-23 04:17:21', NULL, 5, NULL);

-- --------------------------------------------------------

--
-- Estructura de tabla para la tabla `maeauditoria`
--

CREATE TABLE `maeauditoria` (
  `idAuditoria` int(11) NOT NULL,
  `idUsuario` int(11) DEFAULT NULL,
  `tablaAfectada` varchar(50) NOT NULL,
  `idRegistroAfectado` int(11) NOT NULL,
  `accion` varchar(20) NOT NULL,
  `descripcion` text DEFAULT NULL,
  `fechaAccion` timestamp NOT NULL DEFAULT current_timestamp() ON UPDATE current_timestamp()
) ENGINE=InnoDB DEFAULT CHARSET=utf8mb4 COLLATE=utf8mb4_general_ci;

-- --------------------------------------------------------

--
-- Estructura de tabla para la tabla `maeescuelaprofesional`
--

CREATE TABLE `maeescuelaprofesional` (
  `idEscuela` int(11) NOT NULL,
  `codigoEscuela` varchar(10) NOT NULL,
  `nombreEscuela` varchar(100) NOT NULL
) ENGINE=InnoDB DEFAULT CHARSET=utf8mb4 COLLATE=utf8mb4_general_ci;

--
-- Volcado de datos para la tabla `maeescuelaprofesional`
--

INSERT INTO `maeescuelaprofesional` (`idEscuela`, `codigoEscuela`, `nombreEscuela`) VALUES
(1, '1', 'Escuela Profesional de Ingeniería de Sistemas'),
(2, '2', 'Escuela Profesional de Administración'),
(3, '3', 'Escuela Profesional de Ingeniería Civil');

-- --------------------------------------------------------

--
-- Estructura de tabla para la tabla `maeestadomatricula`
--

CREATE TABLE `maeestadomatricula` (
  `idEstadoMatricula` int(11) NOT NULL,
  `nombre` varchar(30) NOT NULL
) ENGINE=InnoDB DEFAULT CHARSET=utf8mb4 COLLATE=utf8mb4_general_ci;

--
-- Volcado de datos para la tabla `maeestadomatricula`
--

INSERT INTO `maeestadomatricula` (`idEstadoMatricula`, `nombre`) VALUES
(2, 'especial'),
(1, 'normal');

-- --------------------------------------------------------

--
-- Estructura de tabla para la tabla `maeestudiante`
--

CREATE TABLE `maeestudiante` (
  `idEstudiante` int(11) NOT NULL,
  `idUsuario` int(11) DEFAULT NULL,
  `idPlanEstudio` int(11) DEFAULT NULL,
  `anioIngreso` date DEFAULT NULL,
  `anioEgreso` date DEFAULT NULL,
  `estadoAcademico` varchar(30) NOT NULL,
  `creditosBase` decimal(3,1) NOT NULL
) ENGINE=InnoDB DEFAULT CHARSET=utf8mb4 COLLATE=utf8mb4_general_ci;

-- --------------------------------------------------------

--
-- Estructura de tabla para la tabla `maeplanestudio`
--

CREATE TABLE `maeplanestudio` (
  `idPlanEstudio` int(11) NOT NULL,
  `nombre` varchar(50) DEFAULT NULL,
  `anioInicio` int(11) NOT NULL,
  `activo` tinyint(1) NOT NULL,
  `fechaCreacion` timestamp NULL DEFAULT NULL,
  `fechaModificacion` timestamp NULL DEFAULT NULL,
  `usuarioCreacion` int(11) DEFAULT NULL,
  `usuarioModificacion` int(11) DEFAULT NULL
) ENGINE=InnoDB DEFAULT CHARSET=utf8mb4 COLLATE=utf8mb4_general_ci;

--
-- Volcado de datos para la tabla `maeplanestudio`
--

INSERT INTO `maeplanestudio` (`idPlanEstudio`, `nombre`, `anioInicio`, `activo`, `fechaCreacion`, `fechaModificacion`, `usuarioCreacion`, `usuarioModificacion`) VALUES
(1, 'Plan 2025 - Ingeniería de Sistemas', 2025, 1, '2025-06-22 21:14:01', NULL, 5, NULL),
(2, 'Plan 2025 - Administración', 2025, 1, '2025-06-22 21:14:01', NULL, 5, NULL),
(3, 'Plan 2025 - Ingeniería Civil', 2025, 1, '2025-06-22 21:14:01', NULL, 5, NULL);

-- --------------------------------------------------------

--
-- Estructura de tabla para la tabla `maeprerrequisito`
--

CREATE TABLE `maeprerrequisito` (
  `idPrerrequisito` int(11) NOT NULL,
  `idAsignatura` int(11) DEFAULT NULL,
  `idAsignaturaReq` int(11) DEFAULT NULL
) ENGINE=InnoDB DEFAULT CHARSET=utf8mb4 COLLATE=utf8mb4_general_ci;

--
-- Volcado de datos para la tabla `maeprerrequisito`
--

INSERT INTO `maeprerrequisito` (`idPrerrequisito`, `idAsignatura`, `idAsignaturaReq`) VALUES
(1, 12, 7),
(2, 13, 8),
(3, 14, 10),
(4, 15, 10),
(5, 26, 21),
(6, 27, 20),
(7, 28, 20),
(8, 29, 23),
(9, 31, 28),
(10, 32, 26),
(11, 33, 13),
(12, 34, 26),
(13, 36, 30),
(14, 37, 15),
(15, 39, 34),
(16, 40, 26),
(17, 44, 36),
(18, 45, 32),
(19, 47, 32),
(20, 50, 36),
(21, 51, 26),
(22, 52, 44),
(23, 53, 28),
(24, 54, 37),
(25, 56, 45),
(26, 58, 45),
(27, 59, 52),
(28, 60, 51),
(29, 61, 52),
(30, 61, 47),
(31, 86, 79),
(32, 101, 79),
(33, 109, 79),
(34, 125, 104),
(35, 126, 109),
(36, 136, 130),
(37, 142, 137),
(38, 142, 134),
(39, 144, 137),
(40, 144, 138),
(41, 145, 133),
(42, 149, 147),
(43, 150, 145),
(44, 151, 134),
(45, 152, 138),
(46, 156, 142),
(47, 157, 142),
(48, 158, 150),
(49, 159, 148),
(50, 161, 156),
(51, 162, 158),
(52, 163, 149),
(53, 164, 159),
(54, 165, 157),
(55, 166, 164),
(56, 167, 165),
(57, 168, 161),
(58, 169, 163),
(59, 171, 162),
(60, 172, 168),
(61, 173, 165),
(62, 174, 168),
(63, 175, 162),
(64, 176, 164),
(65, 177, 172),
(66, 178, 173),
(67, 178, 172),
(68, 179, 172),
(69, 180, 168),
(70, 181, 176),
(71, 182, 167),
(72, 183, 176),
(73, 184, 174),
(74, 185, 176),
(75, 186, 175),
(76, 187, 171),
(77, 188, 150),
(78, 189, 174),
(79, 190, 174),
(80, 191, 181),
(81, 192, 184),
(82, 193, 169),
(83, 194, 170),
(84, 196, 174),
(85, 197, 181),
(86, 198, 181),
(87, 198, 186),
(88, 200, 181);

-- --------------------------------------------------------

--
-- Estructura de tabla para la tabla `maerol`
--

CREATE TABLE `maerol` (
  `idRol` int(11) NOT NULL,
  `nombre` varchar(50) NOT NULL
) ENGINE=InnoDB DEFAULT CHARSET=utf8mb4 COLLATE=utf8mb4_general_ci;

--
-- Volcado de datos para la tabla `maerol`
--

INSERT INTO `maerol` (`idRol`, `nombre`) VALUES
(1, 'Estudiante'),
(2, 'Docente'),
(3, 'Administrador');

-- --------------------------------------------------------

--
-- Estructura de tabla para la tabla `maesalon`
--

CREATE TABLE `maesalon` (
  `idSalon` int(11) NOT NULL,
  `codigo` varchar(20) NOT NULL,
  `capacidad` int(11) NOT NULL,
  `equipamiento` varchar(200) DEFAULT NULL,
  `estado` varchar(30) NOT NULL,
  `fechaCreacion` timestamp NULL DEFAULT NULL,
  `fechaModificacion` timestamp NULL DEFAULT NULL,
  `usuarioCreacion` int(11) DEFAULT NULL,
  `usuarioModificacion` int(11) DEFAULT NULL
) ENGINE=InnoDB DEFAULT CHARSET=utf8mb4 COLLATE=utf8mb4_general_ci;

--
-- Volcado de datos para la tabla `maesalon`
--

INSERT INTO `maesalon` (`idSalon`, `codigo`, `capacidad`, `equipamiento`, `estado`, `fechaCreacion`, `fechaModificacion`, `usuarioCreacion`, `usuarioModificacion`) VALUES
(1, 'A101', 40, 'proyector, pizarra, AP, parlantes, pc', 'activo', '2025-06-23 02:16:16', '0000-00-00 00:00:00', 5, NULL),
(2, 'A102', 40, 'proyector, pizarra, AP, parlantes, pc', 'activo', '2025-06-23 02:16:16', '0000-00-00 00:00:00', 5, NULL),
(3, 'A103', 40, 'proyector, pizarra, AP, parlantes, pc', 'activo', '2025-06-23 02:16:16', '0000-00-00 00:00:00', 5, NULL),
(4, 'A104', 40, 'proyector, pizarra, AP, parlantes, pc', 'activo', '2025-06-23 02:16:16', '0000-00-00 00:00:00', 5, NULL),
(5, 'A105', 40, 'proyector, pizarra, AP, parlantes, pc', 'activo', '2025-06-23 02:16:16', '0000-00-00 00:00:00', 5, NULL),
(6, 'A106', 40, 'proyector, pizarra, AP, parlantes, pc', 'activo', '2025-06-23 02:16:16', '0000-00-00 00:00:00', 5, NULL),
(7, 'A107', 40, 'proyector, pizarra, AP, parlantes, pc', 'activo', '2025-06-23 02:16:16', '0000-00-00 00:00:00', 5, NULL),
(8, 'A108', 40, 'proyector, pizarra, AP, parlantes, pc', 'activo', '2025-06-23 02:16:16', '0000-00-00 00:00:00', 5, NULL),
(9, 'A109', 40, 'proyector, pizarra, AP, parlantes, pc', 'activo', '2025-06-23 02:16:16', '0000-00-00 00:00:00', 5, NULL),
(10, 'A110', 40, 'proyector, pizarra, AP, parlantes, pc', 'activo', '2025-06-23 02:16:16', '0000-00-00 00:00:00', 5, NULL),
(11, 'A201', 40, 'proyector, pizarra, AP, parlantes, pc', 'activo', '2025-06-23 02:16:16', '0000-00-00 00:00:00', 5, NULL),
(12, 'A202', 40, 'proyector, pizarra, AP, parlantes, pc', 'activo', '2025-06-23 02:16:16', '0000-00-00 00:00:00', 5, NULL),
(13, 'A203', 40, 'proyector, pizarra, AP, parlantes, pc', 'activo', '2025-06-23 02:16:16', '0000-00-00 00:00:00', 5, NULL),
(14, 'A204', 40, 'proyector, pizarra, AP, parlantes, pc', 'activo', '2025-06-23 02:16:16', '0000-00-00 00:00:00', 5, NULL),
(15, 'A205', 40, 'proyector, pizarra, AP, parlantes, pc', 'activo', '2025-06-23 02:16:16', '0000-00-00 00:00:00', 5, NULL),
(16, 'A206', 40, 'proyector, pizarra, AP, parlantes, pc', 'activo', '2025-06-23 02:16:16', '0000-00-00 00:00:00', 5, NULL),
(17, 'A207', 40, 'proyector, pizarra, AP, parlantes, pc', 'activo', '2025-06-23 02:16:16', '0000-00-00 00:00:00', 5, NULL),
(18, 'A208', 40, 'proyector, pizarra, AP, parlantes, pc', 'activo', '2025-06-23 02:16:16', '0000-00-00 00:00:00', 5, NULL),
(19, 'A209', 40, 'proyector, pizarra, AP, parlantes, pc', 'activo', '2025-06-23 02:16:16', '0000-00-00 00:00:00', 5, NULL),
(20, 'A210', 40, 'proyector, pizarra, AP, parlantes, pc', 'activo', '2025-06-23 02:16:16', '0000-00-00 00:00:00', 5, NULL),
(21, 'A301', 40, 'proyector, pizarra, AP, parlantes, pc', 'activo', '2025-06-23 02:16:16', '0000-00-00 00:00:00', 5, NULL),
(22, 'A302', 40, 'proyector, pizarra, AP, parlantes, pc', 'activo', '2025-06-23 02:16:16', '0000-00-00 00:00:00', 5, NULL),
(23, 'A303', 40, 'proyector, pizarra, AP, parlantes, pc', 'activo', '2025-06-23 02:16:16', '0000-00-00 00:00:00', 5, NULL),
(24, 'A304', 40, 'proyector, pizarra, AP, parlantes, pc', 'activo', '2025-06-23 02:16:16', '0000-00-00 00:00:00', 5, NULL),
(25, 'A305', 40, 'proyector, pizarra, AP, parlantes, pc', 'activo', '2025-06-23 02:16:16', '0000-00-00 00:00:00', 5, NULL),
(26, 'A306', 40, 'proyector, pizarra, AP, parlantes, pc', 'activo', '2025-06-23 02:16:16', '0000-00-00 00:00:00', 5, NULL),
(27, 'A307', 40, 'proyector, pizarra, AP, parlantes, pc', 'activo', '2025-06-23 02:16:16', '0000-00-00 00:00:00', 5, NULL),
(28, 'A308', 40, 'proyector, pizarra, AP, parlantes, pc', 'activo', '2025-06-23 02:16:16', '0000-00-00 00:00:00', 5, NULL),
(29, 'A309', 40, 'proyector, pizarra, AP, parlantes, pc', 'activo', '2025-06-23 02:16:16', '0000-00-00 00:00:00', 5, NULL),
(30, 'A310', 40, 'proyector, pizarra, AP, parlantes, pc', 'activo', '2025-06-23 02:16:16', '0000-00-00 00:00:00', 5, NULL),
(31, 'A401', 40, 'proyector, pizarra, AP, parlantes, pc', 'activo', '2025-06-23 02:16:16', '0000-00-00 00:00:00', 5, NULL),
(32, 'A402', 40, 'proyector, pizarra, AP, parlantes, pc', 'activo', '2025-06-23 02:16:16', '0000-00-00 00:00:00', 5, NULL),
(33, 'A403', 40, 'proyector, pizarra, AP, parlantes, pc', 'activo', '2025-06-23 02:16:16', '0000-00-00 00:00:00', 5, NULL),
(34, 'A404', 40, 'proyector, pizarra, AP, parlantes, pc', 'activo', '2025-06-23 02:16:16', '0000-00-00 00:00:00', 5, NULL),
(35, 'A405', 40, 'proyector, pizarra, AP, parlantes, pc', 'activo', '2025-06-23 02:16:16', '0000-00-00 00:00:00', 5, NULL),
(36, 'A406', 40, 'proyector, pizarra, AP, parlantes, pc', 'activo', '2025-06-23 02:16:16', '0000-00-00 00:00:00', 5, NULL),
(37, 'A407', 40, 'proyector, pizarra, AP, parlantes, pc', 'activo', '2025-06-23 02:16:16', '0000-00-00 00:00:00', 5, NULL),
(38, 'A408', 40, 'proyector, pizarra, AP, parlantes, pc', 'activo', '2025-06-23 02:16:16', '0000-00-00 00:00:00', 5, NULL),
(39, 'A409', 40, 'proyector, pizarra, AP, parlantes, pc', 'activo', '2025-06-23 02:16:16', '0000-00-00 00:00:00', 5, NULL),
(40, 'A410', 40, 'proyector, pizarra, AP, parlantes, pc', 'activo', '2025-06-23 02:16:16', '0000-00-00 00:00:00', 5, NULL),
(41, 'B101', 40, 'proyector, pizarra, AP, parlantes, pc', 'activo', '2025-06-23 02:16:16', '0000-00-00 00:00:00', 5, NULL),
(42, 'B102', 40, 'proyector, pizarra, AP, parlantes, pc', 'activo', '2025-06-23 02:16:16', '0000-00-00 00:00:00', 5, NULL),
(43, 'B103', 40, 'proyector, pizarra, AP, parlantes, pc', 'activo', '2025-06-23 02:16:16', '0000-00-00 00:00:00', 5, NULL),
(44, 'B104', 40, 'proyector, pizarra, AP, parlantes, pc', 'activo', '2025-06-23 02:16:16', '0000-00-00 00:00:00', 5, NULL),
(45, 'B105', 40, 'proyector, pizarra, AP, parlantes, pc', 'activo', '2025-06-23 02:16:16', '0000-00-00 00:00:00', 5, NULL),
(46, 'B106', 40, 'proyector, pizarra, AP, parlantes, pc', 'activo', '2025-06-23 02:16:16', '0000-00-00 00:00:00', 5, NULL),
(47, 'B107', 40, 'proyector, pizarra, AP, parlantes, pc', 'activo', '2025-06-23 02:16:16', '0000-00-00 00:00:00', 5, NULL),
(48, 'B108', 40, 'proyector, pizarra, AP, parlantes, pc', 'activo', '2025-06-23 02:16:16', '0000-00-00 00:00:00', 5, NULL),
(49, 'B109', 40, 'proyector, pizarra, AP, parlantes, pc', 'activo', '2025-06-23 02:16:16', '0000-00-00 00:00:00', 5, NULL),
(50, 'B110', 40, 'proyector, pizarra, AP, parlantes, pc', 'activo', '2025-06-23 02:16:16', '0000-00-00 00:00:00', 5, NULL),
(51, 'B201', 40, 'proyector, pizarra, AP, parlantes, pc', 'activo', '2025-06-23 02:16:16', '0000-00-00 00:00:00', 5, NULL),
(52, 'B202', 40, 'proyector, pizarra, AP, parlantes, pc', 'activo', '2025-06-23 02:16:16', '0000-00-00 00:00:00', 5, NULL),
(53, 'B203', 40, 'proyector, pizarra, AP, parlantes, pc', 'activo', '2025-06-23 02:16:16', '0000-00-00 00:00:00', 5, NULL),
(54, 'B204', 40, 'proyector, pizarra, AP, parlantes, pc', 'activo', '2025-06-23 02:16:16', '0000-00-00 00:00:00', 5, NULL),
(55, 'B205', 40, 'proyector, pizarra, AP, parlantes, pc', 'activo', '2025-06-23 02:16:16', '0000-00-00 00:00:00', 5, NULL),
(56, 'B206', 40, 'proyector, pizarra, AP, parlantes, pc', 'activo', '2025-06-23 02:16:16', '0000-00-00 00:00:00', 5, NULL),
(57, 'B207', 40, 'proyector, pizarra, AP, parlantes, pc', 'activo', '2025-06-23 02:16:16', '0000-00-00 00:00:00', 5, NULL),
(58, 'B208', 40, 'proyector, pizarra, AP, parlantes, pc', 'activo', '2025-06-23 02:16:16', '0000-00-00 00:00:00', 5, NULL),
(59, 'B209', 40, 'proyector, pizarra, AP, parlantes, pc', 'activo', '2025-06-23 02:16:16', '0000-00-00 00:00:00', 5, NULL),
(60, 'B210', 40, 'proyector, pizarra, AP, parlantes, pc', 'activo', '2025-06-23 02:16:16', '0000-00-00 00:00:00', 5, NULL),
(61, 'B301', 40, 'proyector, pizarra, AP, parlantes, pc', 'activo', '2025-06-23 02:16:16', '0000-00-00 00:00:00', 5, NULL),
(62, 'B302', 40, 'proyector, pizarra, AP, parlantes, pc', 'activo', '2025-06-23 02:16:16', '0000-00-00 00:00:00', 5, NULL),
(63, 'B303', 40, 'proyector, pizarra, AP, parlantes, pc', 'activo', '2025-06-23 02:16:16', '0000-00-00 00:00:00', 5, NULL),
(64, 'B304', 40, 'proyector, pizarra, AP, parlantes, pc', 'activo', '2025-06-23 02:16:16', '0000-00-00 00:00:00', 5, NULL),
(65, 'B305', 40, 'proyector, pizarra, AP, parlantes, pc', 'activo', '2025-06-23 02:16:16', '0000-00-00 00:00:00', 5, NULL),
(66, 'B306', 40, 'proyector, pizarra, AP, parlantes, pc', 'activo', '2025-06-23 02:16:16', '0000-00-00 00:00:00', 5, NULL),
(67, 'B307', 40, 'proyector, pizarra, AP, parlantes, pc', 'activo', '2025-06-23 02:16:16', '0000-00-00 00:00:00', 5, NULL),
(68, 'B308', 40, 'proyector, pizarra, AP, parlantes, pc', 'activo', '2025-06-23 02:16:16', '0000-00-00 00:00:00', 5, NULL),
(69, 'B309', 40, 'proyector, pizarra, AP, parlantes, pc', 'activo', '2025-06-23 02:16:16', '0000-00-00 00:00:00', 5, NULL),
(70, 'B310', 40, 'proyector, pizarra, AP, parlantes, pc', 'activo', '2025-06-23 02:16:16', '0000-00-00 00:00:00', 5, NULL),
(71, 'B401', 40, 'proyector, pizarra, AP, parlantes, pc', 'activo', '2025-06-23 02:16:16', '0000-00-00 00:00:00', 5, NULL),
(72, 'B402', 40, 'proyector, pizarra, AP, parlantes, pc', 'activo', '2025-06-23 02:16:16', '0000-00-00 00:00:00', 5, NULL),
(73, 'B403', 40, 'proyector, pizarra, AP, parlantes, pc', 'activo', '2025-06-23 02:16:16', '0000-00-00 00:00:00', 5, NULL),
(74, 'B404', 40, 'proyector, pizarra, AP, parlantes, pc', 'activo', '2025-06-23 02:16:16', '0000-00-00 00:00:00', 5, NULL),
(75, 'B405', 40, 'proyector, pizarra, AP, parlantes, pc', 'activo', '2025-06-23 02:16:16', '0000-00-00 00:00:00', 5, NULL),
(76, 'B406', 40, 'proyector, pizarra, AP, parlantes, pc', 'activo', '2025-06-23 02:16:16', '0000-00-00 00:00:00', 5, NULL),
(77, 'B407', 40, 'proyector, pizarra, AP, parlantes, pc', 'activo', '2025-06-23 02:16:16', '0000-00-00 00:00:00', 5, NULL),
(78, 'B408', 40, 'proyector, pizarra, AP, parlantes, pc', 'activo', '2025-06-23 02:16:16', '0000-00-00 00:00:00', 5, NULL),
(79, 'B409', 40, 'proyector, pizarra, AP, parlantes, pc', 'activo', '2025-06-23 02:16:16', '0000-00-00 00:00:00', 5, NULL),
(80, 'B410', 40, 'proyector, pizarra, AP, parlantes, pc', 'activo', '2025-06-23 02:16:16', '0000-00-00 00:00:00', 5, NULL),
(81, 'C101', 40, 'proyector, pizarra, AP, parlantes, pc', 'activo', '2025-06-23 02:16:16', '0000-00-00 00:00:00', 5, NULL),
(82, 'C102', 40, 'proyector, pizarra, AP, parlantes, pc', 'activo', '2025-06-23 02:16:16', '0000-00-00 00:00:00', 5, NULL),
(83, 'C103', 40, 'proyector, pizarra, AP, parlantes, pc', 'activo', '2025-06-23 02:16:16', '0000-00-00 00:00:00', 5, NULL),
(84, 'C104', 40, 'proyector, pizarra, AP, parlantes, pc', 'activo', '2025-06-23 02:16:16', '0000-00-00 00:00:00', 5, NULL),
(85, 'C105', 40, 'proyector, pizarra, AP, parlantes, pc', 'activo', '2025-06-23 02:16:16', '0000-00-00 00:00:00', 5, NULL),
(86, 'C106', 40, 'proyector, pizarra, AP, parlantes, pc', 'activo', '2025-06-23 02:16:16', '0000-00-00 00:00:00', 5, NULL),
(87, 'C107', 40, 'proyector, pizarra, AP, parlantes, pc', 'activo', '2025-06-23 02:16:16', '0000-00-00 00:00:00', 5, NULL),
(88, 'C108', 40, 'proyector, pizarra, AP, parlantes, pc', 'activo', '2025-06-23 02:16:16', '0000-00-00 00:00:00', 5, NULL),
(89, 'C109', 40, 'proyector, pizarra, AP, parlantes, pc', 'activo', '2025-06-23 02:16:16', '0000-00-00 00:00:00', 5, NULL),
(90, 'C110', 40, 'proyector, pizarra, AP, parlantes, pc', 'activo', '2025-06-23 02:16:16', '0000-00-00 00:00:00', 5, NULL),
(91, 'C201', 40, 'proyector, pizarra, AP, parlantes, pc', 'activo', '2025-06-23 02:16:16', '0000-00-00 00:00:00', 5, NULL),
(92, 'C202', 40, 'proyector, pizarra, AP, parlantes, pc', 'activo', '2025-06-23 02:16:16', '0000-00-00 00:00:00', 5, NULL),
(93, 'C203', 40, 'proyector, pizarra, AP, parlantes, pc', 'activo', '2025-06-23 02:16:16', '0000-00-00 00:00:00', 5, NULL),
(94, 'C204', 40, 'proyector, pizarra, AP, parlantes, pc', 'activo', '2025-06-23 02:16:16', '0000-00-00 00:00:00', 5, NULL),
(95, 'C205', 40, 'proyector, pizarra, AP, parlantes, pc', 'activo', '2025-06-23 02:16:16', '0000-00-00 00:00:00', 5, NULL),
(96, 'C206', 40, 'proyector, pizarra, AP, parlantes, pc', 'activo', '2025-06-23 02:16:16', '0000-00-00 00:00:00', 5, NULL),
(97, 'C207', 40, 'proyector, pizarra, AP, parlantes, pc', 'activo', '2025-06-23 02:16:16', '0000-00-00 00:00:00', 5, NULL),
(98, 'C208', 40, 'proyector, pizarra, AP, parlantes, pc', 'activo', '2025-06-23 02:16:16', '0000-00-00 00:00:00', 5, NULL),
(99, 'C209', 40, 'proyector, pizarra, AP, parlantes, pc', 'activo', '2025-06-23 02:16:16', '0000-00-00 00:00:00', 5, NULL),
(100, 'C210', 40, 'proyector, pizarra, AP, parlantes, pc', 'activo', '2025-06-23 02:16:16', '0000-00-00 00:00:00', 5, NULL),
(101, 'C301', 40, 'proyector, pizarra, AP, parlantes, pc', 'activo', '2025-06-23 02:16:16', '0000-00-00 00:00:00', 5, NULL),
(102, 'C302', 40, 'proyector, pizarra, AP, parlantes, pc', 'activo', '2025-06-23 02:16:16', '0000-00-00 00:00:00', 5, NULL),
(103, 'C303', 40, 'proyector, pizarra, AP, parlantes, pc', 'activo', '2025-06-23 02:16:16', '0000-00-00 00:00:00', 5, NULL),
(104, 'C304', 40, 'proyector, pizarra, AP, parlantes, pc', 'activo', '2025-06-23 02:16:16', '0000-00-00 00:00:00', 5, NULL),
(105, 'C305', 40, 'proyector, pizarra, AP, parlantes, pc', 'activo', '2025-06-23 02:16:16', '0000-00-00 00:00:00', 5, NULL),
(106, 'C306', 40, 'proyector, pizarra, AP, parlantes, pc', 'activo', '2025-06-23 02:16:16', '0000-00-00 00:00:00', 5, NULL),
(107, 'C307', 40, 'proyector, pizarra, AP, parlantes, pc', 'activo', '2025-06-23 02:16:16', '0000-00-00 00:00:00', 5, NULL),
(108, 'C308', 40, 'proyector, pizarra, AP, parlantes, pc', 'activo', '2025-06-23 02:16:16', '0000-00-00 00:00:00', 5, NULL),
(109, 'C309', 40, 'proyector, pizarra, AP, parlantes, pc', 'activo', '2025-06-23 02:16:16', '0000-00-00 00:00:00', 5, NULL),
(110, 'C310', 40, 'proyector, pizarra, AP, parlantes, pc', 'activo', '2025-06-23 02:16:16', '0000-00-00 00:00:00', 5, NULL),
(111, 'C401', 40, 'proyector, pizarra, AP, parlantes, pc', 'activo', '2025-06-23 02:16:16', '0000-00-00 00:00:00', 5, NULL),
(112, 'C402', 40, 'proyector, pizarra, AP, parlantes, pc', 'activo', '2025-06-23 02:16:16', '0000-00-00 00:00:00', 5, NULL),
(113, 'C403', 40, 'proyector, pizarra, AP, parlantes, pc', 'activo', '2025-06-23 02:16:16', '0000-00-00 00:00:00', 5, NULL),
(114, 'C404', 40, 'proyector, pizarra, AP, parlantes, pc', 'activo', '2025-06-23 02:16:16', '0000-00-00 00:00:00', 5, NULL),
(115, 'C405', 40, 'proyector, pizarra, AP, parlantes, pc', 'activo', '2025-06-23 02:16:16', '0000-00-00 00:00:00', 5, NULL),
(116, 'C406', 40, 'proyector, pizarra, AP, parlantes, pc', 'activo', '2025-06-23 02:16:16', '0000-00-00 00:00:00', 5, NULL),
(117, 'C407', 40, 'proyector, pizarra, AP, parlantes, pc', 'activo', '2025-06-23 02:16:16', '0000-00-00 00:00:00', 5, NULL),
(118, 'C408', 40, 'proyector, pizarra, AP, parlantes, pc', 'activo', '2025-06-23 02:16:16', '0000-00-00 00:00:00', 5, NULL),
(119, 'C409', 40, 'proyector, pizarra, AP, parlantes, pc', 'activo', '2025-06-23 02:16:16', '0000-00-00 00:00:00', 5, NULL),
(120, 'C410', 40, 'proyector, pizarra, AP, parlantes, pc', 'activo', '2025-06-23 02:16:16', '0000-00-00 00:00:00', 5, NULL),
(121, 'D101', 40, 'proyector, pizarra, AP, parlantes, pc', 'activo', '2025-06-23 02:16:16', '0000-00-00 00:00:00', 5, NULL),
(122, 'D102', 40, 'proyector, pizarra, AP, parlantes, pc', 'activo', '2025-06-23 02:16:16', '0000-00-00 00:00:00', 5, NULL),
(123, 'D103', 40, 'proyector, pizarra, AP, parlantes, pc', 'activo', '2025-06-23 02:16:16', '0000-00-00 00:00:00', 5, NULL),
(124, 'D104', 40, 'proyector, pizarra, AP, parlantes, pc', 'activo', '2025-06-23 02:16:16', '0000-00-00 00:00:00', 5, NULL),
(125, 'D105', 40, 'proyector, pizarra, AP, parlantes, pc', 'activo', '2025-06-23 02:16:16', '0000-00-00 00:00:00', 5, NULL),
(126, 'D106', 40, 'proyector, pizarra, AP, parlantes, pc', 'activo', '2025-06-23 02:16:16', '0000-00-00 00:00:00', 5, NULL),
(127, 'D107', 40, 'proyector, pizarra, AP, parlantes, pc', 'activo', '2025-06-23 02:16:16', '0000-00-00 00:00:00', 5, NULL),
(128, 'D108', 40, 'proyector, pizarra, AP, parlantes, pc', 'activo', '2025-06-23 02:16:16', '0000-00-00 00:00:00', 5, NULL),
(129, 'D109', 40, 'proyector, pizarra, AP, parlantes, pc', 'activo', '2025-06-23 02:16:16', '0000-00-00 00:00:00', 5, NULL),
(130, 'D110', 40, 'proyector, pizarra, AP, parlantes, pc', 'activo', '2025-06-23 02:16:16', '0000-00-00 00:00:00', 5, NULL),
(131, 'D201', 40, 'proyector, pizarra, AP, parlantes, pc', 'activo', '2025-06-23 02:16:16', '0000-00-00 00:00:00', 5, NULL),
(132, 'D202', 40, 'proyector, pizarra, AP, parlantes, pc', 'activo', '2025-06-23 02:16:16', '0000-00-00 00:00:00', 5, NULL),
(133, 'D203', 40, 'proyector, pizarra, AP, parlantes, pc', 'activo', '2025-06-23 02:16:16', '0000-00-00 00:00:00', 5, NULL),
(134, 'D204', 40, 'proyector, pizarra, AP, parlantes, pc', 'activo', '2025-06-23 02:16:16', '0000-00-00 00:00:00', 5, NULL),
(135, 'D205', 40, 'proyector, pizarra, AP, parlantes, pc', 'activo', '2025-06-23 02:16:16', '0000-00-00 00:00:00', 5, NULL),
(136, 'D206', 40, 'proyector, pizarra, AP, parlantes, pc', 'activo', '2025-06-23 02:16:16', '0000-00-00 00:00:00', 5, NULL),
(137, 'D207', 40, 'proyector, pizarra, AP, parlantes, pc', 'activo', '2025-06-23 02:16:16', '0000-00-00 00:00:00', 5, NULL),
(138, 'D208', 40, 'proyector, pizarra, AP, parlantes, pc', 'activo', '2025-06-23 02:16:16', '0000-00-00 00:00:00', 5, NULL),
(139, 'D209', 40, 'proyector, pizarra, AP, parlantes, pc', 'activo', '2025-06-23 02:16:16', '0000-00-00 00:00:00', 5, NULL),
(140, 'D210', 40, 'proyector, pizarra, AP, parlantes, pc', 'activo', '2025-06-23 02:16:16', '0000-00-00 00:00:00', 5, NULL),
(141, 'D301', 40, 'proyector, pizarra, AP, parlantes, pc', 'activo', '2025-06-23 02:16:16', '0000-00-00 00:00:00', 5, NULL),
(142, 'D302', 40, 'proyector, pizarra, AP, parlantes, pc', 'activo', '2025-06-23 02:16:16', '0000-00-00 00:00:00', 5, NULL),
(143, 'D303', 40, 'proyector, pizarra, AP, parlantes, pc', 'activo', '2025-06-23 02:16:16', '0000-00-00 00:00:00', 5, NULL),
(144, 'D304', 40, 'proyector, pizarra, AP, parlantes, pc', 'activo', '2025-06-23 02:16:16', '0000-00-00 00:00:00', 5, NULL),
(145, 'D305', 40, 'proyector, pizarra, AP, parlantes, pc', 'activo', '2025-06-23 02:16:16', '0000-00-00 00:00:00', 5, NULL),
(146, 'D306', 40, 'proyector, pizarra, AP, parlantes, pc', 'activo', '2025-06-23 02:16:16', '0000-00-00 00:00:00', 5, NULL),
(147, 'D307', 40, 'proyector, pizarra, AP, parlantes, pc', 'activo', '2025-06-23 02:16:16', '0000-00-00 00:00:00', 5, NULL),
(148, 'D308', 40, 'proyector, pizarra, AP, parlantes, pc', 'activo', '2025-06-23 02:16:16', '0000-00-00 00:00:00', 5, NULL),
(149, 'D309', 40, 'proyector, pizarra, AP, parlantes, pc', 'activo', '2025-06-23 02:16:16', '0000-00-00 00:00:00', 5, NULL),
(150, 'D310', 40, 'proyector, pizarra, AP, parlantes, pc', 'activo', '2025-06-23 02:16:16', '0000-00-00 00:00:00', 5, NULL),
(151, 'D401', 40, 'proyector, pizarra, AP, parlantes, pc', 'activo', '2025-06-23 02:16:16', '0000-00-00 00:00:00', 5, NULL),
(152, 'D402', 40, 'proyector, pizarra, AP, parlantes, pc', 'activo', '2025-06-23 02:16:16', '0000-00-00 00:00:00', 5, NULL),
(153, 'D403', 40, 'proyector, pizarra, AP, parlantes, pc', 'activo', '2025-06-23 02:16:16', '0000-00-00 00:00:00', 5, NULL),
(154, 'D404', 40, 'proyector, pizarra, AP, parlantes, pc', 'activo', '2025-06-23 02:16:16', '0000-00-00 00:00:00', 5, NULL),
(155, 'D405', 40, 'proyector, pizarra, AP, parlantes, pc', 'activo', '2025-06-23 02:16:16', '0000-00-00 00:00:00', 5, NULL),
(156, 'D406', 40, 'proyector, pizarra, AP, parlantes, pc', 'activo', '2025-06-23 02:16:16', '0000-00-00 00:00:00', 5, NULL),
(157, 'D407', 40, 'proyector, pizarra, AP, parlantes, pc', 'activo', '2025-06-23 02:16:16', '0000-00-00 00:00:00', 5, NULL),
(158, 'D408', 40, 'proyector, pizarra, AP, parlantes, pc', 'activo', '2025-06-23 02:16:16', '0000-00-00 00:00:00', 5, NULL),
(159, 'D409', 40, 'proyector, pizarra, AP, parlantes, pc', 'activo', '2025-06-23 02:16:16', '0000-00-00 00:00:00', 5, NULL),
(160, 'D410', 40, 'proyector, pizarra, AP, parlantes, pc', 'activo', '2025-06-23 02:16:16', '0000-00-00 00:00:00', 5, NULL);

-- --------------------------------------------------------

--
-- Estructura de tabla para la tabla `maeusuario`
--

CREATE TABLE `maeusuario` (
  `idUsuario` int(11) NOT NULL,
  `idRol` int(11) DEFAULT NULL,
  `nombre` varchar(30) NOT NULL,
  `apellidoMaterno` varchar(30) NOT NULL,
  `apellidoPaterno` varchar(30) NOT NULL,
  `correo` varchar(50) NOT NULL,
  `password` varchar(30) NOT NULL,
  `estado` varchar(20) NOT NULL,
  `fechaCreacion` timestamp NULL DEFAULT NULL,
  `fechaModificacion` timestamp NULL DEFAULT NULL
) ENGINE=InnoDB DEFAULT CHARSET=utf8mb4 COLLATE=utf8mb4_general_ci;

--
-- Volcado de datos para la tabla `maeusuario`
--

INSERT INTO `maeusuario` (`idUsuario`, `idRol`, `nombre`, `apellidoMaterno`, `apellidoPaterno`, `correo`, `password`, `estado`, `fechaCreacion`, `fechaModificacion`) VALUES
(1, 1, 'Mauricio Paolo', 'Franco', 'Lazo', 'mauricio.lazo@leonesco.edu.pe', 'mauriciolazo123', 'activo', '2025-06-22 18:14:24', '2025-06-22 18:14:24'),
(2, 1, 'Ivan Edgardo', 'Mamani', 'Reaño', 'ivan.reano@leonesco.edu.pe', 'ivanreano123', 'activo', '2025-06-22 18:14:24', '2025-06-22 18:14:24'),
(3, 1, 'Leonardo Oliver', 'Santamarina', 'Lonasco', 'leonardo.lonasco@leonesco.edu.pe', 'leonardolonasco123', 'activo', '2025-06-22 18:14:24', '2025-06-22 18:14:24'),
(4, 2, 'Dely Marysheck', 'Lazo', 'Barreda', 'dely.lazo@leonesco.edu.pe', 'delylazo123', 'activo', '2025-06-22 18:33:11', '2025-06-22 18:33:11'),
(5, 3, 'Angel Felipe', 'Montesinos', 'Murillo', 'angel.montesinos@leonesco.edu.pe', 'angelmontesinos123', 'activo', '2025-06-22 18:33:11', '2025-06-22 18:33:11');

-- --------------------------------------------------------

--
-- Estructura de tabla para la tabla `transasignacioncurso`
--

CREATE TABLE `transasignacioncurso` (
  `idAsignacion` int(11) NOT NULL,
  `idAsignatura` int(11) DEFAULT NULL,
  `idDocente` int(11) DEFAULT NULL,
  `idSalon` int(11) DEFAULT NULL,
  `periodo` varchar(10) NOT NULL,
  `seccion` varchar(2) NOT NULL,
  `grupo` varchar(5) NOT NULL,
  `fechaCreacion` timestamp NULL DEFAULT NULL,
  `fechaModificacion` timestamp NULL DEFAULT NULL,
  `usuarioCreacion` int(11) DEFAULT NULL,
  `usuarioModificacion` int(11) DEFAULT NULL,
  `horario` varchar(100) DEFAULT NULL
) ENGINE=InnoDB DEFAULT CHARSET=utf8mb4 COLLATE=utf8mb4_general_ci;

--
-- Volcado de datos para la tabla `transasignacioncurso`
--

INSERT INTO `transasignacioncurso` (`idAsignacion`, `idAsignatura`, `idDocente`, `idSalon`, `periodo`, `seccion`, `grupo`, `fechaCreacion`, `fechaModificacion`, `usuarioCreacion`, `usuarioModificacion`, `horario`) VALUES
(1, 1, 4, 1, '2025-1', 'A', '', NULL, NULL, 5, NULL, 'LUN 07:00-08:30'),
(2, 1, 4, 2, '2025-1', 'B', '', NULL, NULL, 5, NULL, 'MAR 07:00-08:30'),
(3, 1, 4, 3, '2025-1', 'C', '', NULL, NULL, 5, NULL, 'MIE 07:00-08:30'),
(4, 1, 4, 4, '2025-1', '', '1', NULL, NULL, 5, NULL, 'JUE 07:00-08:30'),
(5, 1, 4, 5, '2025-1', '', '2', NULL, NULL, 5, NULL, 'VIE 07:00-08:30'),
(6, 1, 4, 6, '2025-1', '', '3', NULL, NULL, 5, NULL, 'SAB 07:00-08:30'),
(7, 1, 4, 7, '2025-1', '', '4', NULL, NULL, 5, NULL, 'LUN 07:00-08:30'),
(8, 1, 4, 8, '2025-1', '', '5', NULL, NULL, 5, NULL, 'MAR 07:00-08:30'),
(9, 1, 4, 9, '2025-1', '', '6', NULL, NULL, 5, NULL, 'MIE 07:00-08:30'),
(10, 1, 4, 10, '2025-1', '', '7', NULL, NULL, 5, NULL, 'JUE 07:00-08:30'),
(11, 1, 4, 11, '2025-1', '', '8', NULL, NULL, 5, NULL, 'VIE 07:00-08:30'),
(12, 1, 4, 12, '2025-1', '', '9', NULL, NULL, 5, NULL, 'SAB 07:00-08:30'),
(13, 1, 4, 13, '2025-1', '', '10', NULL, NULL, 5, NULL, 'LUN 07:00-08:30'),
(14, 1, 4, 14, '2025-1', '', '11', NULL, NULL, 5, NULL, 'MAR 07:00-08:30'),
(15, 1, 4, 15, '2025-1', '', '12', NULL, NULL, 5, NULL, 'MIE 07:00-08:30'),
(16, 2, 4, 16, '2025-1', 'A', '', NULL, NULL, 5, NULL, 'JUE 07:00-08:30'),
(17, 2, 4, 17, '2025-1', 'B', '', NULL, NULL, 5, NULL, 'VIE 07:00-08:30'),
(18, 2, 4, 18, '2025-1', 'C', '', NULL, NULL, 5, NULL, 'SAB 07:00-08:30'),
(19, 3, 4, 19, '2025-1', 'A', '', NULL, NULL, 5, NULL, 'LUN 07:00-08:30'),
(20, 3, 4, 20, '2025-1', 'B', '', NULL, NULL, 5, NULL, 'MAR 07:00-08:30'),
(21, 3, 4, 21, '2025-1', 'C', '', NULL, NULL, 5, NULL, 'MIE 07:00-08:30'),
(22, 3, 4, 22, '2025-1', '', '1', NULL, NULL, 5, NULL, 'JUE 07:00-08:30'),
(23, 3, 4, 23, '2025-1', '', '2', NULL, NULL, 5, NULL, 'VIE 07:00-08:30'),
(24, 3, 4, 24, '2025-1', '', '3', NULL, NULL, 5, NULL, 'SAB 07:00-08:30'),
(25, 3, 4, 25, '2025-1', '', '4', NULL, NULL, 5, NULL, 'LUN 07:00-08:30'),
(26, 3, 4, 26, '2025-1', '', '5', NULL, NULL, 5, NULL, 'MAR 07:00-08:30'),
(27, 3, 4, 27, '2025-1', '', '6', NULL, NULL, 5, NULL, 'MIE 07:00-08:30'),
(28, 3, 4, 28, '2025-1', '', '7', NULL, NULL, 5, NULL, 'JUE 07:00-08:30'),
(29, 3, 4, 29, '2025-1', '', '8', NULL, NULL, 5, NULL, 'VIE 07:00-08:30'),
(30, 3, 4, 30, '2025-1', '', '9', NULL, NULL, 5, NULL, 'SAB 07:00-08:30'),
(31, 3, 4, 31, '2025-1', '', '10', NULL, NULL, 5, NULL, 'LUN 07:00-08:30'),
(32, 3, 4, 32, '2025-1', '', '11', NULL, NULL, 5, NULL, 'MAR 07:00-08:30'),
(33, 3, 4, 33, '2025-1', '', '12', NULL, NULL, 5, NULL, 'MIE 07:00-08:30'),
(34, 4, 4, 34, '2025-1', 'A', '', NULL, NULL, 5, NULL, 'JUE 07:00-08:30'),
(35, 4, 4, 35, '2025-1', 'B', '', NULL, NULL, 5, NULL, 'VIE 07:00-08:30'),
(36, 4, 4, 36, '2025-1', 'C', '', NULL, NULL, 5, NULL, 'SAB 07:00-08:30'),
(37, 5, 4, 37, '2025-1', 'A', '', NULL, NULL, 5, NULL, 'LUN 07:00-08:30'),
(38, 5, 4, 38, '2025-1', 'B', '', NULL, NULL, 5, NULL, 'MAR 07:00-08:30'),
(39, 5, 4, 39, '2025-1', 'C', '', NULL, NULL, 5, NULL, 'MIE 07:00-08:30'),
(40, 5, 4, 40, '2025-1', '', '1', NULL, NULL, 5, NULL, 'JUE 07:00-08:30'),
(41, 5, 4, 41, '2025-1', '', '2', NULL, NULL, 5, NULL, 'VIE 07:00-08:30'),
(42, 5, 4, 42, '2025-1', '', '3', NULL, NULL, 5, NULL, 'SAB 07:00-08:30'),
(43, 5, 4, 43, '2025-1', '', '4', NULL, NULL, 5, NULL, 'LUN 07:00-08:30'),
(44, 5, 4, 44, '2025-1', '', '5', NULL, NULL, 5, NULL, 'MAR 07:00-08:30'),
(45, 5, 4, 45, '2025-1', '', '6', NULL, NULL, 5, NULL, 'MIE 07:00-08:30'),
(46, 5, 4, 46, '2025-1', '', '7', NULL, NULL, 5, NULL, 'JUE 07:00-08:30'),
(47, 5, 4, 47, '2025-1', '', '8', NULL, NULL, 5, NULL, 'VIE 07:00-08:30'),
(48, 5, 4, 48, '2025-1', '', '9', NULL, NULL, 5, NULL, 'SAB 07:00-08:30'),
(49, 5, 4, 49, '2025-1', '', '10', NULL, NULL, 5, NULL, 'LUN 07:00-08:30'),
(50, 5, 4, 50, '2025-1', '', '11', NULL, NULL, 5, NULL, 'MAR 07:00-08:30'),
(51, 5, 4, 51, '2025-1', '', '12', NULL, NULL, 5, NULL, 'MIE 07:00-08:30'),
(52, 6, 4, 52, '2025-2', 'A', '', NULL, NULL, 5, NULL, 'JUE 07:00-08:30'),
(53, 6, 4, 53, '2025-2', 'B', '', NULL, NULL, 5, NULL, 'VIE 07:00-08:30'),
(54, 6, 4, 54, '2025-2', 'C', '', NULL, NULL, 5, NULL, 'SAB 07:00-08:30'),
(55, 6, 4, 55, '2025-2', '', '1', NULL, NULL, 5, NULL, 'LUN 07:00-08:30'),
(56, 6, 4, 56, '2025-2', '', '2', NULL, NULL, 5, NULL, 'MAR 07:00-08:30'),
(57, 6, 4, 57, '2025-2', '', '3', NULL, NULL, 5, NULL, 'MIE 07:00-08:30'),
(58, 6, 4, 58, '2025-2', '', '4', NULL, NULL, 5, NULL, 'JUE 07:00-08:30'),
(59, 6, 4, 59, '2025-2', '', '5', NULL, NULL, 5, NULL, 'VIE 07:00-08:30'),
(60, 6, 4, 60, '2025-2', '', '6', NULL, NULL, 5, NULL, 'SAB 07:00-08:30'),
(61, 6, 4, 61, '2025-2', '', '7', NULL, NULL, 5, NULL, 'LUN 07:00-08:30'),
(62, 6, 4, 62, '2025-2', '', '8', NULL, NULL, 5, NULL, 'MAR 07:00-08:30'),
(63, 6, 4, 63, '2025-2', '', '9', NULL, NULL, 5, NULL, 'MIE 07:00-08:30'),
(64, 6, 4, 64, '2025-2', '', '10', NULL, NULL, 5, NULL, 'JUE 07:00-08:30'),
(65, 6, 4, 65, '2025-2', '', '11', NULL, NULL, 5, NULL, 'VIE 07:00-08:30'),
(66, 6, 4, 66, '2025-2', '', '12', NULL, NULL, 5, NULL, 'SAB 07:00-08:30'),
(67, 7, 4, 67, '2025-2', 'A', '', NULL, NULL, 5, NULL, 'LUN 07:00-08:30'),
(68, 7, 4, 68, '2025-2', 'B', '', NULL, NULL, 5, NULL, 'MAR 07:00-08:30'),
(69, 7, 4, 69, '2025-2', 'C', '', NULL, NULL, 5, NULL, 'MIE 07:00-08:30'),
(70, 8, 4, 70, '2025-2', 'A', '', NULL, NULL, 5, NULL, 'JUE 07:00-08:30'),
(71, 8, 4, 71, '2025-2', 'B', '', NULL, NULL, 5, NULL, 'VIE 07:00-08:30'),
(72, 8, 4, 72, '2025-2', 'C', '', NULL, NULL, 5, NULL, 'SAB 07:00-08:30'),
(73, 9, 4, 73, '2025-2', 'A', '', NULL, NULL, 5, NULL, 'LUN 07:00-08:30'),
(74, 9, 4, 74, '2025-2', 'B', '', NULL, NULL, 5, NULL, 'MAR 07:00-08:30'),
(75, 9, 4, 75, '2025-2', 'C', '', NULL, NULL, 5, NULL, 'MIE 07:00-08:30'),
(76, 10, 4, 76, '2025-2', 'A', '', NULL, NULL, 5, NULL, 'JUE 07:00-08:30'),
(77, 10, 4, 77, '2025-2', 'B', '', NULL, NULL, 5, NULL, 'VIE 07:00-08:30'),
(78, 10, 4, 78, '2025-2', 'C', '', NULL, NULL, 5, NULL, 'SAB 07:00-08:30'),
(79, 10, 4, 79, '2025-2', '', '1', NULL, NULL, 5, NULL, 'LUN 07:00-08:30'),
(80, 10, 4, 80, '2025-2', '', '2', NULL, NULL, 5, NULL, 'MAR 07:00-08:30'),
(81, 10, 4, 81, '2025-2', '', '3', NULL, NULL, 5, NULL, 'MIE 07:00-08:30'),
(82, 10, 4, 82, '2025-2', '', '4', NULL, NULL, 5, NULL, 'JUE 07:00-08:30'),
(83, 10, 4, 83, '2025-2', '', '5', NULL, NULL, 5, NULL, 'VIE 07:00-08:30'),
(84, 10, 4, 84, '2025-2', '', '6', NULL, NULL, 5, NULL, 'SAB 07:00-08:30'),
(85, 10, 4, 85, '2025-2', '', '7', NULL, NULL, 5, NULL, 'LUN 07:00-08:30'),
(86, 10, 4, 86, '2025-2', '', '8', NULL, NULL, 5, NULL, 'MAR 07:00-08:30'),
(87, 10, 4, 87, '2025-2', '', '9', NULL, NULL, 5, NULL, 'MIE 07:00-08:30'),
(88, 10, 4, 88, '2025-2', '', '10', NULL, NULL, 5, NULL, 'JUE 07:00-08:30'),
(89, 10, 4, 89, '2025-2', '', '11', NULL, NULL, 5, NULL, 'VIE 07:00-08:30'),
(90, 10, 4, 90, '2025-2', '', '12', NULL, NULL, 5, NULL, 'SAB 07:00-08:30'),
(91, 11, 4, 91, '2025-2', '', '1', NULL, NULL, 5, NULL, 'LUN 07:00-08:30'),
(92, 11, 4, 92, '2025-2', '', '2', NULL, NULL, 5, NULL, 'MAR 07:00-08:30'),
(93, 11, 4, 93, '2025-2', '', '3', NULL, NULL, 5, NULL, 'MIE 07:00-08:30'),
(94, 11, 4, 94, '2025-2', '', '4', NULL, NULL, 5, NULL, 'JUE 07:00-08:30'),
(95, 11, 4, 95, '2025-2', '', '5', NULL, NULL, 5, NULL, 'VIE 07:00-08:30'),
(96, 11, 4, 96, '2025-2', '', '6', NULL, NULL, 5, NULL, 'SAB 07:00-08:30'),
(97, 11, 4, 97, '2025-2', '', '7', NULL, NULL, 5, NULL, 'LUN 07:00-08:30'),
(98, 11, 4, 98, '2025-2', '', '8', NULL, NULL, 5, NULL, 'MAR 07:00-08:30'),
(99, 11, 4, 99, '2025-2', '', '9', NULL, NULL, 5, NULL, 'MIE 07:00-08:30'),
(100, 11, 4, 100, '2025-2', '', '10', NULL, NULL, 5, NULL, 'JUE 07:00-08:30'),
(101, 11, 4, 101, '2025-2', '', '11', NULL, NULL, 5, NULL, 'VIE 07:00-08:30'),
(102, 11, 4, 102, '2025-2', '', '12', NULL, NULL, 5, NULL, 'SAB 07:00-08:30'),
(103, 12, 4, 103, '2025-1', 'A', '', NULL, NULL, 5, NULL, 'LUN 07:00-08:30'),
(104, 12, 4, 104, '2025-1', 'B', '', NULL, NULL, 5, NULL, 'MAR 07:00-08:30'),
(105, 12, 4, 105, '2025-1', 'C', '', NULL, NULL, 5, NULL, 'MIE 07:00-08:30'),
(106, 12, 4, 106, '2025-1', '', '1', NULL, NULL, 5, NULL, 'JUE 07:00-08:30'),
(107, 12, 4, 107, '2025-1', '', '2', NULL, NULL, 5, NULL, 'VIE 07:00-08:30'),
(108, 12, 4, 108, '2025-1', '', '3', NULL, NULL, 5, NULL, 'SAB 07:00-08:30'),
(109, 12, 4, 109, '2025-1', '', '4', NULL, NULL, 5, NULL, 'LUN 07:00-08:30'),
(110, 12, 4, 110, '2025-1', '', '5', NULL, NULL, 5, NULL, 'MAR 07:00-08:30'),
(111, 12, 4, 111, '2025-1', '', '6', NULL, NULL, 5, NULL, 'MIE 07:00-08:30'),
(112, 12, 4, 112, '2025-1', '', '7', NULL, NULL, 5, NULL, 'JUE 07:00-08:30'),
(113, 12, 4, 113, '2025-1', '', '8', NULL, NULL, 5, NULL, 'VIE 07:00-08:30'),
(114, 12, 4, 114, '2025-1', '', '9', NULL, NULL, 5, NULL, 'SAB 07:00-08:30'),
(115, 12, 4, 115, '2025-1', '', '10', NULL, NULL, 5, NULL, 'LUN 07:00-08:30'),
(116, 12, 4, 116, '2025-1', '', '11', NULL, NULL, 5, NULL, 'MAR 07:00-08:30'),
(117, 12, 4, 117, '2025-1', '', '12', NULL, NULL, 5, NULL, 'MIE 07:00-08:30'),
(118, 13, 4, 118, '2025-1', 'A', '', NULL, NULL, 5, NULL, 'JUE 07:00-08:30'),
(119, 13, 4, 119, '2025-1', 'B', '', NULL, NULL, 5, NULL, 'VIE 07:00-08:30'),
(120, 13, 4, 120, '2025-1', 'C', '', NULL, NULL, 5, NULL, 'SAB 07:00-08:30'),
(121, 13, 4, 121, '2025-1', '', '1', NULL, NULL, 5, NULL, 'LUN 07:00-08:30'),
(122, 13, 4, 122, '2025-1', '', '2', NULL, NULL, 5, NULL, 'MAR 07:00-08:30'),
(123, 13, 4, 123, '2025-1', '', '3', NULL, NULL, 5, NULL, 'MIE 07:00-08:30'),
(124, 13, 4, 124, '2025-1', '', '4', NULL, NULL, 5, NULL, 'JUE 07:00-08:30'),
(125, 13, 4, 125, '2025-1', '', '5', NULL, NULL, 5, NULL, 'VIE 07:00-08:30'),
(126, 13, 4, 126, '2025-1', '', '6', NULL, NULL, 5, NULL, 'SAB 07:00-08:30'),
(127, 13, 4, 127, '2025-1', '', '7', NULL, NULL, 5, NULL, 'LUN 07:00-08:30'),
(128, 13, 4, 128, '2025-1', '', '8', NULL, NULL, 5, NULL, 'MAR 07:00-08:30'),
(129, 13, 4, 129, '2025-1', '', '9', NULL, NULL, 5, NULL, 'MIE 07:00-08:30'),
(130, 13, 4, 130, '2025-1', '', '10', NULL, NULL, 5, NULL, 'JUE 07:00-08:30'),
(131, 13, 4, 131, '2025-1', '', '11', NULL, NULL, 5, NULL, 'VIE 07:00-08:30'),
(132, 13, 4, 132, '2025-1', '', '12', NULL, NULL, 5, NULL, 'SAB 07:00-08:30'),
(133, 14, 4, 133, '2025-1', 'A', '', NULL, NULL, 5, NULL, 'LUN 07:00-08:30'),
(134, 14, 4, 134, '2025-1', 'B', '', NULL, NULL, 5, NULL, 'MAR 07:00-08:30'),
(135, 14, 4, 135, '2025-1', 'C', '', NULL, NULL, 5, NULL, 'MIE 07:00-08:30'),
(136, 14, 4, 136, '2025-1', '', '1', NULL, NULL, 5, NULL, 'JUE 07:00-08:30'),
(137, 14, 4, 137, '2025-1', '', '2', NULL, NULL, 5, NULL, 'VIE 07:00-08:30'),
(138, 14, 4, 138, '2025-1', '', '3', NULL, NULL, 5, NULL, 'SAB 07:00-08:30'),
(139, 14, 4, 139, '2025-1', '', '4', NULL, NULL, 5, NULL, 'LUN 07:00-08:30'),
(140, 14, 4, 140, '2025-1', '', '5', NULL, NULL, 5, NULL, 'MAR 07:00-08:30'),
(141, 14, 4, 141, '2025-1', '', '6', NULL, NULL, 5, NULL, 'MIE 07:00-08:30'),
(142, 14, 4, 142, '2025-1', '', '7', NULL, NULL, 5, NULL, 'JUE 07:00-08:30'),
(143, 14, 4, 143, '2025-1', '', '8', NULL, NULL, 5, NULL, 'VIE 07:00-08:30'),
(144, 14, 4, 144, '2025-1', '', '9', NULL, NULL, 5, NULL, 'SAB 07:00-08:30'),
(145, 14, 4, 145, '2025-1', '', '10', NULL, NULL, 5, NULL, 'LUN 07:00-08:30'),
(146, 14, 4, 146, '2025-1', '', '11', NULL, NULL, 5, NULL, 'MAR 07:00-08:30'),
(147, 14, 4, 147, '2025-1', '', '12', NULL, NULL, 5, NULL, 'MIE 07:00-08:30'),
(148, 15, 4, 148, '2025-1', 'A', '', NULL, NULL, 5, NULL, 'JUE 07:00-08:30'),
(149, 15, 4, 149, '2025-1', 'B', '', NULL, NULL, 5, NULL, 'VIE 07:00-08:30'),
(150, 15, 4, 150, '2025-1', 'C', '', NULL, NULL, 5, NULL, 'SAB 07:00-08:30'),
(151, 15, 4, 151, '2025-1', '', '1', NULL, NULL, 5, NULL, 'LUN 07:00-08:30'),
(152, 15, 4, 152, '2025-1', '', '2', NULL, NULL, 5, NULL, 'MAR 07:00-08:30'),
(153, 15, 4, 153, '2025-1', '', '3', NULL, NULL, 5, NULL, 'MIE 07:00-08:30'),
(154, 15, 4, 154, '2025-1', '', '4', NULL, NULL, 5, NULL, 'JUE 07:00-08:30'),
(155, 15, 4, 155, '2025-1', '', '5', NULL, NULL, 5, NULL, 'VIE 07:00-08:30'),
(156, 15, 4, 156, '2025-1', '', '6', NULL, NULL, 5, NULL, 'SAB 07:00-08:30'),
(157, 15, 4, 157, '2025-1', '', '7', NULL, NULL, 5, NULL, 'LUN 07:00-08:30'),
(158, 15, 4, 158, '2025-1', '', '8', NULL, NULL, 5, NULL, 'MAR 07:00-08:30'),
(159, 15, 4, 159, '2025-1', '', '9', NULL, NULL, 5, NULL, 'MIE 07:00-08:30'),
(160, 15, 4, 160, '2025-1', '', '10', NULL, NULL, 5, NULL, 'JUE 07:00-08:30'),
(161, 15, 4, 1, '2025-1', '', '11', NULL, NULL, 5, NULL, 'VIE 08:30-10:00'),
(162, 15, 4, 2, '2025-1', '', '12', NULL, NULL, 5, NULL, 'SAB 08:30-10:00'),
(163, 16, 4, 3, '2025-1', 'A', '', NULL, NULL, 5, NULL, 'LUN 08:30-10:00'),
(164, 16, 4, 4, '2025-1', 'B', '', NULL, NULL, 5, NULL, 'MAR 08:30-10:00'),
(165, 16, 4, 5, '2025-1', 'C', '', NULL, NULL, 5, NULL, 'MIE 08:30-10:00'),
(166, 17, 4, 6, '2025-1', '', '1', NULL, NULL, 5, NULL, 'JUE 08:30-10:00'),
(167, 17, 4, 7, '2025-1', '', '2', NULL, NULL, 5, NULL, 'VIE 08:30-10:00'),
(168, 17, 4, 8, '2025-1', '', '3', NULL, NULL, 5, NULL, 'SAB 08:30-10:00'),
(169, 17, 4, 9, '2025-1', '', '4', NULL, NULL, 5, NULL, 'LUN 08:30-10:00'),
(170, 17, 4, 10, '2025-1', '', '5', NULL, NULL, 5, NULL, 'MAR 08:30-10:00'),
(171, 17, 4, 11, '2025-1', '', '6', NULL, NULL, 5, NULL, 'MIE 08:30-10:00'),
(172, 17, 4, 12, '2025-1', '', '7', NULL, NULL, 5, NULL, 'JUE 08:30-10:00'),
(173, 17, 4, 13, '2025-1', '', '8', NULL, NULL, 5, NULL, 'VIE 08:30-10:00'),
(174, 17, 4, 14, '2025-1', '', '9', NULL, NULL, 5, NULL, 'SAB 08:30-10:00'),
(175, 17, 4, 15, '2025-1', '', '10', NULL, NULL, 5, NULL, 'LUN 08:30-10:00'),
(176, 17, 4, 16, '2025-1', '', '11', NULL, NULL, 5, NULL, 'MAR 08:30-10:00'),
(177, 17, 4, 17, '2025-1', '', '12', NULL, NULL, 5, NULL, 'MIE 08:30-10:00'),
(178, 18, 4, 18, '2025-1', 'A', '', NULL, NULL, 5, NULL, 'JUE 08:30-10:00'),
(179, 18, 4, 19, '2025-1', 'B', '', NULL, NULL, 5, NULL, 'VIE 08:30-10:00'),
(180, 18, 4, 20, '2025-1', 'C', '', NULL, NULL, 5, NULL, 'SAB 08:30-10:00'),
(181, 19, 4, 21, '2025-1', 'A', '', NULL, NULL, 5, NULL, 'LUN 08:30-10:00'),
(182, 19, 4, 22, '2025-1', 'B', '', NULL, NULL, 5, NULL, 'MAR 08:30-10:00'),
(183, 19, 4, 23, '2025-1', 'C', '', NULL, NULL, 5, NULL, 'MIE 08:30-10:00'),
(184, 20, 4, 24, '2025-2', 'A', '', NULL, NULL, 5, NULL, 'JUE 08:30-10:00'),
(185, 20, 4, 25, '2025-2', 'B', '', NULL, NULL, 5, NULL, 'VIE 08:30-10:00'),
(186, 20, 4, 26, '2025-2', 'C', '', NULL, NULL, 5, NULL, 'SAB 08:30-10:00'),
(187, 20, 4, 27, '2025-2', '', '1', NULL, NULL, 5, NULL, 'LUN 08:30-10:00'),
(188, 20, 4, 28, '2025-2', '', '2', NULL, NULL, 5, NULL, 'MAR 08:30-10:00'),
(189, 20, 4, 29, '2025-2', '', '3', NULL, NULL, 5, NULL, 'MIE 08:30-10:00'),
(190, 20, 4, 30, '2025-2', '', '4', NULL, NULL, 5, NULL, 'JUE 08:30-10:00'),
(191, 20, 4, 31, '2025-2', '', '5', NULL, NULL, 5, NULL, 'VIE 08:30-10:00'),
(192, 20, 4, 32, '2025-2', '', '6', NULL, NULL, 5, NULL, 'SAB 08:30-10:00'),
(193, 20, 4, 33, '2025-2', '', '7', NULL, NULL, 5, NULL, 'LUN 08:30-10:00'),
(194, 20, 4, 34, '2025-2', '', '8', NULL, NULL, 5, NULL, 'MAR 08:30-10:00'),
(195, 20, 4, 35, '2025-2', '', '9', NULL, NULL, 5, NULL, 'MIE 08:30-10:00'),
(196, 20, 4, 36, '2025-2', '', '10', NULL, NULL, 5, NULL, 'JUE 08:30-10:00'),
(197, 20, 4, 37, '2025-2', '', '11', NULL, NULL, 5, NULL, 'VIE 08:30-10:00'),
(198, 20, 4, 38, '2025-2', '', '12', NULL, NULL, 5, NULL, 'SAB 08:30-10:00'),
(199, 21, 4, 39, '2025-2', 'A', '', NULL, NULL, 5, NULL, 'LUN 08:30-10:00'),
(200, 21, 4, 40, '2025-2', 'B', '', NULL, NULL, 5, NULL, 'MAR 08:30-10:00'),
(201, 21, 4, 41, '2025-2', 'C', '', NULL, NULL, 5, NULL, 'MIE 08:30-10:00'),
(202, 21, 4, 42, '2025-2', '', '1', NULL, NULL, 5, NULL, 'JUE 08:30-10:00'),
(203, 21, 4, 43, '2025-2', '', '2', NULL, NULL, 5, NULL, 'VIE 08:30-10:00'),
(204, 21, 4, 44, '2025-2', '', '3', NULL, NULL, 5, NULL, 'SAB 08:30-10:00'),
(205, 21, 4, 45, '2025-2', '', '4', NULL, NULL, 5, NULL, 'LUN 08:30-10:00'),
(206, 21, 4, 46, '2025-2', '', '5', NULL, NULL, 5, NULL, 'MAR 08:30-10:00'),
(207, 21, 4, 47, '2025-2', '', '6', NULL, NULL, 5, NULL, 'MIE 08:30-10:00'),
(208, 21, 4, 48, '2025-2', '', '7', NULL, NULL, 5, NULL, 'JUE 08:30-10:00'),
(209, 21, 4, 49, '2025-2', '', '8', NULL, NULL, 5, NULL, 'VIE 08:30-10:00'),
(210, 21, 4, 50, '2025-2', '', '9', NULL, NULL, 5, NULL, 'SAB 08:30-10:00'),
(211, 21, 4, 51, '2025-2', '', '10', NULL, NULL, 5, NULL, 'LUN 08:30-10:00'),
(212, 21, 4, 52, '2025-2', '', '11', NULL, NULL, 5, NULL, 'MAR 08:30-10:00'),
(213, 21, 4, 53, '2025-2', '', '12', NULL, NULL, 5, NULL, 'MIE 08:30-10:00'),
(214, 22, 4, 54, '2025-2', 'A', '', NULL, NULL, 5, NULL, 'JUE 08:30-10:00'),
(215, 22, 4, 55, '2025-2', 'B', '', NULL, NULL, 5, NULL, 'VIE 08:30-10:00'),
(216, 22, 4, 56, '2025-2', 'C', '', NULL, NULL, 5, NULL, 'SAB 08:30-10:00'),
(217, 22, 4, 57, '2025-2', '', '1', NULL, NULL, 5, NULL, 'LUN 08:30-10:00'),
(218, 22, 4, 58, '2025-2', '', '2', NULL, NULL, 5, NULL, 'MAR 08:30-10:00'),
(219, 22, 4, 59, '2025-2', '', '3', NULL, NULL, 5, NULL, 'MIE 08:30-10:00'),
(220, 22, 4, 60, '2025-2', '', '4', NULL, NULL, 5, NULL, 'JUE 08:30-10:00'),
(221, 22, 4, 61, '2025-2', '', '5', NULL, NULL, 5, NULL, 'VIE 08:30-10:00'),
(222, 22, 4, 62, '2025-2', '', '6', NULL, NULL, 5, NULL, 'SAB 08:30-10:00'),
(223, 22, 4, 63, '2025-2', '', '7', NULL, NULL, 5, NULL, 'LUN 08:30-10:00'),
(224, 22, 4, 64, '2025-2', '', '8', NULL, NULL, 5, NULL, 'MAR 08:30-10:00'),
(225, 22, 4, 65, '2025-2', '', '9', NULL, NULL, 5, NULL, 'MIE 08:30-10:00'),
(226, 22, 4, 66, '2025-2', '', '10', NULL, NULL, 5, NULL, 'JUE 08:30-10:00'),
(227, 22, 4, 67, '2025-2', '', '11', NULL, NULL, 5, NULL, 'VIE 08:30-10:00'),
(228, 22, 4, 68, '2025-2', '', '12', NULL, NULL, 5, NULL, 'SAB 08:30-10:00'),
(229, 23, 4, 69, '2025-2', 'A', '', NULL, NULL, 5, NULL, 'LUN 08:30-10:00'),
(230, 23, 4, 70, '2025-2', 'B', '', NULL, NULL, 5, NULL, 'MAR 08:30-10:00'),
(231, 23, 4, 71, '2025-2', 'C', '', NULL, NULL, 5, NULL, 'MIE 08:30-10:00'),
(232, 23, 4, 72, '2025-2', '', '1', NULL, NULL, 5, NULL, 'JUE 08:30-10:00'),
(233, 23, 4, 73, '2025-2', '', '2', NULL, NULL, 5, NULL, 'VIE 08:30-10:00'),
(234, 23, 4, 74, '2025-2', '', '3', NULL, NULL, 5, NULL, 'SAB 08:30-10:00'),
(235, 23, 4, 75, '2025-2', '', '4', NULL, NULL, 5, NULL, 'LUN 08:30-10:00'),
(236, 23, 4, 76, '2025-2', '', '5', NULL, NULL, 5, NULL, 'MAR 08:30-10:00'),
(237, 23, 4, 77, '2025-2', '', '6', NULL, NULL, 5, NULL, 'MIE 08:30-10:00'),
(238, 23, 4, 78, '2025-2', '', '7', NULL, NULL, 5, NULL, 'JUE 08:30-10:00'),
(239, 23, 4, 79, '2025-2', '', '8', NULL, NULL, 5, NULL, 'VIE 08:30-10:00'),
(240, 23, 4, 80, '2025-2', '', '9', NULL, NULL, 5, NULL, 'SAB 08:30-10:00'),
(241, 23, 4, 81, '2025-2', '', '10', NULL, NULL, 5, NULL, 'LUN 08:30-10:00'),
(242, 23, 4, 82, '2025-2', '', '11', NULL, NULL, 5, NULL, 'MAR 08:30-10:00'),
(243, 23, 4, 83, '2025-2', '', '12', NULL, NULL, 5, NULL, 'MIE 08:30-10:00'),
(244, 24, 4, 84, '2025-2', 'A', '', NULL, NULL, 5, NULL, 'JUE 08:30-10:00'),
(245, 24, 4, 85, '2025-2', 'B', '', NULL, NULL, 5, NULL, 'VIE 08:30-10:00'),
(246, 24, 4, 86, '2025-2', 'C', '', NULL, NULL, 5, NULL, 'SAB 08:30-10:00'),
(247, 25, 4, 87, '2025-2', 'A', '', NULL, NULL, 5, NULL, 'LUN 08:30-10:00'),
(248, 25, 4, 88, '2025-2', 'B', '', NULL, NULL, 5, NULL, 'MAR 08:30-10:00'),
(249, 25, 4, 89, '2025-2', 'C', '', NULL, NULL, 5, NULL, 'MIE 08:30-10:00'),
(250, 26, 4, 90, '2025-1', 'A', '', NULL, NULL, 5, NULL, 'JUE 08:30-10:00'),
(251, 26, 4, 91, '2025-1', 'B', '', NULL, NULL, 5, NULL, 'VIE 08:30-10:00'),
(252, 26, 4, 92, '2025-1', 'C', '', NULL, NULL, 5, NULL, 'SAB 08:30-10:00'),
(253, 26, 4, 93, '2025-1', '', '1', NULL, NULL, 5, NULL, 'LUN 08:30-10:00'),
(254, 26, 4, 94, '2025-1', '', '2', NULL, NULL, 5, NULL, 'MAR 08:30-10:00'),
(255, 26, 4, 95, '2025-1', '', '3', NULL, NULL, 5, NULL, 'MIE 08:30-10:00'),
(256, 26, 4, 96, '2025-1', '', '4', NULL, NULL, 5, NULL, 'JUE 08:30-10:00'),
(257, 26, 4, 97, '2025-1', '', '5', NULL, NULL, 5, NULL, 'VIE 08:30-10:00'),
(258, 26, 4, 98, '2025-1', '', '6', NULL, NULL, 5, NULL, 'SAB 08:30-10:00'),
(259, 26, 4, 99, '2025-1', '', '7', NULL, NULL, 5, NULL, 'LUN 08:30-10:00'),
(260, 26, 4, 100, '2025-1', '', '8', NULL, NULL, 5, NULL, 'MAR 08:30-10:00'),
(261, 26, 4, 101, '2025-1', '', '9', NULL, NULL, 5, NULL, 'MIE 08:30-10:00'),
(262, 26, 4, 102, '2025-1', '', '10', NULL, NULL, 5, NULL, 'JUE 08:30-10:00'),
(263, 26, 4, 103, '2025-1', '', '11', NULL, NULL, 5, NULL, 'VIE 08:30-10:00'),
(264, 26, 4, 104, '2025-1', '', '12', NULL, NULL, 5, NULL, 'SAB 08:30-10:00'),
(265, 27, 4, 105, '2025-1', 'A', '', NULL, NULL, 5, NULL, 'LUN 08:30-10:00'),
(266, 27, 4, 106, '2025-1', 'B', '', NULL, NULL, 5, NULL, 'MAR 08:30-10:00'),
(267, 27, 4, 107, '2025-1', 'C', '', NULL, NULL, 5, NULL, 'MIE 08:30-10:00'),
(268, 28, 4, 108, '2025-1', 'A', '', NULL, NULL, 5, NULL, 'JUE 08:30-10:00'),
(269, 28, 4, 109, '2025-1', 'B', '', NULL, NULL, 5, NULL, 'VIE 08:30-10:00'),
(270, 28, 4, 110, '2025-1', 'C', '', NULL, NULL, 5, NULL, 'SAB 08:30-10:00'),
(271, 28, 4, 111, '2025-1', '', '1', NULL, NULL, 5, NULL, 'LUN 08:30-10:00'),
(272, 28, 4, 112, '2025-1', '', '2', NULL, NULL, 5, NULL, 'MAR 08:30-10:00'),
(273, 28, 4, 113, '2025-1', '', '3', NULL, NULL, 5, NULL, 'MIE 08:30-10:00'),
(274, 28, 4, 114, '2025-1', '', '4', NULL, NULL, 5, NULL, 'JUE 08:30-10:00'),
(275, 28, 4, 115, '2025-1', '', '5', NULL, NULL, 5, NULL, 'VIE 08:30-10:00'),
(276, 28, 4, 116, '2025-1', '', '6', NULL, NULL, 5, NULL, 'SAB 08:30-10:00'),
(277, 28, 4, 117, '2025-1', '', '7', NULL, NULL, 5, NULL, 'LUN 08:30-10:00'),
(278, 28, 4, 118, '2025-1', '', '8', NULL, NULL, 5, NULL, 'MAR 08:30-10:00'),
(279, 28, 4, 119, '2025-1', '', '9', NULL, NULL, 5, NULL, 'MIE 08:30-10:00'),
(280, 28, 4, 120, '2025-1', '', '10', NULL, NULL, 5, NULL, 'JUE 08:30-10:00'),
(281, 28, 4, 121, '2025-1', '', '11', NULL, NULL, 5, NULL, 'VIE 08:30-10:00'),
(282, 28, 4, 122, '2025-1', '', '12', NULL, NULL, 5, NULL, 'SAB 08:30-10:00'),
(283, 29, 4, 123, '2025-1', 'A', '', NULL, NULL, 5, NULL, 'LUN 08:30-10:00'),
(284, 29, 4, 124, '2025-1', 'B', '', NULL, NULL, 5, NULL, 'MAR 08:30-10:00'),
(285, 29, 4, 125, '2025-1', 'C', '', NULL, NULL, 5, NULL, 'MIE 08:30-10:00'),
(286, 29, 4, 126, '2025-1', '', '1', NULL, NULL, 5, NULL, 'JUE 08:30-10:00'),
(287, 29, 4, 127, '2025-1', '', '2', NULL, NULL, 5, NULL, 'VIE 08:30-10:00'),
(288, 29, 4, 128, '2025-1', '', '3', NULL, NULL, 5, NULL, 'SAB 08:30-10:00'),
(289, 29, 4, 129, '2025-1', '', '4', NULL, NULL, 5, NULL, 'LUN 08:30-10:00'),
(290, 29, 4, 130, '2025-1', '', '5', NULL, NULL, 5, NULL, 'MAR 08:30-10:00'),
(291, 29, 4, 131, '2025-1', '', '6', NULL, NULL, 5, NULL, 'MIE 08:30-10:00'),
(292, 29, 4, 132, '2025-1', '', '7', NULL, NULL, 5, NULL, 'JUE 08:30-10:00'),
(293, 29, 4, 133, '2025-1', '', '8', NULL, NULL, 5, NULL, 'VIE 08:30-10:00'),
(294, 29, 4, 134, '2025-1', '', '9', NULL, NULL, 5, NULL, 'SAB 08:30-10:00'),
(295, 29, 4, 135, '2025-1', '', '10', NULL, NULL, 5, NULL, 'LUN 08:30-10:00'),
(296, 29, 4, 136, '2025-1', '', '11', NULL, NULL, 5, NULL, 'MAR 08:30-10:00'),
(297, 29, 4, 137, '2025-1', '', '12', NULL, NULL, 5, NULL, 'MIE 08:30-10:00'),
(298, 30, 4, 138, '2025-1', 'A', '', NULL, NULL, 5, NULL, 'JUE 08:30-10:00'),
(299, 30, 4, 139, '2025-1', 'B', '', NULL, NULL, 5, NULL, 'VIE 08:30-10:00'),
(300, 30, 4, 140, '2025-1', 'C', '', NULL, NULL, 5, NULL, 'SAB 08:30-10:00'),
(301, 30, 4, 141, '2025-1', '', '1', NULL, NULL, 5, NULL, 'LUN 08:30-10:00'),
(302, 30, 4, 142, '2025-1', '', '2', NULL, NULL, 5, NULL, 'MAR 08:30-10:00'),
(303, 30, 4, 143, '2025-1', '', '3', NULL, NULL, 5, NULL, 'MIE 08:30-10:00'),
(304, 30, 4, 144, '2025-1', '', '4', NULL, NULL, 5, NULL, 'JUE 08:30-10:00'),
(305, 30, 4, 145, '2025-1', '', '5', NULL, NULL, 5, NULL, 'VIE 08:30-10:00'),
(306, 30, 4, 146, '2025-1', '', '6', NULL, NULL, 5, NULL, 'SAB 08:30-10:00'),
(307, 30, 4, 147, '2025-1', '', '7', NULL, NULL, 5, NULL, 'LUN 08:30-10:00'),
(308, 30, 4, 148, '2025-1', '', '8', NULL, NULL, 5, NULL, 'MAR 08:30-10:00'),
(309, 30, 4, 149, '2025-1', '', '9', NULL, NULL, 5, NULL, 'MIE 08:30-10:00'),
(310, 30, 4, 150, '2025-1', '', '10', NULL, NULL, 5, NULL, 'JUE 08:30-10:00'),
(311, 30, 4, 151, '2025-1', '', '11', NULL, NULL, 5, NULL, 'VIE 08:30-10:00'),
(312, 30, 4, 152, '2025-1', '', '12', NULL, NULL, 5, NULL, 'SAB 08:30-10:00'),
(313, 31, 4, 153, '2025-2', 'A', '', NULL, NULL, 5, NULL, 'LUN 08:30-10:00'),
(314, 31, 4, 154, '2025-2', 'B', '', NULL, NULL, 5, NULL, 'MAR 08:30-10:00'),
(315, 31, 4, 155, '2025-2', 'C', '', NULL, NULL, 5, NULL, 'MIE 08:30-10:00'),
(316, 31, 4, 156, '2025-2', '', '1', NULL, NULL, 5, NULL, 'JUE 08:30-10:00'),
(317, 31, 4, 157, '2025-2', '', '2', NULL, NULL, 5, NULL, 'VIE 08:30-10:00'),
(318, 31, 4, 158, '2025-2', '', '3', NULL, NULL, 5, NULL, 'SAB 08:30-10:00'),
(319, 31, 4, 159, '2025-2', '', '4', NULL, NULL, 5, NULL, 'LUN 08:30-10:00'),
(320, 31, 4, 160, '2025-2', '', '5', NULL, NULL, 5, NULL, 'MAR 08:30-10:00'),
(321, 31, 4, 1, '2025-2', '', '6', NULL, NULL, 5, NULL, 'MIE 10:00-11:30'),
(322, 31, 4, 2, '2025-2', '', '7', NULL, NULL, 5, NULL, 'JUE 10:00-11:30'),
(323, 31, 4, 3, '2025-2', '', '8', NULL, NULL, 5, NULL, 'VIE 10:00-11:30'),
(324, 31, 4, 4, '2025-2', '', '9', NULL, NULL, 5, NULL, 'SAB 10:00-11:30'),
(325, 31, 4, 5, '2025-2', '', '10', NULL, NULL, 5, NULL, 'LUN 10:00-11:30'),
(326, 31, 4, 6, '2025-2', '', '11', NULL, NULL, 5, NULL, 'MAR 10:00-11:30'),
(327, 31, 4, 7, '2025-2', '', '12', NULL, NULL, 5, NULL, 'MIE 10:00-11:30'),
(328, 32, 4, 8, '2025-2', 'A', '', NULL, NULL, 5, NULL, 'JUE 10:00-11:30'),
(329, 32, 4, 9, '2025-2', 'B', '', NULL, NULL, 5, NULL, 'VIE 10:00-11:30'),
(330, 32, 4, 10, '2025-2', 'C', '', NULL, NULL, 5, NULL, 'SAB 10:00-11:30'),
(331, 32, 4, 11, '2025-2', '', '1', NULL, NULL, 5, NULL, 'LUN 10:00-11:30'),
(332, 32, 4, 12, '2025-2', '', '2', NULL, NULL, 5, NULL, 'MAR 10:00-11:30'),
(333, 32, 4, 13, '2025-2', '', '3', NULL, NULL, 5, NULL, 'MIE 10:00-11:30'),
(334, 32, 4, 14, '2025-2', '', '4', NULL, NULL, 5, NULL, 'JUE 10:00-11:30'),
(335, 32, 4, 15, '2025-2', '', '5', NULL, NULL, 5, NULL, 'VIE 10:00-11:30'),
(336, 32, 4, 16, '2025-2', '', '6', NULL, NULL, 5, NULL, 'SAB 10:00-11:30'),
(337, 32, 4, 17, '2025-2', '', '7', NULL, NULL, 5, NULL, 'LUN 10:00-11:30'),
(338, 32, 4, 18, '2025-2', '', '8', NULL, NULL, 5, NULL, 'MAR 10:00-11:30'),
(339, 32, 4, 19, '2025-2', '', '9', NULL, NULL, 5, NULL, 'MIE 10:00-11:30'),
(340, 32, 4, 20, '2025-2', '', '10', NULL, NULL, 5, NULL, 'JUE 10:00-11:30'),
(341, 32, 4, 21, '2025-2', '', '11', NULL, NULL, 5, NULL, 'VIE 10:00-11:30'),
(342, 32, 4, 22, '2025-2', '', '12', NULL, NULL, 5, NULL, 'SAB 10:00-11:30'),
(343, 33, 4, 23, '2025-2', 'A', '', NULL, NULL, 5, NULL, 'LUN 10:00-11:30'),
(344, 33, 4, 24, '2025-2', 'B', '', NULL, NULL, 5, NULL, 'MAR 10:00-11:30'),
(345, 33, 4, 25, '2025-2', 'C', '', NULL, NULL, 5, NULL, 'MIE 10:00-11:30'),
(346, 33, 4, 26, '2025-2', '', '1', NULL, NULL, 5, NULL, 'JUE 10:00-11:30'),
(347, 33, 4, 27, '2025-2', '', '2', NULL, NULL, 5, NULL, 'VIE 10:00-11:30'),
(348, 33, 4, 28, '2025-2', '', '3', NULL, NULL, 5, NULL, 'SAB 10:00-11:30'),
(349, 33, 4, 29, '2025-2', '', '4', NULL, NULL, 5, NULL, 'LUN 10:00-11:30'),
(350, 33, 4, 30, '2025-2', '', '5', NULL, NULL, 5, NULL, 'MAR 10:00-11:30'),
(351, 33, 4, 31, '2025-2', '', '6', NULL, NULL, 5, NULL, 'MIE 10:00-11:30'),
(352, 33, 4, 32, '2025-2', '', '7', NULL, NULL, 5, NULL, 'JUE 10:00-11:30'),
(353, 33, 4, 33, '2025-2', '', '8', NULL, NULL, 5, NULL, 'VIE 10:00-11:30'),
(354, 33, 4, 34, '2025-2', '', '9', NULL, NULL, 5, NULL, 'SAB 10:00-11:30'),
(355, 33, 4, 35, '2025-2', '', '10', NULL, NULL, 5, NULL, 'LUN 10:00-11:30'),
(356, 33, 4, 36, '2025-2', '', '11', NULL, NULL, 5, NULL, 'MAR 10:00-11:30'),
(357, 33, 4, 37, '2025-2', '', '12', NULL, NULL, 5, NULL, 'MIE 10:00-11:30'),
(358, 34, 4, 38, '2025-2', 'A', '', NULL, NULL, 5, NULL, 'JUE 10:00-11:30'),
(359, 34, 4, 39, '2025-2', 'B', '', NULL, NULL, 5, NULL, 'VIE 10:00-11:30'),
(360, 34, 4, 40, '2025-2', 'C', '', NULL, NULL, 5, NULL, 'SAB 10:00-11:30'),
(361, 34, 4, 41, '2025-2', '', '1', NULL, NULL, 5, NULL, 'LUN 10:00-11:30'),
(362, 34, 4, 42, '2025-2', '', '2', NULL, NULL, 5, NULL, 'MAR 10:00-11:30'),
(363, 34, 4, 43, '2025-2', '', '3', NULL, NULL, 5, NULL, 'MIE 10:00-11:30'),
(364, 34, 4, 44, '2025-2', '', '4', NULL, NULL, 5, NULL, 'JUE 10:00-11:30'),
(365, 34, 4, 45, '2025-2', '', '5', NULL, NULL, 5, NULL, 'VIE 10:00-11:30'),
(366, 34, 4, 46, '2025-2', '', '6', NULL, NULL, 5, NULL, 'SAB 10:00-11:30'),
(367, 34, 4, 47, '2025-2', '', '7', NULL, NULL, 5, NULL, 'LUN 10:00-11:30'),
(368, 34, 4, 48, '2025-2', '', '8', NULL, NULL, 5, NULL, 'MAR 10:00-11:30'),
(369, 34, 4, 49, '2025-2', '', '9', NULL, NULL, 5, NULL, 'MIE 10:00-11:30'),
(370, 34, 4, 50, '2025-2', '', '10', NULL, NULL, 5, NULL, 'JUE 10:00-11:30'),
(371, 34, 4, 51, '2025-2', '', '11', NULL, NULL, 5, NULL, 'VIE 10:00-11:30'),
(372, 34, 4, 52, '2025-2', '', '12', NULL, NULL, 5, NULL, 'SAB 10:00-11:30'),
(373, 35, 4, 53, '2025-2', 'A', '', NULL, NULL, 5, NULL, 'LUN 10:00-11:30'),
(374, 35, 4, 54, '2025-2', 'B', '', NULL, NULL, 5, NULL, 'MAR 10:00-11:30'),
(375, 35, 4, 55, '2025-2', 'C', '', NULL, NULL, 5, NULL, 'MIE 10:00-11:30'),
(376, 36, 4, 56, '2025-2', 'A', '', NULL, NULL, 5, NULL, 'JUE 10:00-11:30'),
(377, 36, 4, 57, '2025-2', 'B', '', NULL, NULL, 5, NULL, 'VIE 10:00-11:30'),
(378, 36, 4, 58, '2025-2', 'C', '', NULL, NULL, 5, NULL, 'SAB 10:00-11:30'),
(379, 37, 4, 59, '2025-1', 'A', '', NULL, NULL, 5, NULL, 'LUN 10:00-11:30'),
(380, 37, 4, 60, '2025-1', 'B', '', NULL, NULL, 5, NULL, 'MAR 10:00-11:30'),
(381, 37, 4, 61, '2025-1', 'C', '', NULL, NULL, 5, NULL, 'MIE 10:00-11:30'),
(382, 37, 4, 62, '2025-1', '', '1', NULL, NULL, 5, NULL, 'JUE 10:00-11:30'),
(383, 37, 4, 63, '2025-1', '', '2', NULL, NULL, 5, NULL, 'VIE 10:00-11:30'),
(384, 37, 4, 64, '2025-1', '', '3', NULL, NULL, 5, NULL, 'SAB 10:00-11:30'),
(385, 37, 4, 65, '2025-1', '', '4', NULL, NULL, 5, NULL, 'LUN 10:00-11:30'),
(386, 37, 4, 66, '2025-1', '', '5', NULL, NULL, 5, NULL, 'MAR 10:00-11:30'),
(387, 37, 4, 67, '2025-1', '', '6', NULL, NULL, 5, NULL, 'MIE 10:00-11:30'),
(388, 37, 4, 68, '2025-1', '', '7', NULL, NULL, 5, NULL, 'JUE 10:00-11:30'),
(389, 37, 4, 69, '2025-1', '', '8', NULL, NULL, 5, NULL, 'VIE 10:00-11:30'),
(390, 37, 4, 70, '2025-1', '', '9', NULL, NULL, 5, NULL, 'SAB 10:00-11:30'),
(391, 37, 4, 71, '2025-1', '', '10', NULL, NULL, 5, NULL, 'LUN 10:00-11:30'),
(392, 37, 4, 72, '2025-1', '', '11', NULL, NULL, 5, NULL, 'MAR 10:00-11:30'),
(393, 37, 4, 73, '2025-1', '', '12', NULL, NULL, 5, NULL, 'MIE 10:00-11:30'),
(394, 38, 4, 74, '2025-1', 'A', '', NULL, NULL, 5, NULL, 'JUE 10:00-11:30'),
(395, 38, 4, 75, '2025-1', 'B', '', NULL, NULL, 5, NULL, 'VIE 10:00-11:30'),
(396, 38, 4, 76, '2025-1', 'C', '', NULL, NULL, 5, NULL, 'SAB 10:00-11:30'),
(397, 38, 4, 77, '2025-1', '', '1', NULL, NULL, 5, NULL, 'LUN 10:00-11:30'),
(398, 38, 4, 78, '2025-1', '', '2', NULL, NULL, 5, NULL, 'MAR 10:00-11:30'),
(399, 38, 4, 79, '2025-1', '', '3', NULL, NULL, 5, NULL, 'MIE 10:00-11:30'),
(400, 38, 4, 80, '2025-1', '', '4', NULL, NULL, 5, NULL, 'JUE 10:00-11:30'),
(401, 38, 4, 81, '2025-1', '', '5', NULL, NULL, 5, NULL, 'VIE 10:00-11:30'),
(402, 38, 4, 82, '2025-1', '', '6', NULL, NULL, 5, NULL, 'SAB 10:00-11:30'),
(403, 38, 4, 83, '2025-1', '', '7', NULL, NULL, 5, NULL, 'LUN 10:00-11:30'),
(404, 38, 4, 84, '2025-1', '', '8', NULL, NULL, 5, NULL, 'MAR 10:00-11:30'),
(405, 38, 4, 85, '2025-1', '', '9', NULL, NULL, 5, NULL, 'MIE 10:00-11:30'),
(406, 38, 4, 86, '2025-1', '', '10', NULL, NULL, 5, NULL, 'JUE 10:00-11:30'),
(407, 38, 4, 87, '2025-1', '', '11', NULL, NULL, 5, NULL, 'VIE 10:00-11:30'),
(408, 38, 4, 88, '2025-1', '', '12', NULL, NULL, 5, NULL, 'SAB 10:00-11:30'),
(409, 39, 4, 89, '2025-1', 'A', '', NULL, NULL, 5, NULL, 'LUN 10:00-11:30'),
(410, 39, 4, 90, '2025-1', 'B', '', NULL, NULL, 5, NULL, 'MAR 10:00-11:30'),
(411, 39, 4, 91, '2025-1', 'C', '', NULL, NULL, 5, NULL, 'MIE 10:00-11:30'),
(412, 39, 4, 92, '2025-1', '', '1', NULL, NULL, 5, NULL, 'JUE 10:00-11:30'),
(413, 39, 4, 93, '2025-1', '', '2', NULL, NULL, 5, NULL, 'VIE 10:00-11:30'),
(414, 39, 4, 94, '2025-1', '', '3', NULL, NULL, 5, NULL, 'SAB 10:00-11:30'),
(415, 39, 4, 95, '2025-1', '', '4', NULL, NULL, 5, NULL, 'LUN 10:00-11:30'),
(416, 39, 4, 96, '2025-1', '', '5', NULL, NULL, 5, NULL, 'MAR 10:00-11:30'),
(417, 39, 4, 97, '2025-1', '', '6', NULL, NULL, 5, NULL, 'MIE 10:00-11:30'),
(418, 39, 4, 98, '2025-1', '', '7', NULL, NULL, 5, NULL, 'JUE 10:00-11:30'),
(419, 39, 4, 99, '2025-1', '', '8', NULL, NULL, 5, NULL, 'VIE 10:00-11:30'),
(420, 39, 4, 100, '2025-1', '', '9', NULL, NULL, 5, NULL, 'SAB 10:00-11:30'),
(421, 39, 4, 101, '2025-1', '', '10', NULL, NULL, 5, NULL, 'LUN 10:00-11:30'),
(422, 39, 4, 102, '2025-1', '', '11', NULL, NULL, 5, NULL, 'MAR 10:00-11:30'),
(423, 39, 4, 103, '2025-1', '', '12', NULL, NULL, 5, NULL, 'MIE 10:00-11:30'),
(424, 40, 4, 104, '2025-1', 'A', '', NULL, NULL, 5, NULL, 'JUE 10:00-11:30'),
(425, 40, 4, 105, '2025-1', 'B', '', NULL, NULL, 5, NULL, 'VIE 10:00-11:30'),
(426, 40, 4, 106, '2025-1', 'C', '', NULL, NULL, 5, NULL, 'SAB 10:00-11:30'),
(427, 40, 4, 107, '2025-1', '', '1', NULL, NULL, 5, NULL, 'LUN 10:00-11:30'),
(428, 40, 4, 108, '2025-1', '', '2', NULL, NULL, 5, NULL, 'MAR 10:00-11:30'),
(429, 40, 4, 109, '2025-1', '', '3', NULL, NULL, 5, NULL, 'MIE 10:00-11:30'),
(430, 40, 4, 110, '2025-1', '', '4', NULL, NULL, 5, NULL, 'JUE 10:00-11:30'),
(431, 40, 4, 111, '2025-1', '', '5', NULL, NULL, 5, NULL, 'VIE 10:00-11:30'),
(432, 40, 4, 112, '2025-1', '', '6', NULL, NULL, 5, NULL, 'SAB 10:00-11:30'),
(433, 40, 4, 113, '2025-1', '', '7', NULL, NULL, 5, NULL, 'LUN 10:00-11:30'),
(434, 40, 4, 114, '2025-1', '', '8', NULL, NULL, 5, NULL, 'MAR 10:00-11:30'),
(435, 40, 4, 115, '2025-1', '', '9', NULL, NULL, 5, NULL, 'MIE 10:00-11:30'),
(436, 40, 4, 116, '2025-1', '', '10', NULL, NULL, 5, NULL, 'JUE 10:00-11:30'),
(437, 40, 4, 117, '2025-1', '', '11', NULL, NULL, 5, NULL, 'VIE 10:00-11:30'),
(438, 40, 4, 118, '2025-1', '', '12', NULL, NULL, 5, NULL, 'SAB 10:00-11:30'),
(439, 41, 4, 119, '2025-1', 'A', '', NULL, NULL, 5, NULL, 'LUN 10:00-11:30'),
(440, 41, 4, 120, '2025-1', 'B', '', NULL, NULL, 5, NULL, 'MAR 10:00-11:30'),
(441, 41, 4, 121, '2025-1', 'C', '', NULL, NULL, 5, NULL, 'MIE 10:00-11:30'),
(442, 41, 4, 122, '2025-1', '', '1', NULL, NULL, 5, NULL, 'JUE 10:00-11:30'),
(443, 41, 4, 123, '2025-1', '', '2', NULL, NULL, 5, NULL, 'VIE 10:00-11:30'),
(444, 41, 4, 124, '2025-1', '', '3', NULL, NULL, 5, NULL, 'SAB 10:00-11:30'),
(445, 41, 4, 125, '2025-1', '', '4', NULL, NULL, 5, NULL, 'LUN 10:00-11:30'),
(446, 41, 4, 126, '2025-1', '', '5', NULL, NULL, 5, NULL, 'MAR 10:00-11:30'),
(447, 41, 4, 127, '2025-1', '', '6', NULL, NULL, 5, NULL, 'MIE 10:00-11:30'),
(448, 41, 4, 128, '2025-1', '', '7', NULL, NULL, 5, NULL, 'JUE 10:00-11:30'),
(449, 41, 4, 129, '2025-1', '', '8', NULL, NULL, 5, NULL, 'VIE 10:00-11:30'),
(450, 41, 4, 130, '2025-1', '', '9', NULL, NULL, 5, NULL, 'SAB 10:00-11:30'),
(451, 41, 4, 131, '2025-1', '', '10', NULL, NULL, 5, NULL, 'LUN 10:00-11:30'),
(452, 41, 4, 132, '2025-1', '', '11', NULL, NULL, 5, NULL, 'MAR 10:00-11:30'),
(453, 41, 4, 133, '2025-1', '', '12', NULL, NULL, 5, NULL, 'MIE 10:00-11:30'),
(454, 42, 4, 134, '2025-1', 'A', '', NULL, NULL, 5, NULL, 'JUE 10:00-11:30'),
(455, 42, 4, 135, '2025-1', 'B', '', NULL, NULL, 5, NULL, 'VIE 10:00-11:30'),
(456, 42, 4, 136, '2025-1', 'C', '', NULL, NULL, 5, NULL, 'SAB 10:00-11:30'),
(457, 42, 4, 137, '2025-1', '', '1', NULL, NULL, 5, NULL, 'LUN 10:00-11:30'),
(458, 42, 4, 138, '2025-1', '', '2', NULL, NULL, 5, NULL, 'MAR 10:00-11:30'),
(459, 42, 4, 139, '2025-1', '', '3', NULL, NULL, 5, NULL, 'MIE 10:00-11:30'),
(460, 42, 4, 140, '2025-1', '', '4', NULL, NULL, 5, NULL, 'JUE 10:00-11:30'),
(461, 42, 4, 141, '2025-1', '', '5', NULL, NULL, 5, NULL, 'VIE 10:00-11:30'),
(462, 42, 4, 142, '2025-1', '', '6', NULL, NULL, 5, NULL, 'SAB 10:00-11:30'),
(463, 42, 4, 143, '2025-1', '', '7', NULL, NULL, 5, NULL, 'LUN 10:00-11:30'),
(464, 42, 4, 144, '2025-1', '', '8', NULL, NULL, 5, NULL, 'MAR 10:00-11:30'),
(465, 42, 4, 145, '2025-1', '', '9', NULL, NULL, 5, NULL, 'MIE 10:00-11:30'),
(466, 42, 4, 146, '2025-1', '', '10', NULL, NULL, 5, NULL, 'JUE 10:00-11:30'),
(467, 42, 4, 147, '2025-1', '', '11', NULL, NULL, 5, NULL, 'VIE 10:00-11:30'),
(468, 42, 4, 148, '2025-1', '', '12', NULL, NULL, 5, NULL, 'SAB 10:00-11:30'),
(469, 43, 4, 149, '2025-1', 'A', '', NULL, NULL, 5, NULL, 'LUN 10:00-11:30'),
(470, 43, 4, 150, '2025-1', 'B', '', NULL, NULL, 5, NULL, 'MAR 10:00-11:30'),
(471, 43, 4, 151, '2025-1', 'C', '', NULL, NULL, 5, NULL, 'MIE 10:00-11:30'),
(472, 43, 4, 152, '2025-1', '', '1', NULL, NULL, 5, NULL, 'JUE 10:00-11:30'),
(473, 43, 4, 153, '2025-1', '', '2', NULL, NULL, 5, NULL, 'VIE 10:00-11:30'),
(474, 43, 4, 154, '2025-1', '', '3', NULL, NULL, 5, NULL, 'SAB 10:00-11:30'),
(475, 43, 4, 155, '2025-1', '', '4', NULL, NULL, 5, NULL, 'LUN 10:00-11:30'),
(476, 43, 4, 156, '2025-1', '', '5', NULL, NULL, 5, NULL, 'MAR 10:00-11:30'),
(477, 43, 4, 157, '2025-1', '', '6', NULL, NULL, 5, NULL, 'MIE 10:00-11:30'),
(478, 43, 4, 158, '2025-1', '', '7', NULL, NULL, 5, NULL, 'JUE 10:00-11:30'),
(479, 43, 4, 159, '2025-1', '', '8', NULL, NULL, 5, NULL, 'VIE 10:00-11:30'),
(480, 43, 4, 160, '2025-1', '', '9', NULL, NULL, 5, NULL, 'SAB 10:00-11:30'),
(481, 43, 4, 1, '2025-1', '', '10', NULL, NULL, 5, NULL, 'LUN 11:30-13:00'),
(482, 43, 4, 2, '2025-1', '', '11', NULL, NULL, 5, NULL, 'MAR 11:30-13:00'),
(483, 43, 4, 3, '2025-1', '', '12', NULL, NULL, 5, NULL, 'MIE 11:30-13:00'),
(484, 44, 4, 4, '2025-2', 'A', '', NULL, NULL, 5, NULL, 'JUE 11:30-13:00'),
(485, 44, 4, 5, '2025-2', 'B', '', NULL, NULL, 5, NULL, 'VIE 11:30-13:00'),
(486, 44, 4, 6, '2025-2', 'C', '', NULL, NULL, 5, NULL, 'SAB 11:30-13:00'),
(487, 44, 4, 7, '2025-2', '', '1', NULL, NULL, 5, NULL, 'LUN 11:30-13:00'),
(488, 44, 4, 8, '2025-2', '', '2', NULL, NULL, 5, NULL, 'MAR 11:30-13:00'),
(489, 44, 4, 9, '2025-2', '', '3', NULL, NULL, 5, NULL, 'MIE 11:30-13:00'),
(490, 44, 4, 10, '2025-2', '', '4', NULL, NULL, 5, NULL, 'JUE 11:30-13:00'),
(491, 44, 4, 11, '2025-2', '', '5', NULL, NULL, 5, NULL, 'VIE 11:30-13:00'),
(492, 44, 4, 12, '2025-2', '', '6', NULL, NULL, 5, NULL, 'SAB 11:30-13:00'),
(493, 44, 4, 13, '2025-2', '', '7', NULL, NULL, 5, NULL, 'LUN 11:30-13:00'),
(494, 44, 4, 14, '2025-2', '', '8', NULL, NULL, 5, NULL, 'MAR 11:30-13:00'),
(495, 44, 4, 15, '2025-2', '', '9', NULL, NULL, 5, NULL, 'MIE 11:30-13:00'),
(496, 44, 4, 16, '2025-2', '', '10', NULL, NULL, 5, NULL, 'JUE 11:30-13:00'),
(497, 44, 4, 17, '2025-2', '', '11', NULL, NULL, 5, NULL, 'VIE 11:30-13:00'),
(498, 44, 4, 18, '2025-2', '', '12', NULL, NULL, 5, NULL, 'SAB 11:30-13:00'),
(499, 45, 4, 19, '2025-2', 'A', '', NULL, NULL, 5, NULL, 'LUN 11:30-13:00'),
(500, 45, 4, 20, '2025-2', 'B', '', NULL, NULL, 5, NULL, 'MAR 11:30-13:00'),
(501, 45, 4, 21, '2025-2', 'C', '', NULL, NULL, 5, NULL, 'MIE 11:30-13:00'),
(502, 45, 4, 22, '2025-2', '', '1', NULL, NULL, 5, NULL, 'JUE 11:30-13:00'),
(503, 45, 4, 23, '2025-2', '', '2', NULL, NULL, 5, NULL, 'VIE 11:30-13:00'),
(504, 45, 4, 24, '2025-2', '', '3', NULL, NULL, 5, NULL, 'SAB 11:30-13:00'),
(505, 45, 4, 25, '2025-2', '', '4', NULL, NULL, 5, NULL, 'LUN 11:30-13:00'),
(506, 45, 4, 26, '2025-2', '', '5', NULL, NULL, 5, NULL, 'MAR 11:30-13:00'),
(507, 45, 4, 27, '2025-2', '', '6', NULL, NULL, 5, NULL, 'MIE 11:30-13:00'),
(508, 45, 4, 28, '2025-2', '', '7', NULL, NULL, 5, NULL, 'JUE 11:30-13:00'),
(509, 45, 4, 29, '2025-2', '', '8', NULL, NULL, 5, NULL, 'VIE 11:30-13:00'),
(510, 45, 4, 30, '2025-2', '', '9', NULL, NULL, 5, NULL, 'SAB 11:30-13:00'),
(511, 45, 4, 31, '2025-2', '', '10', NULL, NULL, 5, NULL, 'LUN 11:30-13:00'),
(512, 45, 4, 32, '2025-2', '', '11', NULL, NULL, 5, NULL, 'MAR 11:30-13:00'),
(513, 45, 4, 33, '2025-2', '', '12', NULL, NULL, 5, NULL, 'MIE 11:30-13:00'),
(514, 46, 4, 35, '2025-2', 'B', '', NULL, NULL, 5, NULL, 'VIE 11:30-13:00'),
(515, 46, 4, 36, '2025-2', 'C', '', NULL, NULL, 5, NULL, 'SAB 11:30-13:00'),
(516, 46, 4, 37, '2025-2', '', '1', NULL, NULL, 5, NULL, 'LUN 11:30-13:00'),
(517, 46, 4, 38, '2025-2', '', '2', NULL, NULL, 5, NULL, 'MAR 11:30-13:00'),
(518, 46, 4, 39, '2025-2', '', '3', NULL, NULL, 5, NULL, 'MIE 11:30-13:00'),
(519, 46, 4, 40, '2025-2', '', '4', NULL, NULL, 5, NULL, 'JUE 11:30-13:00'),
(520, 46, 4, 41, '2025-2', '', '5', NULL, NULL, 5, NULL, 'VIE 11:30-13:00'),
(521, 46, 4, 42, '2025-2', '', '6', NULL, NULL, 5, NULL, 'SAB 11:30-13:00'),
(522, 46, 4, 43, '2025-2', '', '7', NULL, NULL, 5, NULL, 'LUN 11:30-13:00'),
(523, 46, 4, 44, '2025-2', '', '8', NULL, NULL, 5, NULL, 'MAR 11:30-13:00'),
(524, 46, 4, 45, '2025-2', '', '9', NULL, NULL, 5, NULL, 'MIE 11:30-13:00'),
(525, 46, 4, 46, '2025-2', '', '10', NULL, NULL, 5, NULL, 'JUE 11:30-13:00'),
(526, 46, 4, 47, '2025-2', '', '11', NULL, NULL, 5, NULL, 'VIE 11:30-13:00'),
(527, 46, 4, 48, '2025-2', '', '12', NULL, NULL, 5, NULL, 'SAB 11:30-13:00'),
(528, 47, 4, 49, '2025-2', 'A', '', NULL, NULL, 5, NULL, 'LUN 11:30-13:00'),
(529, 47, 4, 50, '2025-2', 'B', '', NULL, NULL, 5, NULL, 'MAR 11:30-13:00'),
(530, 47, 4, 51, '2025-2', 'C', '', NULL, NULL, 5, NULL, 'MIE 11:30-13:00'),
(531, 47, 4, 52, '2025-2', '', '1', NULL, NULL, 5, NULL, 'JUE 11:30-13:00'),
(532, 47, 4, 53, '2025-2', '', '2', NULL, NULL, 5, NULL, 'VIE 11:30-13:00'),
(533, 47, 4, 54, '2025-2', '', '3', NULL, NULL, 5, NULL, 'SAB 11:30-13:00'),
(534, 47, 4, 55, '2025-2', '', '4', NULL, NULL, 5, NULL, 'LUN 11:30-13:00'),
(535, 47, 4, 56, '2025-2', '', '5', NULL, NULL, 5, NULL, 'MAR 11:30-13:00'),
(536, 47, 4, 57, '2025-2', '', '6', NULL, NULL, 5, NULL, 'MIE 11:30-13:00'),
(537, 47, 4, 58, '2025-2', '', '7', NULL, NULL, 5, NULL, 'JUE 11:30-13:00'),
(538, 47, 4, 59, '2025-2', '', '8', NULL, NULL, 5, NULL, 'VIE 11:30-13:00'),
(539, 47, 4, 60, '2025-2', '', '9', NULL, NULL, 5, NULL, 'SAB 11:30-13:00'),
(540, 47, 4, 61, '2025-2', '', '10', NULL, NULL, 5, NULL, 'LUN 11:30-13:00'),
(541, 47, 4, 62, '2025-2', '', '11', NULL, NULL, 5, NULL, 'MAR 11:30-13:00'),
(542, 47, 4, 63, '2025-2', '', '12', NULL, NULL, 5, NULL, 'MIE 11:30-13:00'),
(543, 48, 4, 64, '2025-2', 'A', '', NULL, NULL, 5, NULL, 'JUE 11:30-13:00'),
(544, 48, 4, 65, '2025-2', 'B', '', NULL, NULL, 5, NULL, 'VIE 11:30-13:00'),
(545, 48, 4, 66, '2025-2', 'C', '', NULL, NULL, 5, NULL, 'SAB 11:30-13:00'),
(546, 48, 4, 67, '2025-2', '', '1', NULL, NULL, 5, NULL, 'LUN 11:30-13:00'),
(547, 48, 4, 68, '2025-2', '', '2', NULL, NULL, 5, NULL, 'MAR 11:30-13:00'),
(548, 48, 4, 69, '2025-2', '', '3', NULL, NULL, 5, NULL, 'MIE 11:30-13:00'),
(549, 48, 4, 70, '2025-2', '', '4', NULL, NULL, 5, NULL, 'JUE 11:30-13:00'),
(550, 48, 4, 71, '2025-2', '', '5', NULL, NULL, 5, NULL, 'VIE 11:30-13:00'),
(551, 48, 4, 72, '2025-2', '', '6', NULL, NULL, 5, NULL, 'SAB 11:30-13:00'),
(552, 48, 4, 73, '2025-2', '', '7', NULL, NULL, 5, NULL, 'LUN 11:30-13:00'),
(553, 48, 4, 74, '2025-2', '', '8', NULL, NULL, 5, NULL, 'MAR 11:30-13:00'),
(554, 48, 4, 75, '2025-2', '', '9', NULL, NULL, 5, NULL, 'MIE 11:30-13:00'),
(555, 48, 4, 76, '2025-2', '', '10', NULL, NULL, 5, NULL, 'JUE 11:30-13:00'),
(556, 48, 4, 77, '2025-2', '', '11', NULL, NULL, 5, NULL, 'VIE 11:30-13:00'),
(557, 48, 4, 78, '2025-2', '', '12', NULL, NULL, 5, NULL, 'SAB 11:30-13:00'),
(558, 49, 4, 79, '2025-2', 'A', '', NULL, NULL, 5, NULL, 'LUN 11:30-13:00'),
(559, 49, 4, 80, '2025-2', 'B', '', NULL, NULL, 5, NULL, 'MAR 11:30-13:00'),
(560, 49, 4, 81, '2025-2', 'C', '', NULL, NULL, 5, NULL, 'MIE 11:30-13:00'),
(561, 49, 4, 82, '2025-2', '', '1', NULL, NULL, 5, NULL, 'JUE 11:30-13:00'),
(562, 49, 4, 83, '2025-2', '', '2', NULL, NULL, 5, NULL, 'VIE 11:30-13:00'),
(563, 49, 4, 84, '2025-2', '', '3', NULL, NULL, 5, NULL, 'SAB 11:30-13:00'),
(564, 49, 4, 85, '2025-2', '', '4', NULL, NULL, 5, NULL, 'LUN 11:30-13:00'),
(565, 49, 4, 86, '2025-2', '', '5', NULL, NULL, 5, NULL, 'MAR 11:30-13:00'),
(566, 49, 4, 87, '2025-2', '', '6', NULL, NULL, 5, NULL, 'MIE 11:30-13:00'),
(567, 49, 4, 88, '2025-2', '', '7', NULL, NULL, 5, NULL, 'JUE 11:30-13:00'),
(568, 49, 4, 89, '2025-2', '', '8', NULL, NULL, 5, NULL, 'VIE 11:30-13:00'),
(569, 49, 4, 90, '2025-2', '', '9', NULL, NULL, 5, NULL, 'SAB 11:30-13:00'),
(570, 49, 4, 91, '2025-2', '', '10', NULL, NULL, 5, NULL, 'LUN 11:30-13:00'),
(571, 49, 4, 92, '2025-2', '', '11', NULL, NULL, 5, NULL, 'MAR 11:30-13:00'),
(572, 49, 4, 93, '2025-2', '', '12', NULL, NULL, 5, NULL, 'MIE 11:30-13:00'),
(573, 50, 4, 94, '2025-1', 'A', '', NULL, NULL, 5, NULL, 'JUE 11:30-13:00'),
(574, 50, 4, 95, '2025-1', 'B', '', NULL, NULL, 5, NULL, 'VIE 11:30-13:00'),
(575, 50, 4, 96, '2025-1', 'C', '', NULL, NULL, 5, NULL, 'SAB 11:30-13:00'),
(576, 50, 4, 97, '2025-1', '', '1', NULL, NULL, 5, NULL, 'LUN 11:30-13:00'),
(577, 50, 4, 98, '2025-1', '', '2', NULL, NULL, 5, NULL, 'MAR 11:30-13:00'),
(578, 50, 4, 99, '2025-1', '', '3', NULL, NULL, 5, NULL, 'MIE 11:30-13:00'),
(579, 50, 4, 100, '2025-1', '', '4', NULL, NULL, 5, NULL, 'JUE 11:30-13:00'),
(580, 50, 4, 101, '2025-1', '', '5', NULL, NULL, 5, NULL, 'VIE 11:30-13:00'),
(581, 50, 4, 102, '2025-1', '', '6', NULL, NULL, 5, NULL, 'SAB 11:30-13:00'),
(582, 50, 4, 103, '2025-1', '', '7', NULL, NULL, 5, NULL, 'LUN 11:30-13:00'),
(583, 50, 4, 104, '2025-1', '', '8', NULL, NULL, 5, NULL, 'MAR 11:30-13:00'),
(584, 50, 4, 105, '2025-1', '', '9', NULL, NULL, 5, NULL, 'MIE 11:30-13:00'),
(585, 50, 4, 106, '2025-1', '', '10', NULL, NULL, 5, NULL, 'JUE 11:30-13:00'),
(586, 50, 4, 107, '2025-1', '', '11', NULL, NULL, 5, NULL, 'VIE 11:30-13:00'),
(587, 50, 4, 108, '2025-1', '', '12', NULL, NULL, 5, NULL, 'SAB 11:30-13:00'),
(588, 51, 4, 109, '2025-1', 'A', '', NULL, NULL, 5, NULL, 'LUN 11:30-13:00'),
(589, 51, 4, 110, '2025-1', 'B', '', NULL, NULL, 5, NULL, 'MAR 11:30-13:00'),
(590, 51, 4, 111, '2025-1', 'C', '', NULL, NULL, 5, NULL, 'MIE 11:30-13:00'),
(591, 51, 4, 112, '2025-1', '', '1', NULL, NULL, 5, NULL, 'JUE 11:30-13:00'),
(592, 51, 4, 113, '2025-1', '', '2', NULL, NULL, 5, NULL, 'VIE 11:30-13:00'),
(593, 51, 4, 114, '2025-1', '', '3', NULL, NULL, 5, NULL, 'SAB 11:30-13:00'),
(594, 51, 4, 115, '2025-1', '', '4', NULL, NULL, 5, NULL, 'LUN 11:30-13:00'),
(595, 51, 4, 116, '2025-1', '', '5', NULL, NULL, 5, NULL, 'MAR 11:30-13:00'),
(596, 51, 4, 117, '2025-1', '', '6', NULL, NULL, 5, NULL, 'MIE 11:30-13:00'),
(597, 51, 4, 118, '2025-1', '', '7', NULL, NULL, 5, NULL, 'JUE 11:30-13:00'),
(598, 51, 4, 119, '2025-1', '', '8', NULL, NULL, 5, NULL, 'VIE 11:30-13:00'),
(599, 51, 4, 120, '2025-1', '', '9', NULL, NULL, 5, NULL, 'SAB 11:30-13:00'),
(600, 51, 4, 121, '2025-1', '', '10', NULL, NULL, 5, NULL, 'LUN 11:30-13:00'),
(601, 51, 4, 122, '2025-1', '', '11', NULL, NULL, 5, NULL, 'MAR 11:30-13:00'),
(602, 51, 4, 123, '2025-1', '', '12', NULL, NULL, 5, NULL, 'MIE 11:30-13:00'),
(603, 52, 4, 124, '2025-1', 'A', '', NULL, NULL, 5, NULL, 'JUE 11:30-13:00'),
(604, 52, 4, 125, '2025-1', 'B', '', NULL, NULL, 5, NULL, 'VIE 11:30-13:00'),
(605, 52, 4, 126, '2025-1', 'C', '', NULL, NULL, 5, NULL, 'SAB 11:30-13:00'),
(606, 52, 4, 127, '2025-1', '', '1', NULL, NULL, 5, NULL, 'LUN 11:30-13:00'),
(607, 52, 4, 128, '2025-1', '', '2', NULL, NULL, 5, NULL, 'MAR 11:30-13:00'),
(608, 52, 4, 129, '2025-1', '', '3', NULL, NULL, 5, NULL, 'MIE 11:30-13:00'),
(609, 52, 4, 130, '2025-1', '', '4', NULL, NULL, 5, NULL, 'JUE 11:30-13:00'),
(610, 52, 4, 131, '2025-1', '', '5', NULL, NULL, 5, NULL, 'VIE 11:30-13:00'),
(611, 52, 4, 132, '2025-1', '', '6', NULL, NULL, 5, NULL, 'SAB 11:30-13:00'),
(612, 52, 4, 133, '2025-1', '', '7', NULL, NULL, 5, NULL, 'LUN 11:30-13:00'),
(613, 52, 4, 134, '2025-1', '', '8', NULL, NULL, 5, NULL, 'MAR 11:30-13:00'),
(614, 52, 4, 135, '2025-1', '', '9', NULL, NULL, 5, NULL, 'MIE 11:30-13:00'),
(615, 52, 4, 136, '2025-1', '', '10', NULL, NULL, 5, NULL, 'JUE 11:30-13:00'),
(616, 52, 4, 137, '2025-1', '', '11', NULL, NULL, 5, NULL, 'VIE 11:30-13:00'),
(617, 52, 4, 138, '2025-1', '', '12', NULL, NULL, 5, NULL, 'SAB 11:30-13:00'),
(618, 53, 4, 139, '2025-1', 'A', '', NULL, NULL, 5, NULL, 'LUN 11:30-13:00'),
(619, 53, 4, 140, '2025-1', 'B', '', NULL, NULL, 5, NULL, 'MAR 11:30-13:00'),
(620, 53, 4, 141, '2025-1', 'C', '', NULL, NULL, 5, NULL, 'MIE 11:30-13:00'),
(621, 53, 4, 142, '2025-1', '', '1', NULL, NULL, 5, NULL, 'JUE 11:30-13:00'),
(622, 53, 4, 143, '2025-1', '', '2', NULL, NULL, 5, NULL, 'VIE 11:30-13:00'),
(623, 53, 4, 144, '2025-1', '', '3', NULL, NULL, 5, NULL, 'SAB 11:30-13:00'),
(624, 53, 4, 145, '2025-1', '', '4', NULL, NULL, 5, NULL, 'LUN 11:30-13:00'),
(625, 53, 4, 146, '2025-1', '', '5', NULL, NULL, 5, NULL, 'MAR 11:30-13:00'),
(626, 53, 4, 147, '2025-1', '', '6', NULL, NULL, 5, NULL, 'MIE 11:30-13:00'),
(627, 53, 4, 148, '2025-1', '', '7', NULL, NULL, 5, NULL, 'JUE 11:30-13:00'),
(628, 53, 4, 149, '2025-1', '', '8', NULL, NULL, 5, NULL, 'VIE 11:30-13:00'),
(629, 53, 4, 150, '2025-1', '', '9', NULL, NULL, 5, NULL, 'SAB 11:30-13:00'),
(630, 53, 4, 151, '2025-1', '', '10', NULL, NULL, 5, NULL, 'LUN 11:30-13:00'),
(631, 53, 4, 152, '2025-1', '', '11', NULL, NULL, 5, NULL, 'MAR 11:30-13:00'),
(632, 53, 4, 153, '2025-1', '', '12', NULL, NULL, 5, NULL, 'MIE 11:30-13:00'),
(633, 54, 4, 154, '2025-1', 'A', '', NULL, NULL, 5, NULL, 'JUE 11:30-13:00'),
(634, 54, 4, 155, '2025-1', 'B', '', NULL, NULL, 5, NULL, 'VIE 11:30-13:00'),
(635, 54, 4, 156, '2025-1', 'C', '', NULL, NULL, 5, NULL, 'SAB 11:30-13:00'),
(636, 54, 4, 157, '2025-1', '', '1', NULL, NULL, 5, NULL, 'LUN 11:30-13:00'),
(637, 54, 4, 158, '2025-1', '', '2', NULL, NULL, 5, NULL, 'MAR 11:30-13:00'),
(638, 54, 4, 159, '2025-1', '', '3', NULL, NULL, 5, NULL, 'MIE 11:30-13:00'),
(639, 54, 4, 160, '2025-1', '', '4', NULL, NULL, 5, NULL, 'JUE 11:30-13:00'),
(640, 54, 4, 1, '2025-1', '', '5', NULL, NULL, 5, NULL, 'VIE 13:00-14:30'),
(641, 54, 4, 2, '2025-1', '', '6', NULL, NULL, 5, NULL, 'SAB 13:00-14:30'),
(642, 54, 4, 3, '2025-1', '', '7', NULL, NULL, 5, NULL, 'LUN 13:00-14:30'),
(643, 54, 4, 4, '2025-1', '', '8', NULL, NULL, 5, NULL, 'MAR 13:00-14:30'),
(644, 54, 4, 5, '2025-1', '', '9', NULL, NULL, 5, NULL, 'MIE 13:00-14:30'),
(645, 54, 4, 6, '2025-1', '', '10', NULL, NULL, 5, NULL, 'JUE 13:00-14:30'),
(646, 54, 4, 7, '2025-1', '', '11', NULL, NULL, 5, NULL, 'VIE 13:00-14:30'),
(647, 54, 4, 8, '2025-1', '', '12', NULL, NULL, 5, NULL, 'SAB 13:00-14:30'),
(648, 55, 4, 9, '2025-1', 'A', '', NULL, NULL, 5, NULL, 'LUN 13:00-14:30'),
(649, 55, 4, 10, '2025-1', 'B', '', NULL, NULL, 5, NULL, 'MAR 13:00-14:30'),
(650, 55, 4, 11, '2025-1', 'C', '', NULL, NULL, 5, NULL, 'MIE 13:00-14:30'),
(651, 55, 4, 12, '2025-1', '', '1', NULL, NULL, 5, NULL, 'JUE 13:00-14:30'),
(652, 55, 4, 13, '2025-1', '', '2', NULL, NULL, 5, NULL, 'VIE 13:00-14:30'),
(653, 55, 4, 14, '2025-1', '', '3', NULL, NULL, 5, NULL, 'SAB 13:00-14:30'),
(654, 55, 4, 15, '2025-1', '', '4', NULL, NULL, 5, NULL, 'LUN 13:00-14:30'),
(655, 55, 4, 16, '2025-1', '', '5', NULL, NULL, 5, NULL, 'MAR 13:00-14:30'),
(656, 55, 4, 17, '2025-1', '', '6', NULL, NULL, 5, NULL, 'MIE 13:00-14:30'),
(657, 55, 4, 18, '2025-1', '', '7', NULL, NULL, 5, NULL, 'JUE 13:00-14:30'),
(658, 55, 4, 19, '2025-1', '', '8', NULL, NULL, 5, NULL, 'VIE 13:00-14:30'),
(659, 55, 4, 20, '2025-1', '', '9', NULL, NULL, 5, NULL, 'SAB 13:00-14:30'),
(660, 55, 4, 21, '2025-1', '', '10', NULL, NULL, 5, NULL, 'LUN 13:00-14:30'),
(661, 55, 4, 22, '2025-1', '', '11', NULL, NULL, 5, NULL, 'MAR 13:00-14:30');
INSERT INTO `transasignacioncurso` (`idAsignacion`, `idAsignatura`, `idDocente`, `idSalon`, `periodo`, `seccion`, `grupo`, `fechaCreacion`, `fechaModificacion`, `usuarioCreacion`, `usuarioModificacion`, `horario`) VALUES
(662, 55, 4, 23, '2025-1', '', '12', NULL, NULL, 5, NULL, 'MIE 13:00-14:30'),
(663, 56, 4, 24, '2025-1', 'A', '', NULL, NULL, 5, NULL, 'JUE 13:00-14:30'),
(664, 56, 4, 25, '2025-1', 'B', '', NULL, NULL, 5, NULL, 'VIE 13:00-14:30'),
(665, 56, 4, 26, '2025-1', 'C', '', NULL, NULL, 5, NULL, 'SAB 13:00-14:30'),
(666, 56, 4, 27, '2025-1', '', '1', NULL, NULL, 5, NULL, 'LUN 13:00-14:30'),
(667, 56, 4, 28, '2025-1', '', '2', NULL, NULL, 5, NULL, 'MAR 13:00-14:30'),
(668, 56, 4, 29, '2025-1', '', '3', NULL, NULL, 5, NULL, 'MIE 13:00-14:30'),
(669, 56, 4, 30, '2025-1', '', '4', NULL, NULL, 5, NULL, 'JUE 13:00-14:30'),
(670, 56, 4, 31, '2025-1', '', '5', NULL, NULL, 5, NULL, 'VIE 13:00-14:30'),
(671, 56, 4, 32, '2025-1', '', '6', NULL, NULL, 5, NULL, 'SAB 13:00-14:30'),
(672, 56, 4, 33, '2025-1', '', '7', NULL, NULL, 5, NULL, 'LUN 13:00-14:30'),
(673, 56, 4, 34, '2025-1', '', '8', NULL, NULL, 5, NULL, 'MAR 13:00-14:30'),
(674, 56, 4, 35, '2025-1', '', '9', NULL, NULL, 5, NULL, 'MIE 13:00-14:30'),
(675, 56, 4, 36, '2025-1', '', '10', NULL, NULL, 5, NULL, 'JUE 13:00-14:30'),
(676, 56, 4, 37, '2025-1', '', '11', NULL, NULL, 5, NULL, 'VIE 13:00-14:30'),
(677, 56, 4, 38, '2025-1', '', '12', NULL, NULL, 5, NULL, 'SAB 13:00-14:30'),
(678, 57, 4, 39, '2025-2', 'A', '', NULL, NULL, 5, NULL, 'LUN 13:00-14:30'),
(679, 57, 4, 40, '2025-2', 'B', '', NULL, NULL, 5, NULL, 'MAR 13:00-14:30'),
(680, 57, 4, 41, '2025-2', 'C', '', NULL, NULL, 5, NULL, 'MIE 13:00-14:30'),
(681, 57, 4, 42, '2025-2', '', '1', NULL, NULL, 5, NULL, 'JUE 13:00-14:30'),
(682, 57, 4, 43, '2025-2', '', '2', NULL, NULL, 5, NULL, 'VIE 13:00-14:30'),
(683, 57, 4, 44, '2025-2', '', '3', NULL, NULL, 5, NULL, 'SAB 13:00-14:30'),
(684, 57, 4, 45, '2025-2', '', '4', NULL, NULL, 5, NULL, 'LUN 13:00-14:30'),
(685, 57, 4, 46, '2025-2', '', '5', NULL, NULL, 5, NULL, 'MAR 13:00-14:30'),
(686, 57, 4, 47, '2025-2', '', '6', NULL, NULL, 5, NULL, 'MIE 13:00-14:30'),
(687, 57, 4, 48, '2025-2', '', '7', NULL, NULL, 5, NULL, 'JUE 13:00-14:30'),
(688, 57, 4, 49, '2025-2', '', '8', NULL, NULL, 5, NULL, 'VIE 13:00-14:30'),
(689, 57, 4, 50, '2025-2', '', '9', NULL, NULL, 5, NULL, 'SAB 13:00-14:30'),
(690, 57, 4, 51, '2025-2', '', '10', NULL, NULL, 5, NULL, 'LUN 13:00-14:30'),
(691, 57, 4, 52, '2025-2', '', '11', NULL, NULL, 5, NULL, 'MAR 13:00-14:30'),
(692, 57, 4, 53, '2025-2', '', '12', NULL, NULL, 5, NULL, 'MIE 13:00-14:30'),
(693, 58, 4, 54, '2025-2', 'A', '', NULL, NULL, 5, NULL, 'JUE 13:00-14:30'),
(694, 58, 4, 55, '2025-2', 'B', '', NULL, NULL, 5, NULL, 'VIE 13:00-14:30'),
(695, 58, 4, 56, '2025-2', 'C', '', NULL, NULL, 5, NULL, 'SAB 13:00-14:30'),
(696, 58, 4, 57, '2025-2', '', '1', NULL, NULL, 5, NULL, 'LUN 13:00-14:30'),
(697, 58, 4, 58, '2025-2', '', '2', NULL, NULL, 5, NULL, 'MAR 13:00-14:30'),
(698, 58, 4, 59, '2025-2', '', '3', NULL, NULL, 5, NULL, 'MIE 13:00-14:30'),
(699, 58, 4, 60, '2025-2', '', '4', NULL, NULL, 5, NULL, 'JUE 13:00-14:30'),
(700, 58, 4, 61, '2025-2', '', '5', NULL, NULL, 5, NULL, 'VIE 13:00-14:30'),
(701, 58, 4, 62, '2025-2', '', '6', NULL, NULL, 5, NULL, 'SAB 13:00-14:30'),
(702, 58, 4, 63, '2025-2', '', '7', NULL, NULL, 5, NULL, 'LUN 13:00-14:30'),
(703, 58, 4, 64, '2025-2', '', '8', NULL, NULL, 5, NULL, 'MAR 13:00-14:30'),
(704, 58, 4, 65, '2025-2', '', '9', NULL, NULL, 5, NULL, 'MIE 13:00-14:30'),
(705, 58, 4, 66, '2025-2', '', '10', NULL, NULL, 5, NULL, 'JUE 13:00-14:30'),
(706, 58, 4, 67, '2025-2', '', '11', NULL, NULL, 5, NULL, 'VIE 13:00-14:30'),
(707, 58, 4, 68, '2025-2', '', '12', NULL, NULL, 5, NULL, 'SAB 13:00-14:30'),
(708, 59, 4, 69, '2025-2', 'A', '', NULL, NULL, 5, NULL, 'LUN 13:00-14:30'),
(709, 59, 4, 70, '2025-2', 'B', '', NULL, NULL, 5, NULL, 'MAR 13:00-14:30'),
(710, 59, 4, 71, '2025-2', 'C', '', NULL, NULL, 5, NULL, 'MIE 13:00-14:30'),
(711, 59, 4, 72, '2025-2', '', '1', NULL, NULL, 5, NULL, 'JUE 13:00-14:30'),
(712, 59, 4, 73, '2025-2', '', '2', NULL, NULL, 5, NULL, 'VIE 13:00-14:30'),
(713, 59, 4, 74, '2025-2', '', '3', NULL, NULL, 5, NULL, 'SAB 13:00-14:30'),
(714, 59, 4, 75, '2025-2', '', '4', NULL, NULL, 5, NULL, 'LUN 13:00-14:30'),
(715, 59, 4, 76, '2025-2', '', '5', NULL, NULL, 5, NULL, 'MAR 13:00-14:30'),
(716, 59, 4, 77, '2025-2', '', '6', NULL, NULL, 5, NULL, 'MIE 13:00-14:30'),
(717, 59, 4, 78, '2025-2', '', '7', NULL, NULL, 5, NULL, 'JUE 13:00-14:30'),
(718, 59, 4, 79, '2025-2', '', '8', NULL, NULL, 5, NULL, 'VIE 13:00-14:30'),
(719, 59, 4, 80, '2025-2', '', '9', NULL, NULL, 5, NULL, 'SAB 13:00-14:30'),
(720, 59, 4, 81, '2025-2', '', '10', NULL, NULL, 5, NULL, 'LUN 13:00-14:30'),
(721, 59, 4, 82, '2025-2', '', '11', NULL, NULL, 5, NULL, 'MAR 13:00-14:30'),
(722, 59, 4, 83, '2025-2', '', '12', NULL, NULL, 5, NULL, 'MIE 13:00-14:30'),
(723, 60, 4, 84, '2025-2', 'A', '', NULL, NULL, 5, NULL, 'JUE 13:00-14:30'),
(724, 60, 4, 85, '2025-2', 'B', '', NULL, NULL, 5, NULL, 'VIE 13:00-14:30'),
(725, 60, 4, 86, '2025-2', 'C', '', NULL, NULL, 5, NULL, 'SAB 13:00-14:30'),
(726, 60, 4, 87, '2025-2', '', '1', NULL, NULL, 5, NULL, 'LUN 13:00-14:30'),
(727, 60, 4, 88, '2025-2', '', '2', NULL, NULL, 5, NULL, 'MAR 13:00-14:30'),
(728, 60, 4, 89, '2025-2', '', '3', NULL, NULL, 5, NULL, 'MIE 13:00-14:30'),
(729, 60, 4, 90, '2025-2', '', '4', NULL, NULL, 5, NULL, 'JUE 13:00-14:30'),
(730, 60, 4, 91, '2025-2', '', '5', NULL, NULL, 5, NULL, 'VIE 13:00-14:30'),
(731, 60, 4, 92, '2025-2', '', '6', NULL, NULL, 5, NULL, 'SAB 13:00-14:30'),
(732, 60, 4, 93, '2025-2', '', '7', NULL, NULL, 5, NULL, 'LUN 13:00-14:30'),
(733, 60, 4, 94, '2025-2', '', '8', NULL, NULL, 5, NULL, 'MAR 13:00-14:30'),
(734, 60, 4, 95, '2025-2', '', '9', NULL, NULL, 5, NULL, 'MIE 13:00-14:30'),
(735, 60, 4, 96, '2025-2', '', '10', NULL, NULL, 5, NULL, 'JUE 13:00-14:30'),
(736, 60, 4, 97, '2025-2', '', '11', NULL, NULL, 5, NULL, 'VIE 13:00-14:30'),
(737, 60, 4, 98, '2025-2', '', '12', NULL, NULL, 5, NULL, 'SAB 13:00-14:30'),
(738, 61, 4, 99, '2025-2', 'A', '', NULL, NULL, 5, NULL, 'LUN 13:00-14:30'),
(739, 61, 4, 100, '2025-2', 'B', '', NULL, NULL, 5, NULL, 'MAR 13:00-14:30'),
(740, 61, 4, 101, '2025-2', 'C', '', NULL, NULL, 5, NULL, 'MIE 13:00-14:30'),
(741, 61, 4, 102, '2025-2', '', '1', NULL, NULL, 5, NULL, 'JUE 13:00-14:30'),
(742, 61, 4, 103, '2025-2', '', '2', NULL, NULL, 5, NULL, 'VIE 13:00-14:30'),
(743, 61, 4, 104, '2025-2', '', '3', NULL, NULL, 5, NULL, 'SAB 13:00-14:30'),
(744, 61, 4, 105, '2025-2', '', '4', NULL, NULL, 5, NULL, 'LUN 13:00-14:30'),
(745, 61, 4, 106, '2025-2', '', '5', NULL, NULL, 5, NULL, 'MAR 13:00-14:30'),
(746, 61, 4, 107, '2025-2', '', '6', NULL, NULL, 5, NULL, 'MIE 13:00-14:30'),
(747, 61, 4, 108, '2025-2', '', '7', NULL, NULL, 5, NULL, 'JUE 13:00-14:30'),
(748, 61, 4, 109, '2025-2', '', '8', NULL, NULL, 5, NULL, 'VIE 13:00-14:30'),
(749, 61, 4, 110, '2025-2', '', '9', NULL, NULL, 5, NULL, 'SAB 13:00-14:30'),
(750, 61, 4, 111, '2025-2', '', '10', NULL, NULL, 5, NULL, 'LUN 13:00-14:30'),
(751, 61, 4, 112, '2025-2', '', '11', NULL, NULL, 5, NULL, 'MAR 13:00-14:30'),
(752, 61, 4, 113, '2025-2', '', '12', NULL, NULL, 5, NULL, 'MIE 13:00-14:30'),
(753, 62, 4, 114, '2025-2', 'A', '', NULL, NULL, 5, NULL, 'JUE 13:00-14:30'),
(754, 62, 4, 115, '2025-2', 'B', '', NULL, NULL, 5, NULL, 'VIE 13:00-14:30'),
(755, 62, 4, 116, '2025-2', 'C', '', NULL, NULL, 5, NULL, 'SAB 13:00-14:30'),
(756, 62, 4, 117, '2025-2', '', '1', NULL, NULL, 5, NULL, 'LUN 13:00-14:30'),
(757, 62, 4, 118, '2025-2', '', '2', NULL, NULL, 5, NULL, 'MAR 13:00-14:30'),
(758, 62, 4, 119, '2025-2', '', '3', NULL, NULL, 5, NULL, 'MIE 13:00-14:30'),
(759, 62, 4, 120, '2025-2', '', '4', NULL, NULL, 5, NULL, 'JUE 13:00-14:30'),
(760, 62, 4, 121, '2025-2', '', '5', NULL, NULL, 5, NULL, 'VIE 13:00-14:30'),
(761, 62, 4, 122, '2025-2', '', '6', NULL, NULL, 5, NULL, 'SAB 13:00-14:30'),
(762, 62, 4, 123, '2025-2', '', '7', NULL, NULL, 5, NULL, 'LUN 13:00-14:30'),
(763, 62, 4, 124, '2025-2', '', '8', NULL, NULL, 5, NULL, 'MAR 13:00-14:30'),
(764, 62, 4, 125, '2025-2', '', '9', NULL, NULL, 5, NULL, 'MIE 13:00-14:30'),
(765, 62, 4, 126, '2025-2', '', '10', NULL, NULL, 5, NULL, 'JUE 13:00-14:30'),
(766, 62, 4, 127, '2025-2', '', '11', NULL, NULL, 5, NULL, 'VIE 13:00-14:30'),
(767, 62, 4, 128, '2025-2', '', '12', NULL, NULL, 5, NULL, 'SAB 13:00-14:30'),
(768, 63, 4, 129, '2025-2', 'A', '', NULL, NULL, 5, NULL, 'LUN 13:00-14:30'),
(769, 63, 4, 130, '2025-2', 'B', '', NULL, NULL, 5, NULL, 'MAR 13:00-14:30'),
(770, 63, 4, 131, '2025-2', 'C', '', NULL, NULL, 5, NULL, 'MIE 13:00-14:30'),
(771, 63, 4, 132, '2025-2', '', '1', NULL, NULL, 5, NULL, 'JUE 13:00-14:30'),
(772, 63, 4, 133, '2025-2', '', '2', NULL, NULL, 5, NULL, 'VIE 13:00-14:30'),
(773, 63, 4, 134, '2025-2', '', '3', NULL, NULL, 5, NULL, 'SAB 13:00-14:30'),
(774, 63, 4, 135, '2025-2', '', '4', NULL, NULL, 5, NULL, 'LUN 13:00-14:30'),
(775, 63, 4, 136, '2025-2', '', '5', NULL, NULL, 5, NULL, 'MAR 13:00-14:30'),
(776, 63, 4, 137, '2025-2', '', '6', NULL, NULL, 5, NULL, 'MIE 13:00-14:30'),
(777, 63, 4, 138, '2025-2', '', '7', NULL, NULL, 5, NULL, 'JUE 13:00-14:30'),
(778, 63, 4, 139, '2025-2', '', '8', NULL, NULL, 5, NULL, 'VIE 13:00-14:30'),
(779, 63, 4, 140, '2025-2', '', '9', NULL, NULL, 5, NULL, 'SAB 13:00-14:30'),
(780, 63, 4, 141, '2025-2', '', '10', NULL, NULL, 5, NULL, 'LUN 13:00-14:30'),
(781, 63, 4, 142, '2025-2', '', '11', NULL, NULL, 5, NULL, 'MAR 13:00-14:30'),
(782, 63, 4, 143, '2025-2', '', '12', NULL, NULL, 5, NULL, 'MIE 13:00-14:30'),
(783, 64, 4, 144, '2025-1', 'A', '', NULL, NULL, 5, NULL, 'JUE 13:00-14:30'),
(784, 64, 4, 145, '2025-1', 'B', '', NULL, NULL, 5, NULL, 'VIE 13:00-14:30'),
(785, 64, 4, 146, '2025-1', 'C', '', NULL, NULL, 5, NULL, 'SAB 13:00-14:30'),
(786, 64, 4, 147, '2025-1', '', '1', NULL, NULL, 5, NULL, 'LUN 13:00-14:30'),
(787, 64, 4, 148, '2025-1', '', '2', NULL, NULL, 5, NULL, 'MAR 13:00-14:30'),
(788, 64, 4, 149, '2025-1', '', '3', NULL, NULL, 5, NULL, 'MIE 13:00-14:30'),
(789, 64, 4, 150, '2025-1', '', '4', NULL, NULL, 5, NULL, 'JUE 13:00-14:30'),
(790, 64, 4, 151, '2025-1', '', '5', NULL, NULL, 5, NULL, 'VIE 13:00-14:30'),
(791, 64, 4, 152, '2025-1', '', '6', NULL, NULL, 5, NULL, 'SAB 13:00-14:30'),
(792, 64, 4, 153, '2025-1', '', '7', NULL, NULL, 5, NULL, 'LUN 13:00-14:30'),
(793, 64, 4, 154, '2025-1', '', '8', NULL, NULL, 5, NULL, 'MAR 13:00-14:30'),
(794, 64, 4, 155, '2025-1', '', '9', NULL, NULL, 5, NULL, 'MIE 13:00-14:30'),
(795, 64, 4, 156, '2025-1', '', '10', NULL, NULL, 5, NULL, 'JUE 13:00-14:30'),
(796, 64, 4, 157, '2025-1', '', '11', NULL, NULL, 5, NULL, 'VIE 13:00-14:30'),
(797, 64, 4, 158, '2025-1', '', '12', NULL, NULL, 5, NULL, 'SAB 13:00-14:30'),
(798, 65, 4, 159, '2025-1', 'A', '', NULL, NULL, 5, NULL, 'LUN 13:00-14:30'),
(799, 65, 4, 160, '2025-1', 'B', '', NULL, NULL, 5, NULL, 'MAR 13:00-14:30'),
(800, 65, 4, 1, '2025-1', 'C', '', NULL, NULL, 5, NULL, 'MIE 14:30-16:00'),
(801, 65, 4, 2, '2025-1', '', '1', NULL, NULL, 5, NULL, 'JUE 14:30-16:00'),
(802, 65, 4, 3, '2025-1', '', '2', NULL, NULL, 5, NULL, 'VIE 14:30-16:00'),
(803, 65, 4, 4, '2025-1', '', '3', NULL, NULL, 5, NULL, 'SAB 14:30-16:00'),
(804, 65, 4, 5, '2025-1', '', '4', NULL, NULL, 5, NULL, 'LUN 14:30-16:00'),
(805, 65, 4, 6, '2025-1', '', '5', NULL, NULL, 5, NULL, 'MAR 14:30-16:00'),
(806, 65, 4, 7, '2025-1', '', '6', NULL, NULL, 5, NULL, 'MIE 14:30-16:00'),
(807, 65, 4, 8, '2025-1', '', '7', NULL, NULL, 5, NULL, 'JUE 14:30-16:00'),
(808, 65, 4, 9, '2025-1', '', '8', NULL, NULL, 5, NULL, 'VIE 14:30-16:00'),
(809, 65, 4, 10, '2025-1', '', '9', NULL, NULL, 5, NULL, 'SAB 14:30-16:00'),
(810, 65, 4, 11, '2025-1', '', '10', NULL, NULL, 5, NULL, 'LUN 14:30-16:00'),
(811, 65, 4, 12, '2025-1', '', '11', NULL, NULL, 5, NULL, 'MAR 14:30-16:00'),
(812, 65, 4, 13, '2025-1', '', '12', NULL, NULL, 5, NULL, 'MIE 14:30-16:00'),
(813, 66, 4, 14, '2025-1', 'A', '', NULL, NULL, 5, NULL, 'JUE 14:30-16:00'),
(814, 66, 4, 15, '2025-1', 'B', '', NULL, NULL, 5, NULL, 'VIE 14:30-16:00'),
(815, 66, 4, 16, '2025-1', 'C', '', NULL, NULL, 5, NULL, 'SAB 14:30-16:00'),
(816, 66, 4, 17, '2025-1', '', '1', NULL, NULL, 5, NULL, 'LUN 14:30-16:00'),
(817, 66, 4, 18, '2025-1', '', '2', NULL, NULL, 5, NULL, 'MAR 14:30-16:00'),
(818, 66, 4, 19, '2025-1', '', '3', NULL, NULL, 5, NULL, 'MIE 14:30-16:00'),
(819, 66, 4, 20, '2025-1', '', '4', NULL, NULL, 5, NULL, 'JUE 14:30-16:00'),
(820, 66, 4, 21, '2025-1', '', '5', NULL, NULL, 5, NULL, 'VIE 14:30-16:00'),
(821, 66, 4, 22, '2025-1', '', '6', NULL, NULL, 5, NULL, 'SAB 14:30-16:00'),
(822, 66, 4, 23, '2025-1', '', '7', NULL, NULL, 5, NULL, 'LUN 14:30-16:00'),
(823, 66, 4, 24, '2025-1', '', '8', NULL, NULL, 5, NULL, 'MAR 14:30-16:00'),
(824, 66, 4, 25, '2025-1', '', '9', NULL, NULL, 5, NULL, 'MIE 14:30-16:00'),
(825, 66, 4, 26, '2025-1', '', '10', NULL, NULL, 5, NULL, 'JUE 14:30-16:00'),
(826, 66, 4, 27, '2025-1', '', '11', NULL, NULL, 5, NULL, 'VIE 14:30-16:00'),
(827, 66, 4, 28, '2025-1', '', '12', NULL, NULL, 5, NULL, 'SAB 14:30-16:00'),
(828, 67, 4, 29, '2025-1', 'A', '', NULL, NULL, 5, NULL, 'LUN 14:30-16:00'),
(829, 67, 4, 30, '2025-1', 'B', '', NULL, NULL, 5, NULL, 'MAR 14:30-16:00'),
(830, 67, 4, 31, '2025-1', 'C', '', NULL, NULL, 5, NULL, 'MIE 14:30-16:00'),
(831, 67, 4, 32, '2025-1', '', '1', NULL, NULL, 5, NULL, 'JUE 14:30-16:00'),
(832, 67, 4, 33, '2025-1', '', '2', NULL, NULL, 5, NULL, 'VIE 14:30-16:00'),
(833, 67, 4, 34, '2025-1', '', '3', NULL, NULL, 5, NULL, 'SAB 14:30-16:00'),
(834, 67, 4, 35, '2025-1', '', '4', NULL, NULL, 5, NULL, 'LUN 14:30-16:00'),
(835, 67, 4, 36, '2025-1', '', '5', NULL, NULL, 5, NULL, 'MAR 14:30-16:00'),
(836, 67, 4, 37, '2025-1', '', '6', NULL, NULL, 5, NULL, 'MIE 14:30-16:00'),
(837, 67, 4, 38, '2025-1', '', '7', NULL, NULL, 5, NULL, 'JUE 14:30-16:00'),
(838, 67, 4, 39, '2025-1', '', '8', NULL, NULL, 5, NULL, 'VIE 14:30-16:00'),
(839, 67, 4, 40, '2025-1', '', '9', NULL, NULL, 5, NULL, 'SAB 14:30-16:00'),
(840, 67, 4, 41, '2025-1', '', '10', NULL, NULL, 5, NULL, 'LUN 14:30-16:00'),
(841, 67, 4, 42, '2025-1', '', '11', NULL, NULL, 5, NULL, 'MAR 14:30-16:00'),
(842, 67, 4, 43, '2025-1', '', '12', NULL, NULL, 5, NULL, 'MIE 14:30-16:00'),
(843, 68, 4, 44, '2025-1', '', '1', NULL, NULL, 5, NULL, 'JUE 14:30-16:00'),
(844, 68, 4, 45, '2025-1', '', '2', NULL, NULL, 5, NULL, 'VIE 14:30-16:00'),
(845, 68, 4, 46, '2025-1', '', '3', NULL, NULL, 5, NULL, 'SAB 14:30-16:00'),
(846, 68, 4, 47, '2025-1', '', '4', NULL, NULL, 5, NULL, 'LUN 14:30-16:00'),
(847, 68, 4, 48, '2025-1', '', '5', NULL, NULL, 5, NULL, 'MAR 14:30-16:00'),
(848, 68, 4, 49, '2025-1', '', '6', NULL, NULL, 5, NULL, 'MIE 14:30-16:00'),
(849, 68, 4, 50, '2025-1', '', '7', NULL, NULL, 5, NULL, 'JUE 14:30-16:00'),
(850, 68, 4, 51, '2025-1', '', '8', NULL, NULL, 5, NULL, 'VIE 14:30-16:00'),
(851, 68, 4, 52, '2025-1', '', '9', NULL, NULL, 5, NULL, 'SAB 14:30-16:00'),
(852, 68, 4, 53, '2025-1', '', '10', NULL, NULL, 5, NULL, 'LUN 14:30-16:00'),
(853, 68, 4, 54, '2025-1', '', '11', NULL, NULL, 5, NULL, 'MAR 14:30-16:00'),
(854, 68, 4, 55, '2025-1', '', '12', NULL, NULL, 5, NULL, 'MIE 14:30-16:00'),
(855, 69, 4, 56, '2025-1', 'A', '', NULL, NULL, 5, NULL, 'JUE 14:30-16:00'),
(856, 69, 4, 57, '2025-1', 'B', '', NULL, NULL, 5, NULL, 'VIE 14:30-16:00'),
(857, 69, 4, 58, '2025-1', 'C', '', NULL, NULL, 5, NULL, 'SAB 14:30-16:00'),
(858, 69, 4, 59, '2025-1', '', '1', NULL, NULL, 5, NULL, 'LUN 14:30-16:00'),
(859, 69, 4, 60, '2025-1', '', '2', NULL, NULL, 5, NULL, 'MAR 14:30-16:00'),
(860, 69, 4, 61, '2025-1', '', '3', NULL, NULL, 5, NULL, 'MIE 14:30-16:00'),
(861, 69, 4, 62, '2025-1', '', '4', NULL, NULL, 5, NULL, 'JUE 14:30-16:00'),
(862, 69, 4, 63, '2025-1', '', '5', NULL, NULL, 5, NULL, 'VIE 14:30-16:00'),
(863, 69, 4, 64, '2025-1', '', '6', NULL, NULL, 5, NULL, 'SAB 14:30-16:00'),
(864, 69, 4, 65, '2025-1', '', '7', NULL, NULL, 5, NULL, 'LUN 14:30-16:00'),
(865, 69, 4, 66, '2025-1', '', '8', NULL, NULL, 5, NULL, 'MAR 14:30-16:00'),
(866, 69, 4, 67, '2025-1', '', '9', NULL, NULL, 5, NULL, 'MIE 14:30-16:00'),
(867, 69, 4, 68, '2025-1', '', '10', NULL, NULL, 5, NULL, 'JUE 14:30-16:00'),
(868, 69, 4, 69, '2025-1', '', '11', NULL, NULL, 5, NULL, 'VIE 14:30-16:00'),
(869, 69, 4, 70, '2025-1', '', '12', NULL, NULL, 5, NULL, 'SAB 14:30-16:00'),
(870, 70, 4, 71, '2025-2', 'A', '', NULL, NULL, 5, NULL, 'LUN 14:30-16:00'),
(871, 70, 4, 72, '2025-2', 'B', '', NULL, NULL, 5, NULL, 'MAR 14:30-16:00'),
(872, 70, 4, 73, '2025-2', 'C', '', NULL, NULL, 5, NULL, 'MIE 14:30-16:00'),
(873, 70, 4, 74, '2025-2', '', '1', NULL, NULL, 5, NULL, 'JUE 14:30-16:00'),
(874, 70, 4, 75, '2025-2', '', '2', NULL, NULL, 5, NULL, 'VIE 14:30-16:00'),
(875, 70, 4, 76, '2025-2', '', '3', NULL, NULL, 5, NULL, 'SAB 14:30-16:00'),
(876, 70, 4, 77, '2025-2', '', '4', NULL, NULL, 5, NULL, 'LUN 14:30-16:00'),
(877, 70, 4, 78, '2025-2', '', '5', NULL, NULL, 5, NULL, 'MAR 14:30-16:00'),
(878, 70, 4, 79, '2025-2', '', '6', NULL, NULL, 5, NULL, 'MIE 14:30-16:00'),
(879, 70, 4, 80, '2025-2', '', '7', NULL, NULL, 5, NULL, 'JUE 14:30-16:00'),
(880, 70, 4, 81, '2025-2', '', '8', NULL, NULL, 5, NULL, 'VIE 14:30-16:00'),
(881, 70, 4, 82, '2025-2', '', '9', NULL, NULL, 5, NULL, 'SAB 14:30-16:00'),
(882, 70, 4, 83, '2025-2', '', '10', NULL, NULL, 5, NULL, 'LUN 14:30-16:00'),
(883, 70, 4, 84, '2025-2', '', '11', NULL, NULL, 5, NULL, 'MAR 14:30-16:00'),
(884, 70, 4, 85, '2025-2', '', '12', NULL, NULL, 5, NULL, 'MIE 14:30-16:00'),
(885, 71, 4, 86, '2025-2', 'A', '', NULL, NULL, 5, NULL, 'JUE 14:30-16:00'),
(886, 71, 4, 87, '2025-2', 'B', '', NULL, NULL, 5, NULL, 'VIE 14:30-16:00'),
(887, 71, 4, 88, '2025-2', 'C', '', NULL, NULL, 5, NULL, 'SAB 14:30-16:00'),
(888, 71, 4, 89, '2025-2', '', '1', NULL, NULL, 5, NULL, 'LUN 14:30-16:00'),
(889, 71, 4, 90, '2025-2', '', '2', NULL, NULL, 5, NULL, 'MAR 14:30-16:00'),
(890, 71, 4, 91, '2025-2', '', '3', NULL, NULL, 5, NULL, 'MIE 14:30-16:00'),
(891, 71, 4, 92, '2025-2', '', '4', NULL, NULL, 5, NULL, 'JUE 14:30-16:00'),
(892, 71, 4, 93, '2025-2', '', '5', NULL, NULL, 5, NULL, 'VIE 14:30-16:00'),
(893, 71, 4, 94, '2025-2', '', '6', NULL, NULL, 5, NULL, 'SAB 14:30-16:00'),
(894, 71, 4, 95, '2025-2', '', '7', NULL, NULL, 5, NULL, 'LUN 14:30-16:00'),
(895, 71, 4, 96, '2025-2', '', '8', NULL, NULL, 5, NULL, 'MAR 14:30-16:00'),
(896, 71, 4, 97, '2025-2', '', '9', NULL, NULL, 5, NULL, 'MIE 14:30-16:00'),
(897, 71, 4, 98, '2025-2', '', '10', NULL, NULL, 5, NULL, 'JUE 14:30-16:00'),
(898, 71, 4, 99, '2025-2', '', '11', NULL, NULL, 5, NULL, 'VIE 14:30-16:00'),
(899, 71, 4, 100, '2025-2', '', '12', NULL, NULL, 5, NULL, 'SAB 14:30-16:00'),
(900, 72, 4, 101, '2025-2', 'A', '', NULL, NULL, 5, NULL, 'LUN 14:30-16:00'),
(901, 72, 4, 102, '2025-2', 'B', '', NULL, NULL, 5, NULL, 'MAR 14:30-16:00'),
(902, 72, 4, 103, '2025-2', 'C', '', NULL, NULL, 5, NULL, 'MIE 14:30-16:00'),
(903, 72, 4, 104, '2025-2', '', '1', NULL, NULL, 5, NULL, 'JUE 14:30-16:00'),
(904, 72, 4, 105, '2025-2', '', '2', NULL, NULL, 5, NULL, 'VIE 14:30-16:00'),
(905, 72, 4, 106, '2025-2', '', '3', NULL, NULL, 5, NULL, 'SAB 14:30-16:00'),
(906, 72, 4, 107, '2025-2', '', '4', NULL, NULL, 5, NULL, 'LUN 14:30-16:00'),
(907, 72, 4, 108, '2025-2', '', '5', NULL, NULL, 5, NULL, 'MAR 14:30-16:00'),
(908, 72, 4, 109, '2025-2', '', '6', NULL, NULL, 5, NULL, 'MIE 14:30-16:00'),
(909, 72, 4, 110, '2025-2', '', '7', NULL, NULL, 5, NULL, 'JUE 14:30-16:00'),
(910, 72, 4, 111, '2025-2', '', '8', NULL, NULL, 5, NULL, 'VIE 14:30-16:00'),
(911, 72, 4, 112, '2025-2', '', '9', NULL, NULL, 5, NULL, 'SAB 14:30-16:00'),
(912, 72, 4, 113, '2025-2', '', '10', NULL, NULL, 5, NULL, 'LUN 14:30-16:00'),
(913, 72, 4, 114, '2025-2', '', '11', NULL, NULL, 5, NULL, 'MAR 14:30-16:00'),
(914, 72, 4, 115, '2025-2', '', '12', NULL, NULL, 5, NULL, 'MIE 14:30-16:00'),
(915, 73, 4, 116, '2025-2', 'A', '', NULL, NULL, 5, NULL, 'JUE 14:30-16:00'),
(916, 73, 4, 117, '2025-2', 'B', '', NULL, NULL, 5, NULL, 'VIE 14:30-16:00'),
(917, 73, 4, 118, '2025-2', 'C', '', NULL, NULL, 5, NULL, 'SAB 14:30-16:00'),
(918, 73, 4, 119, '2025-2', '', '1', NULL, NULL, 5, NULL, 'LUN 14:30-16:00'),
(919, 73, 4, 120, '2025-2', '', '2', NULL, NULL, 5, NULL, 'MAR 14:30-16:00'),
(920, 73, 4, 121, '2025-2', '', '3', NULL, NULL, 5, NULL, 'MIE 14:30-16:00'),
(921, 73, 4, 122, '2025-2', '', '4', NULL, NULL, 5, NULL, 'JUE 14:30-16:00'),
(922, 73, 4, 123, '2025-2', '', '5', NULL, NULL, 5, NULL, 'VIE 14:30-16:00'),
(923, 73, 4, 124, '2025-2', '', '6', NULL, NULL, 5, NULL, 'SAB 14:30-16:00'),
(924, 73, 4, 125, '2025-2', '', '7', NULL, NULL, 5, NULL, 'LUN 14:30-16:00'),
(925, 73, 4, 126, '2025-2', '', '8', NULL, NULL, 5, NULL, 'MAR 14:30-16:00'),
(926, 73, 4, 127, '2025-2', '', '9', NULL, NULL, 5, NULL, 'MIE 14:30-16:00'),
(927, 73, 4, 128, '2025-2', '', '10', NULL, NULL, 5, NULL, 'JUE 14:30-16:00'),
(928, 73, 4, 129, '2025-2', '', '11', NULL, NULL, 5, NULL, 'VIE 14:30-16:00'),
(929, 73, 4, 130, '2025-2', '', '12', NULL, NULL, 5, NULL, 'SAB 14:30-16:00'),
(930, 74, 4, 131, '2025-2', '', '1', NULL, NULL, 5, NULL, 'LUN 14:30-16:00'),
(931, 74, 4, 132, '2025-2', '', '2', NULL, NULL, 5, NULL, 'MAR 14:30-16:00'),
(932, 74, 4, 133, '2025-2', '', '3', NULL, NULL, 5, NULL, 'MIE 14:30-16:00'),
(933, 74, 4, 134, '2025-2', '', '4', NULL, NULL, 5, NULL, 'JUE 14:30-16:00'),
(934, 74, 4, 135, '2025-2', '', '5', NULL, NULL, 5, NULL, 'VIE 14:30-16:00'),
(935, 74, 4, 136, '2025-2', '', '6', NULL, NULL, 5, NULL, 'SAB 14:30-16:00'),
(936, 74, 4, 137, '2025-2', '', '7', NULL, NULL, 5, NULL, 'LUN 14:30-16:00'),
(937, 74, 4, 138, '2025-2', '', '8', NULL, NULL, 5, NULL, 'MAR 14:30-16:00'),
(938, 74, 4, 139, '2025-2', '', '9', NULL, NULL, 5, NULL, 'MIE 14:30-16:00'),
(939, 74, 4, 140, '2025-2', '', '10', NULL, NULL, 5, NULL, 'JUE 14:30-16:00'),
(940, 74, 4, 141, '2025-2', '', '11', NULL, NULL, 5, NULL, 'VIE 14:30-16:00'),
(941, 74, 4, 142, '2025-2', '', '12', NULL, NULL, 5, NULL, 'SAB 14:30-16:00'),
(942, 75, 4, 143, '2025-2', '', '1', NULL, NULL, 5, NULL, 'LUN 14:30-16:00'),
(943, 75, 4, 144, '2025-2', '', '2', NULL, NULL, 5, NULL, 'MAR 14:30-16:00'),
(944, 75, 4, 145, '2025-2', '', '3', NULL, NULL, 5, NULL, 'MIE 14:30-16:00'),
(945, 75, 4, 146, '2025-2', '', '4', NULL, NULL, 5, NULL, 'JUE 14:30-16:00'),
(946, 75, 4, 147, '2025-2', '', '5', NULL, NULL, 5, NULL, 'VIE 14:30-16:00'),
(947, 75, 4, 148, '2025-2', '', '6', NULL, NULL, 5, NULL, 'SAB 14:30-16:00'),
(948, 75, 4, 149, '2025-2', '', '7', NULL, NULL, 5, NULL, 'LUN 14:30-16:00'),
(949, 75, 4, 150, '2025-2', '', '8', NULL, NULL, 5, NULL, 'MAR 14:30-16:00'),
(950, 75, 4, 151, '2025-2', '', '9', NULL, NULL, 5, NULL, 'MIE 14:30-16:00'),
(951, 75, 4, 152, '2025-2', '', '10', NULL, NULL, 5, NULL, 'JUE 14:30-16:00'),
(952, 75, 4, 153, '2025-2', '', '11', NULL, NULL, 5, NULL, 'VIE 14:30-16:00'),
(953, 75, 4, 154, '2025-2', '', '12', NULL, NULL, 5, NULL, 'SAB 14:30-16:00'),
(954, 76, 4, 155, '2025-1', 'A', '', NULL, NULL, 5, NULL, 'LUN 14:30-16:00'),
(955, 76, 4, 156, '2025-1', 'B', '', NULL, NULL, 5, NULL, 'MAR 14:30-16:00'),
(956, 76, 4, 157, '2025-1', 'C', '', NULL, NULL, 5, NULL, 'MIE 14:30-16:00'),
(957, 76, 4, 158, '2025-1', '', '1', NULL, NULL, 5, NULL, 'JUE 14:30-16:00'),
(958, 76, 4, 159, '2025-1', '', '2', NULL, NULL, 5, NULL, 'VIE 14:30-16:00'),
(959, 76, 4, 160, '2025-1', '', '3', NULL, NULL, 5, NULL, 'SAB 14:30-16:00'),
(960, 76, 4, 1, '2025-1', '', '4', NULL, NULL, 5, NULL, 'LUN 16:00-17:30'),
(961, 76, 4, 2, '2025-1', '', '5', NULL, NULL, 5, NULL, 'MAR 16:00-17:30'),
(962, 76, 4, 3, '2025-1', '', '6', NULL, NULL, 5, NULL, 'MIE 16:00-17:30'),
(963, 76, 4, 4, '2025-1', '', '7', NULL, NULL, 5, NULL, 'JUE 16:00-17:30'),
(964, 76, 4, 5, '2025-1', '', '8', NULL, NULL, 5, NULL, 'VIE 16:00-17:30'),
(965, 76, 4, 6, '2025-1', '', '9', NULL, NULL, 5, NULL, 'SAB 16:00-17:30'),
(966, 76, 4, 7, '2025-1', '', '10', NULL, NULL, 5, NULL, 'LUN 16:00-17:30'),
(967, 76, 4, 8, '2025-1', '', '11', NULL, NULL, 5, NULL, 'MAR 16:00-17:30'),
(968, 76, 4, 9, '2025-1', '', '12', NULL, NULL, 5, NULL, 'MIE 16:00-17:30'),
(969, 77, 4, 10, '2025-1', 'A', '', NULL, NULL, 5, NULL, 'JUE 16:00-17:30'),
(970, 77, 4, 11, '2025-1', 'B', '', NULL, NULL, 5, NULL, 'VIE 16:00-17:30'),
(971, 77, 4, 12, '2025-1', 'C', '', NULL, NULL, 5, NULL, 'SAB 16:00-17:30'),
(972, 77, 4, 13, '2025-1', '', '1', NULL, NULL, 5, NULL, 'LUN 16:00-17:30'),
(973, 77, 4, 14, '2025-1', '', '2', NULL, NULL, 5, NULL, 'MAR 16:00-17:30'),
(974, 77, 4, 15, '2025-1', '', '3', NULL, NULL, 5, NULL, 'MIE 16:00-17:30'),
(975, 77, 4, 16, '2025-1', '', '4', NULL, NULL, 5, NULL, 'JUE 16:00-17:30'),
(976, 77, 4, 17, '2025-1', '', '5', NULL, NULL, 5, NULL, 'VIE 16:00-17:30'),
(977, 77, 4, 18, '2025-1', '', '6', NULL, NULL, 5, NULL, 'SAB 16:00-17:30'),
(978, 77, 4, 19, '2025-1', '', '7', NULL, NULL, 5, NULL, 'LUN 16:00-17:30'),
(979, 77, 4, 20, '2025-1', '', '8', NULL, NULL, 5, NULL, 'MAR 16:00-17:30'),
(980, 77, 4, 21, '2025-1', '', '9', NULL, NULL, 5, NULL, 'MIE 16:00-17:30'),
(981, 77, 4, 22, '2025-1', '', '10', NULL, NULL, 5, NULL, 'JUE 16:00-17:30'),
(982, 77, 4, 23, '2025-1', '', '11', NULL, NULL, 5, NULL, 'VIE 16:00-17:30'),
(983, 77, 4, 24, '2025-1', '', '12', NULL, NULL, 5, NULL, 'SAB 16:00-17:30'),
(984, 78, 4, 25, '2025-1', 'A', '', NULL, NULL, 5, NULL, 'LUN 16:00-17:30'),
(985, 78, 4, 26, '2025-1', 'B', '', NULL, NULL, 5, NULL, 'MAR 16:00-17:30'),
(986, 78, 4, 27, '2025-1', 'C', '', NULL, NULL, 5, NULL, 'MIE 16:00-17:30'),
(987, 78, 4, 28, '2025-1', '', '1', NULL, NULL, 5, NULL, 'JUE 16:00-17:30'),
(988, 78, 4, 29, '2025-1', '', '2', NULL, NULL, 5, NULL, 'VIE 16:00-17:30'),
(989, 78, 4, 30, '2025-1', '', '3', NULL, NULL, 5, NULL, 'SAB 16:00-17:30'),
(990, 78, 4, 31, '2025-1', '', '4', NULL, NULL, 5, NULL, 'LUN 16:00-17:30'),
(991, 78, 4, 32, '2025-1', '', '5', NULL, NULL, 5, NULL, 'MAR 16:00-17:30'),
(992, 78, 4, 33, '2025-1', '', '6', NULL, NULL, 5, NULL, 'MIE 16:00-17:30'),
(993, 78, 4, 34, '2025-1', '', '7', NULL, NULL, 5, NULL, 'JUE 16:00-17:30'),
(994, 78, 4, 35, '2025-1', '', '8', NULL, NULL, 5, NULL, 'VIE 16:00-17:30'),
(995, 78, 4, 36, '2025-1', '', '9', NULL, NULL, 5, NULL, 'SAB 16:00-17:30'),
(996, 78, 4, 37, '2025-1', '', '10', NULL, NULL, 5, NULL, 'LUN 16:00-17:30'),
(997, 78, 4, 38, '2025-1', '', '11', NULL, NULL, 5, NULL, 'MAR 16:00-17:30'),
(998, 78, 4, 39, '2025-1', '', '12', NULL, NULL, 5, NULL, 'MIE 16:00-17:30'),
(999, 79, 4, 40, '2025-1', 'A', '', NULL, NULL, 5, NULL, 'JUE 16:00-17:30'),
(1000, 79, 4, 41, '2025-1', 'B', '', NULL, NULL, 5, NULL, 'VIE 16:00-17:30'),
(1001, 79, 4, 42, '2025-1', 'C', '', NULL, NULL, 5, NULL, 'SAB 16:00-17:30'),
(1002, 79, 4, 41, '2025-1', 'B', '', NULL, NULL, 5, NULL, 'VIE 16:00-17:30'),
(1003, 79, 4, 42, '2025-1', 'C', '', NULL, NULL, 5, NULL, 'SAB 16:00-17:30'),
(1004, 79, 4, 43, '2025-1', '', '1', NULL, NULL, 5, NULL, 'LUN 16:00-17:30'),
(1005, 79, 4, 44, '2025-1', '', '2', NULL, NULL, 5, NULL, 'MAR 16:00-17:30'),
(1006, 79, 4, 45, '2025-1', '', '3', NULL, NULL, 5, NULL, 'MIE 16:00-17:30'),
(1007, 79, 4, 46, '2025-1', '', '4', NULL, NULL, 5, NULL, 'JUE 16:00-17:30'),
(1008, 79, 4, 47, '2025-1', '', '5', NULL, NULL, 5, NULL, 'VIE 16:00-17:30'),
(1009, 79, 4, 48, '2025-1', '', '6', NULL, NULL, 5, NULL, 'SAB 16:00-17:30'),
(1010, 79, 4, 49, '2025-1', '', '7', NULL, NULL, 5, NULL, 'LUN 16:00-17:30'),
(1011, 79, 4, 50, '2025-1', '', '8', NULL, NULL, 5, NULL, 'MAR 16:00-17:30'),
(1012, 79, 4, 51, '2025-1', '', '9', NULL, NULL, 5, NULL, 'MIE 16:00-17:30'),
(1013, 79, 4, 52, '2025-1', '', '10', NULL, NULL, 5, NULL, 'JUE 16:00-17:30'),
(1014, 79, 4, 53, '2025-1', '', '11', NULL, NULL, 5, NULL, 'VIE 16:00-17:30'),
(1015, 79, 4, 54, '2025-1', '', '12', NULL, NULL, 5, NULL, 'SAB 16:00-17:30'),
(1016, 80, 4, 55, '2025-1', 'A', '', NULL, NULL, 5, NULL, 'LUN 16:00-17:30'),
(1017, 80, 4, 56, '2025-1', 'B', '', NULL, NULL, 5, NULL, 'MAR 16:00-17:30'),
(1018, 80, 4, 57, '2025-1', 'C', '', NULL, NULL, 5, NULL, 'MIE 16:00-17:30'),
(1019, 80, 4, 58, '2025-1', '', '1', NULL, NULL, 5, NULL, 'JUE 16:00-17:30'),
(1020, 80, 4, 59, '2025-1', '', '2', NULL, NULL, 5, NULL, 'VIE 16:00-17:30'),
(1021, 80, 4, 60, '2025-1', '', '3', NULL, NULL, 5, NULL, 'SAB 16:00-17:30'),
(1022, 80, 4, 61, '2025-1', '', '4', NULL, NULL, 5, NULL, 'LUN 16:00-17:30'),
(1023, 80, 4, 62, '2025-1', '', '5', NULL, NULL, 5, NULL, 'MAR 16:00-17:30'),
(1024, 80, 4, 63, '2025-1', '', '6', NULL, NULL, 5, NULL, 'MIE 16:00-17:30'),
(1025, 80, 4, 64, '2025-1', '', '7', NULL, NULL, 5, NULL, 'JUE 16:00-17:30'),
(1026, 80, 4, 65, '2025-1', '', '8', NULL, NULL, 5, NULL, 'VIE 16:00-17:30'),
(1027, 80, 4, 66, '2025-1', '', '9', NULL, NULL, 5, NULL, 'SAB 16:00-17:30'),
(1028, 80, 4, 67, '2025-1', '', '10', NULL, NULL, 5, NULL, 'LUN 16:00-17:30'),
(1029, 80, 4, 68, '2025-1', '', '11', NULL, NULL, 5, NULL, 'MAR 16:00-17:30'),
(1030, 80, 4, 69, '2025-1', '', '12', NULL, NULL, 5, NULL, 'MIE 16:00-17:30'),
(1031, 81, 4, 70, '2025-1', 'A', '', NULL, NULL, 5, NULL, 'JUE 16:00-17:30'),
(1032, 81, 4, 71, '2025-1', 'B', '', NULL, NULL, 5, NULL, 'VIE 16:00-17:30'),
(1033, 81, 4, 72, '2025-1', 'C', '', NULL, NULL, 5, NULL, 'SAB 16:00-17:30'),
(1034, 81, 4, 73, '2025-1', '', '1', NULL, NULL, 5, NULL, 'LUN 16:00-17:30'),
(1035, 81, 4, 74, '2025-1', '', '2', NULL, NULL, 5, NULL, 'MAR 16:00-17:30'),
(1036, 81, 4, 75, '2025-1', '', '3', NULL, NULL, 5, NULL, 'MIE 16:00-17:30'),
(1037, 81, 4, 76, '2025-1', '', '4', NULL, NULL, 5, NULL, 'JUE 16:00-17:30'),
(1038, 81, 4, 77, '2025-1', '', '5', NULL, NULL, 5, NULL, 'VIE 16:00-17:30'),
(1039, 81, 4, 78, '2025-1', '', '6', NULL, NULL, 5, NULL, 'SAB 16:00-17:30'),
(1040, 81, 4, 79, '2025-1', '', '7', NULL, NULL, 5, NULL, 'LUN 16:00-17:30'),
(1041, 81, 4, 80, '2025-1', '', '8', NULL, NULL, 5, NULL, 'MAR 16:00-17:30'),
(1042, 81, 4, 81, '2025-1', '', '9', NULL, NULL, 5, NULL, 'MIE 16:00-17:30'),
(1043, 81, 4, 82, '2025-1', '', '10', NULL, NULL, 5, NULL, 'JUE 16:00-17:30'),
(1044, 81, 4, 83, '2025-1', '', '11', NULL, NULL, 5, NULL, 'VIE 16:00-17:30'),
(1045, 81, 4, 84, '2025-1', '', '12', NULL, NULL, 5, NULL, 'SAB 16:00-17:30'),
(1046, 82, 4, 85, '2025-1', 'A', '', NULL, NULL, 5, NULL, 'LUN 16:00-17:30'),
(1047, 82, 4, 86, '2025-1', 'B', '', NULL, NULL, 5, NULL, 'MAR 16:00-17:30'),
(1048, 82, 4, 87, '2025-1', 'C', '', NULL, NULL, 5, NULL, 'MIE 16:00-17:30'),
(1049, 82, 4, 88, '2025-1', '', '1', NULL, NULL, 5, NULL, 'JUE 16:00-17:30'),
(1050, 82, 4, 89, '2025-1', '', '2', NULL, NULL, 5, NULL, 'VIE 16:00-17:30'),
(1051, 82, 4, 90, '2025-1', '', '3', NULL, NULL, 5, NULL, 'SAB 16:00-17:30'),
(1052, 82, 4, 91, '2025-1', '', '4', NULL, NULL, 5, NULL, 'LUN 16:00-17:30'),
(1053, 82, 4, 92, '2025-1', '', '5', NULL, NULL, 5, NULL, 'MAR 16:00-17:30'),
(1054, 82, 4, 93, '2025-1', '', '6', NULL, NULL, 5, NULL, 'MIE 16:00-17:30'),
(1055, 82, 4, 94, '2025-1', '', '7', NULL, NULL, 5, NULL, 'JUE 16:00-17:30'),
(1056, 82, 4, 95, '2025-1', '', '8', NULL, NULL, 5, NULL, 'VIE 16:00-17:30'),
(1057, 82, 4, 96, '2025-1', '', '9', NULL, NULL, 5, NULL, 'SAB 16:00-17:30'),
(1058, 82, 4, 97, '2025-1', '', '10', NULL, NULL, 5, NULL, 'LUN 16:00-17:30'),
(1059, 82, 4, 98, '2025-1', '', '11', NULL, NULL, 5, NULL, 'MAR 16:00-17:30'),
(1060, 82, 4, 99, '2025-1', '', '12', NULL, NULL, 5, NULL, 'MIE 16:00-17:30'),
(1061, 83, 4, 100, '2025-2', 'A', '', NULL, NULL, 5, NULL, 'JUE 16:00-17:30'),
(1062, 83, 4, 101, '2025-2', 'B', '', NULL, NULL, 5, NULL, 'VIE 16:00-17:30'),
(1063, 83, 4, 102, '2025-2', 'C', '', NULL, NULL, 5, NULL, 'SAB 16:00-17:30'),
(1064, 83, 4, 103, '2025-2', '', '1', NULL, NULL, 5, NULL, 'LUN 16:00-17:30'),
(1065, 83, 4, 104, '2025-2', '', '2', NULL, NULL, 5, NULL, 'MAR 16:00-17:30'),
(1066, 83, 4, 105, '2025-2', '', '3', NULL, NULL, 5, NULL, 'MIE 16:00-17:30'),
(1067, 83, 4, 106, '2025-2', '', '4', NULL, NULL, 5, NULL, 'JUE 16:00-17:30'),
(1068, 83, 4, 107, '2025-2', '', '5', NULL, NULL, 5, NULL, 'VIE 16:00-17:30'),
(1069, 83, 4, 108, '2025-2', '', '6', NULL, NULL, 5, NULL, 'SAB 16:00-17:30'),
(1070, 83, 4, 109, '2025-2', '', '7', NULL, NULL, 5, NULL, 'LUN 16:00-17:30'),
(1071, 83, 4, 110, '2025-2', '', '8', NULL, NULL, 5, NULL, 'MAR 16:00-17:30'),
(1072, 83, 4, 111, '2025-2', '', '9', NULL, NULL, 5, NULL, 'MIE 16:00-17:30'),
(1073, 83, 4, 112, '2025-2', '', '10', NULL, NULL, 5, NULL, 'JUE 16:00-17:30'),
(1074, 83, 4, 113, '2025-2', '', '11', NULL, NULL, 5, NULL, 'VIE 16:00-17:30'),
(1075, 83, 4, 114, '2025-2', '', '12', NULL, NULL, 5, NULL, 'SAB 16:00-17:30'),
(1076, 84, 4, 115, '2025-2', 'A', '', NULL, NULL, 5, NULL, 'LUN 16:00-17:30'),
(1077, 84, 4, 116, '2025-2', 'B', '', NULL, NULL, 5, NULL, 'MAR 16:00-17:30'),
(1078, 84, 4, 117, '2025-2', 'C', '', NULL, NULL, 5, NULL, 'MIE 16:00-17:30'),
(1079, 84, 4, 118, '2025-2', '', '1', NULL, NULL, 5, NULL, 'JUE 16:00-17:30'),
(1080, 84, 4, 119, '2025-2', '', '2', NULL, NULL, 5, NULL, 'VIE 16:00-17:30'),
(1081, 84, 4, 120, '2025-2', '', '3', NULL, NULL, 5, NULL, 'SAB 16:00-17:30'),
(1082, 84, 4, 121, '2025-2', '', '4', NULL, NULL, 5, NULL, 'LUN 16:00-17:30'),
(1083, 84, 4, 122, '2025-2', '', '5', NULL, NULL, 5, NULL, 'MAR 16:00-17:30'),
(1084, 84, 4, 123, '2025-2', '', '6', NULL, NULL, 5, NULL, 'MIE 16:00-17:30'),
(1085, 84, 4, 124, '2025-2', '', '7', NULL, NULL, 5, NULL, 'JUE 16:00-17:30'),
(1086, 84, 4, 125, '2025-2', '', '8', NULL, NULL, 5, NULL, 'VIE 16:00-17:30'),
(1087, 84, 4, 126, '2025-2', '', '9', NULL, NULL, 5, NULL, 'SAB 16:00-17:30'),
(1088, 84, 4, 127, '2025-2', '', '10', NULL, NULL, 5, NULL, 'LUN 16:00-17:30'),
(1089, 84, 4, 128, '2025-2', '', '11', NULL, NULL, 5, NULL, 'MAR 16:00-17:30'),
(1090, 84, 4, 129, '2025-2', '', '12', NULL, NULL, 5, NULL, 'MIE 16:00-17:30'),
(1091, 85, 4, 130, '2025-2', 'A', '', NULL, NULL, 5, NULL, 'JUE 16:00-17:30'),
(1092, 85, 4, 131, '2025-2', 'B', '', NULL, NULL, 5, NULL, 'VIE 16:00-17:30'),
(1093, 85, 4, 132, '2025-2', 'C', '', NULL, NULL, 5, NULL, 'SAB 16:00-17:30'),
(1094, 85, 4, 133, '2025-2', '', '1', NULL, NULL, 5, NULL, 'LUN 16:00-17:30'),
(1095, 85, 4, 134, '2025-2', '', '2', NULL, NULL, 5, NULL, 'MAR 16:00-17:30'),
(1096, 85, 4, 135, '2025-2', '', '3', NULL, NULL, 5, NULL, 'MIE 16:00-17:30'),
(1097, 85, 4, 136, '2025-2', '', '4', NULL, NULL, 5, NULL, 'JUE 16:00-17:30'),
(1098, 85, 4, 137, '2025-2', '', '5', NULL, NULL, 5, NULL, 'VIE 16:00-17:30'),
(1099, 85, 4, 138, '2025-2', '', '6', NULL, NULL, 5, NULL, 'SAB 16:00-17:30'),
(1100, 85, 4, 139, '2025-2', '', '7', NULL, NULL, 5, NULL, 'LUN 16:00-17:30'),
(1101, 85, 4, 140, '2025-2', '', '8', NULL, NULL, 5, NULL, 'MAR 16:00-17:30'),
(1102, 85, 4, 141, '2025-2', '', '9', NULL, NULL, 5, NULL, 'MIE 16:00-17:30'),
(1103, 85, 4, 142, '2025-2', '', '10', NULL, NULL, 5, NULL, 'JUE 16:00-17:30'),
(1104, 85, 4, 143, '2025-2', '', '11', NULL, NULL, 5, NULL, 'VIE 16:00-17:30'),
(1105, 85, 4, 144, '2025-2', '', '12', NULL, NULL, 5, NULL, 'SAB 16:00-17:30'),
(1106, 86, 4, 145, '2025-2', 'A', '', NULL, NULL, 5, NULL, 'LUN 16:00-17:30'),
(1107, 86, 4, 146, '2025-2', 'B', '', NULL, NULL, 5, NULL, 'MAR 16:00-17:30'),
(1108, 86, 4, 147, '2025-2', 'C', '', NULL, NULL, 5, NULL, 'MIE 16:00-17:30'),
(1109, 86, 4, 148, '2025-2', '', '1', NULL, NULL, 5, NULL, 'JUE 16:00-17:30'),
(1110, 86, 4, 149, '2025-2', '', '2', NULL, NULL, 5, NULL, 'VIE 16:00-17:30'),
(1111, 86, 4, 150, '2025-2', '', '3', NULL, NULL, 5, NULL, 'SAB 16:00-17:30'),
(1112, 86, 4, 151, '2025-2', '', '4', NULL, NULL, 5, NULL, 'LUN 16:00-17:30'),
(1113, 86, 4, 152, '2025-2', '', '5', NULL, NULL, 5, NULL, 'MAR 16:00-17:30'),
(1114, 86, 4, 153, '2025-2', '', '6', NULL, NULL, 5, NULL, 'MIE 16:00-17:30'),
(1115, 86, 4, 154, '2025-2', '', '7', NULL, NULL, 5, NULL, 'JUE 16:00-17:30'),
(1116, 86, 4, 155, '2025-2', '', '8', NULL, NULL, 5, NULL, 'VIE 16:00-17:30'),
(1117, 86, 4, 156, '2025-2', '', '9', NULL, NULL, 5, NULL, 'SAB 16:00-17:30'),
(1118, 86, 4, 157, '2025-2', '', '10', NULL, NULL, 5, NULL, 'LUN 16:00-17:30'),
(1119, 86, 4, 158, '2025-2', '', '11', NULL, NULL, 5, NULL, 'MAR 16:00-17:30'),
(1120, 86, 4, 159, '2025-2', '', '12', NULL, NULL, 5, NULL, 'MIE 16:00-17:30'),
(1121, 87, 4, 160, '2025-2', 'A', '', NULL, NULL, 5, NULL, 'JUE 16:00-17:30'),
(1122, 87, 4, 1, '2025-2', 'B', '', NULL, NULL, 5, NULL, 'VIE 17:30-19:00'),
(1123, 87, 4, 2, '2025-2', 'C', '', NULL, NULL, 5, NULL, 'SAB 17:30-19:00'),
(1124, 87, 4, 3, '2025-2', '', '1', NULL, NULL, 5, NULL, 'LUN 17:30-19:00'),
(1125, 87, 4, 4, '2025-2', '', '2', NULL, NULL, 5, NULL, 'MAR 17:30-19:00'),
(1126, 87, 4, 5, '2025-2', '', '3', NULL, NULL, 5, NULL, 'MIE 17:30-19:00'),
(1127, 87, 4, 6, '2025-2', '', '4', NULL, NULL, 5, NULL, 'JUE 17:30-19:00'),
(1128, 87, 4, 7, '2025-2', '', '5', NULL, NULL, 5, NULL, 'VIE 17:30-19:00'),
(1129, 87, 4, 8, '2025-2', '', '6', NULL, NULL, 5, NULL, 'SAB 17:30-19:00'),
(1130, 87, 4, 9, '2025-2', '', '7', NULL, NULL, 5, NULL, 'LUN 17:30-19:00'),
(1131, 87, 4, 10, '2025-2', '', '8', NULL, NULL, 5, NULL, 'MAR 17:30-19:00'),
(1132, 87, 4, 11, '2025-2', '', '9', NULL, NULL, 5, NULL, 'MIE 17:30-19:00'),
(1133, 87, 4, 12, '2025-2', '', '10', NULL, NULL, 5, NULL, 'JUE 17:30-19:00'),
(1134, 87, 4, 13, '2025-2', '', '11', NULL, NULL, 5, NULL, 'VIE 17:30-19:00'),
(1135, 87, 4, 14, '2025-2', '', '12', NULL, NULL, 5, NULL, 'SAB 17:30-19:00'),
(1136, 88, 4, 15, '2025-2', 'A', '', NULL, NULL, 5, NULL, 'LUN 17:30-19:00'),
(1137, 88, 4, 16, '2025-2', 'B', '', NULL, NULL, 5, NULL, 'MAR 17:30-19:00'),
(1138, 88, 4, 17, '2025-2', 'C', '', NULL, NULL, 5, NULL, 'MIE 17:30-19:00'),
(1139, 88, 4, 18, '2025-2', '', '1', NULL, NULL, 5, NULL, 'JUE 17:30-19:00'),
(1140, 88, 4, 19, '2025-2', '', '2', NULL, NULL, 5, NULL, 'VIE 17:30-19:00'),
(1141, 88, 4, 20, '2025-2', '', '3', NULL, NULL, 5, NULL, 'SAB 17:30-19:00'),
(1142, 88, 4, 21, '2025-2', '', '4', NULL, NULL, 5, NULL, 'LUN 17:30-19:00'),
(1143, 88, 4, 22, '2025-2', '', '5', NULL, NULL, 5, NULL, 'MAR 17:30-19:00'),
(1144, 88, 4, 23, '2025-2', '', '6', NULL, NULL, 5, NULL, 'MIE 17:30-19:00'),
(1145, 88, 4, 24, '2025-2', '', '7', NULL, NULL, 5, NULL, 'JUE 17:30-19:00'),
(1146, 88, 4, 25, '2025-2', '', '8', NULL, NULL, 5, NULL, 'VIE 17:30-19:00'),
(1147, 88, 4, 26, '2025-2', '', '9', NULL, NULL, 5, NULL, 'SAB 17:30-19:00'),
(1148, 88, 4, 27, '2025-2', '', '10', NULL, NULL, 5, NULL, 'LUN 17:30-19:00'),
(1149, 88, 4, 28, '2025-2', '', '11', NULL, NULL, 5, NULL, 'MAR 17:30-19:00'),
(1150, 88, 4, 29, '2025-2', '', '12', NULL, NULL, 5, NULL, 'MIE 17:30-19:00'),
(1151, 89, 4, 30, '2025-1', 'A', '', NULL, NULL, 5, NULL, 'JUE 17:30-19:00'),
(1152, 89, 4, 31, '2025-1', 'B', '', NULL, NULL, 5, NULL, 'VIE 17:30-19:00'),
(1153, 89, 4, 32, '2025-1', 'C', '', NULL, NULL, 5, NULL, 'SAB 17:30-19:00'),
(1154, 89, 4, 33, '2025-1', '', '1', NULL, NULL, 5, NULL, 'LUN 17:30-19:00'),
(1155, 89, 4, 34, '2025-1', '', '2', NULL, NULL, 5, NULL, 'MAR 17:30-19:00'),
(1156, 89, 4, 35, '2025-1', '', '3', NULL, NULL, 5, NULL, 'MIE 17:30-19:00'),
(1157, 89, 4, 36, '2025-1', '', '4', NULL, NULL, 5, NULL, 'JUE 17:30-19:00'),
(1158, 89, 4, 37, '2025-1', '', '5', NULL, NULL, 5, NULL, 'VIE 17:30-19:00'),
(1159, 89, 4, 38, '2025-1', '', '6', NULL, NULL, 5, NULL, 'SAB 17:30-19:00'),
(1160, 89, 4, 39, '2025-1', '', '7', NULL, NULL, 5, NULL, 'LUN 17:30-19:00'),
(1161, 89, 4, 40, '2025-1', '', '8', NULL, NULL, 5, NULL, 'MAR 17:30-19:00'),
(1162, 89, 4, 41, '2025-1', '', '9', NULL, NULL, 5, NULL, 'MIE 17:30-19:00'),
(1163, 89, 4, 42, '2025-1', '', '10', NULL, NULL, 5, NULL, 'JUE 17:30-19:00'),
(1164, 89, 4, 43, '2025-1', '', '11', NULL, NULL, 5, NULL, 'VIE 17:30-19:00'),
(1165, 89, 4, 44, '2025-1', '', '12', NULL, NULL, 5, NULL, 'SAB 17:30-19:00'),
(1166, 90, 4, 45, '2025-1', 'A', '', NULL, NULL, 5, NULL, 'LUN 17:30-19:00'),
(1167, 90, 4, 46, '2025-1', 'B', '', NULL, NULL, 5, NULL, 'MAR 17:30-19:00'),
(1168, 90, 4, 47, '2025-1', 'C', '', NULL, NULL, 5, NULL, 'MIE 17:30-19:00'),
(1169, 90, 4, 48, '2025-1', '', '1', NULL, NULL, 5, NULL, 'JUE 17:30-19:00'),
(1170, 90, 4, 49, '2025-1', '', '2', NULL, NULL, 5, NULL, 'VIE 17:30-19:00'),
(1171, 90, 4, 50, '2025-1', '', '3', NULL, NULL, 5, NULL, 'SAB 17:30-19:00'),
(1172, 90, 4, 51, '2025-1', '', '4', NULL, NULL, 5, NULL, 'LUN 17:30-19:00'),
(1173, 90, 4, 52, '2025-1', '', '5', NULL, NULL, 5, NULL, 'MAR 17:30-19:00'),
(1174, 90, 4, 53, '2025-1', '', '6', NULL, NULL, 5, NULL, 'MIE 17:30-19:00'),
(1175, 90, 4, 54, '2025-1', '', '7', NULL, NULL, 5, NULL, 'JUE 17:30-19:00'),
(1176, 90, 4, 55, '2025-1', '', '8', NULL, NULL, 5, NULL, 'VIE 17:30-19:00'),
(1177, 90, 4, 56, '2025-1', '', '9', NULL, NULL, 5, NULL, 'SAB 17:30-19:00'),
(1178, 90, 4, 57, '2025-1', '', '10', NULL, NULL, 5, NULL, 'LUN 17:30-19:00'),
(1179, 90, 4, 58, '2025-1', '', '11', NULL, NULL, 5, NULL, 'MAR 17:30-19:00'),
(1180, 90, 4, 59, '2025-1', '', '12', NULL, NULL, 5, NULL, 'MIE 17:30-19:00'),
(1181, 91, 4, 60, '2025-1', 'A', '', NULL, NULL, 5, NULL, 'JUE 17:30-19:00'),
(1182, 91, 4, 61, '2025-1', 'B', '', NULL, NULL, 5, NULL, 'VIE 17:30-19:00'),
(1183, 91, 4, 62, '2025-1', 'C', '', NULL, NULL, 5, NULL, 'SAB 17:30-19:00'),
(1184, 91, 4, 63, '2025-1', '', '1', NULL, NULL, 5, NULL, 'LUN 17:30-19:00'),
(1185, 91, 4, 64, '2025-1', '', '2', NULL, NULL, 5, NULL, 'MAR 17:30-19:00'),
(1186, 91, 4, 65, '2025-1', '', '3', NULL, NULL, 5, NULL, 'MIE 17:30-19:00'),
(1187, 91, 4, 66, '2025-1', '', '4', NULL, NULL, 5, NULL, 'JUE 17:30-19:00'),
(1188, 91, 4, 67, '2025-1', '', '5', NULL, NULL, 5, NULL, 'VIE 17:30-19:00'),
(1189, 91, 4, 68, '2025-1', '', '6', NULL, NULL, 5, NULL, 'SAB 17:30-19:00'),
(1190, 91, 4, 69, '2025-1', '', '7', NULL, NULL, 5, NULL, 'LUN 17:30-19:00'),
(1191, 91, 4, 70, '2025-1', '', '8', NULL, NULL, 5, NULL, 'MAR 17:30-19:00'),
(1192, 91, 4, 71, '2025-1', '', '9', NULL, NULL, 5, NULL, 'MIE 17:30-19:00'),
(1193, 91, 4, 72, '2025-1', '', '10', NULL, NULL, 5, NULL, 'JUE 17:30-19:00'),
(1194, 91, 4, 73, '2025-1', '', '11', NULL, NULL, 5, NULL, 'VIE 17:30-19:00'),
(1195, 91, 4, 74, '2025-1', '', '12', NULL, NULL, 5, NULL, 'SAB 17:30-19:00'),
(1196, 92, 4, 75, '2025-1', 'A', '', NULL, NULL, 5, NULL, 'LUN 17:30-19:00'),
(1197, 92, 4, 76, '2025-1', 'B', '', NULL, NULL, 5, NULL, 'MAR 17:30-19:00'),
(1198, 92, 4, 77, '2025-1', 'C', '', NULL, NULL, 5, NULL, 'MIE 17:30-19:00'),
(1199, 92, 4, 78, '2025-1', '', '1', NULL, NULL, 5, NULL, 'JUE 17:30-19:00'),
(1200, 92, 4, 79, '2025-1', '', '2', NULL, NULL, 5, NULL, 'VIE 17:30-19:00'),
(1201, 92, 4, 80, '2025-1', '', '3', NULL, NULL, 5, NULL, 'SAB 17:30-19:00'),
(1202, 92, 4, 81, '2025-1', '', '4', NULL, NULL, 5, NULL, 'LUN 17:30-19:00'),
(1203, 92, 4, 82, '2025-1', '', '5', NULL, NULL, 5, NULL, 'MAR 17:30-19:00'),
(1204, 92, 4, 83, '2025-1', '', '6', NULL, NULL, 5, NULL, 'MIE 17:30-19:00'),
(1205, 92, 4, 84, '2025-1', '', '7', NULL, NULL, 5, NULL, 'JUE 17:30-19:00'),
(1206, 92, 4, 85, '2025-1', '', '8', NULL, NULL, 5, NULL, 'VIE 17:30-19:00'),
(1207, 92, 4, 86, '2025-1', '', '9', NULL, NULL, 5, NULL, 'SAB 17:30-19:00'),
(1208, 92, 4, 87, '2025-1', '', '10', NULL, NULL, 5, NULL, 'LUN 17:30-19:00'),
(1209, 92, 4, 88, '2025-1', '', '11', NULL, NULL, 5, NULL, 'MAR 17:30-19:00'),
(1210, 92, 4, 89, '2025-1', '', '12', NULL, NULL, 5, NULL, 'MIE 17:30-19:00'),
(1211, 93, 4, 90, '2025-1', 'A', '', NULL, NULL, 5, NULL, 'JUE 17:30-19:00'),
(1212, 93, 4, 91, '2025-1', 'B', '', NULL, NULL, 5, NULL, 'VIE 17:30-19:00'),
(1213, 93, 4, 92, '2025-1', 'C', '', NULL, NULL, 5, NULL, 'SAB 17:30-19:00'),
(1214, 93, 4, 93, '2025-1', '', '1', NULL, NULL, 5, NULL, 'LUN 17:30-19:00'),
(1215, 93, 4, 94, '2025-1', '', '2', NULL, NULL, 5, NULL, 'MAR 17:30-19:00'),
(1216, 93, 4, 95, '2025-1', '', '3', NULL, NULL, 5, NULL, 'MIE 17:30-19:00'),
(1217, 93, 4, 96, '2025-1', '', '4', NULL, NULL, 5, NULL, 'JUE 17:30-19:00'),
(1218, 93, 4, 97, '2025-1', '', '5', NULL, NULL, 5, NULL, 'VIE 17:30-19:00'),
(1219, 93, 4, 98, '2025-1', '', '6', NULL, NULL, 5, NULL, 'SAB 17:30-19:00'),
(1220, 93, 4, 99, '2025-1', '', '7', NULL, NULL, 5, NULL, 'LUN 17:30-19:00'),
(1221, 93, 4, 100, '2025-1', '', '8', NULL, NULL, 5, NULL, 'MAR 17:30-19:00'),
(1222, 93, 4, 101, '2025-1', '', '9', NULL, NULL, 5, NULL, 'MIE 17:30-19:00'),
(1223, 93, 4, 102, '2025-1', '', '10', NULL, NULL, 5, NULL, 'JUE 17:30-19:00'),
(1224, 93, 4, 103, '2025-1', '', '11', NULL, NULL, 5, NULL, 'VIE 17:30-19:00'),
(1225, 93, 4, 104, '2025-1', '', '12', NULL, NULL, 5, NULL, 'SAB 17:30-19:00'),
(1226, 94, 4, 105, '2025-1', 'A', '', NULL, NULL, 5, NULL, 'LUN 17:30-19:00'),
(1227, 94, 4, 106, '2025-1', 'B', '', NULL, NULL, 5, NULL, 'MAR 17:30-19:00'),
(1228, 94, 4, 107, '2025-1', 'C', '', NULL, NULL, 5, NULL, 'MIE 17:30-19:00'),
(1229, 94, 4, 108, '2025-1', '', '1', NULL, NULL, 5, NULL, 'JUE 17:30-19:00'),
(1230, 94, 4, 109, '2025-1', '', '2', NULL, NULL, 5, NULL, 'VIE 17:30-19:00'),
(1231, 94, 4, 110, '2025-1', '', '3', NULL, NULL, 5, NULL, 'SAB 17:30-19:00'),
(1232, 94, 4, 111, '2025-1', '', '4', NULL, NULL, 5, NULL, 'LUN 17:30-19:00'),
(1233, 94, 4, 112, '2025-1', '', '5', NULL, NULL, 5, NULL, 'MAR 17:30-19:00'),
(1234, 94, 4, 113, '2025-1', '', '6', NULL, NULL, 5, NULL, 'MIE 17:30-19:00'),
(1235, 94, 4, 114, '2025-1', '', '7', NULL, NULL, 5, NULL, 'JUE 17:30-19:00'),
(1236, 94, 4, 115, '2025-1', '', '8', NULL, NULL, 5, NULL, 'VIE 17:30-19:00'),
(1237, 94, 4, 116, '2025-1', '', '9', NULL, NULL, 5, NULL, 'SAB 17:30-19:00'),
(1238, 94, 4, 117, '2025-1', '', '10', NULL, NULL, 5, NULL, 'LUN 17:30-19:00'),
(1239, 94, 4, 118, '2025-1', '', '11', NULL, NULL, 5, NULL, 'MAR 17:30-19:00'),
(1240, 94, 4, 119, '2025-1', '', '12', NULL, NULL, 5, NULL, 'MIE 17:30-19:00'),
(1241, 95, 4, 120, '2025-1', 'A', '', NULL, NULL, 5, NULL, 'JUE 17:30-19:00'),
(1242, 95, 4, 121, '2025-1', 'B', '', NULL, NULL, 5, NULL, 'VIE 17:30-19:00'),
(1243, 95, 4, 122, '2025-1', 'C', '', NULL, NULL, 5, NULL, 'SAB 17:30-19:00'),
(1244, 95, 4, 123, '2025-1', '', '1', NULL, NULL, 5, NULL, 'LUN 17:30-19:00'),
(1245, 95, 4, 124, '2025-1', '', '2', NULL, NULL, 5, NULL, 'MAR 17:30-19:00'),
(1246, 95, 4, 125, '2025-1', '', '3', NULL, NULL, 5, NULL, 'MIE 17:30-19:00'),
(1247, 95, 4, 126, '2025-1', '', '4', NULL, NULL, 5, NULL, 'JUE 17:30-19:00'),
(1248, 95, 4, 127, '2025-1', '', '5', NULL, NULL, 5, NULL, 'VIE 17:30-19:00'),
(1249, 95, 4, 128, '2025-1', '', '6', NULL, NULL, 5, NULL, 'SAB 17:30-19:00'),
(1250, 95, 4, 129, '2025-1', '', '7', NULL, NULL, 5, NULL, 'LUN 17:30-19:00'),
(1251, 95, 4, 130, '2025-1', '', '8', NULL, NULL, 5, NULL, 'MAR 17:30-19:00'),
(1252, 95, 4, 131, '2025-1', '', '9', NULL, NULL, 5, NULL, 'MIE 17:30-19:00'),
(1253, 95, 4, 132, '2025-1', '', '10', NULL, NULL, 5, NULL, 'JUE 17:30-19:00'),
(1254, 95, 4, 133, '2025-1', '', '11', NULL, NULL, 5, NULL, 'VIE 17:30-19:00'),
(1255, 95, 4, 134, '2025-1', '', '12', NULL, NULL, 5, NULL, 'SAB 17:30-19:00'),
(1256, 96, 4, 135, '2025-2', 'A', '', NULL, NULL, 5, NULL, 'LUN 17:30-19:00'),
(1257, 96, 4, 136, '2025-2', 'B', '', NULL, NULL, 5, NULL, 'MAR 17:30-19:00'),
(1258, 96, 4, 137, '2025-2', 'C', '', NULL, NULL, 5, NULL, 'MIE 17:30-19:00'),
(1259, 96, 4, 138, '2025-2', '', '1', NULL, NULL, 5, NULL, 'JUE 17:30-19:00'),
(1260, 96, 4, 139, '2025-2', '', '2', NULL, NULL, 5, NULL, 'VIE 17:30-19:00'),
(1261, 96, 4, 140, '2025-2', '', '3', NULL, NULL, 5, NULL, 'SAB 17:30-19:00'),
(1262, 96, 4, 141, '2025-2', '', '4', NULL, NULL, 5, NULL, 'LUN 17:30-19:00'),
(1263, 96, 4, 142, '2025-2', '', '5', NULL, NULL, 5, NULL, 'MAR 17:30-19:00'),
(1264, 96, 4, 143, '2025-2', '', '6', NULL, NULL, 5, NULL, 'MIE 17:30-19:00'),
(1265, 96, 4, 144, '2025-2', '', '7', NULL, NULL, 5, NULL, 'JUE 17:30-19:00'),
(1266, 96, 4, 145, '2025-2', '', '8', NULL, NULL, 5, NULL, 'VIE 17:30-19:00'),
(1267, 96, 4, 146, '2025-2', '', '9', NULL, NULL, 5, NULL, 'SAB 17:30-19:00'),
(1268, 96, 4, 147, '2025-2', '', '10', NULL, NULL, 5, NULL, 'LUN 17:30-19:00'),
(1269, 96, 4, 148, '2025-2', '', '11', NULL, NULL, 5, NULL, 'MAR 17:30-19:00'),
(1270, 96, 4, 149, '2025-2', '', '12', NULL, NULL, 5, NULL, 'MIE 17:30-19:00'),
(1271, 97, 4, 150, '2025-2', 'A', '', NULL, NULL, 5, NULL, 'JUE 17:30-19:00'),
(1272, 97, 4, 151, '2025-2', 'B', '', NULL, NULL, 5, NULL, 'VIE 17:30-19:00'),
(1273, 97, 4, 152, '2025-2', 'C', '', NULL, NULL, 5, NULL, 'SAB 17:30-19:00'),
(1274, 97, 4, 153, '2025-2', '', '1', NULL, NULL, 5, NULL, 'LUN 17:30-19:00'),
(1275, 97, 4, 154, '2025-2', '', '2', NULL, NULL, 5, NULL, 'MAR 17:30-19:00'),
(1276, 97, 4, 155, '2025-2', '', '3', NULL, NULL, 5, NULL, 'MIE 17:30-19:00'),
(1277, 97, 4, 156, '2025-2', '', '4', NULL, NULL, 5, NULL, 'JUE 17:30-19:00'),
(1278, 97, 4, 157, '2025-2', '', '5', NULL, NULL, 5, NULL, 'VIE 17:30-19:00'),
(1279, 97, 4, 158, '2025-2', '', '6', NULL, NULL, 5, NULL, 'SAB 17:30-19:00'),
(1280, 97, 4, 159, '2025-2', '', '7', NULL, NULL, 5, NULL, 'LUN 17:30-19:00'),
(1281, 97, 4, 160, '2025-2', '', '8', NULL, NULL, 5, NULL, 'MAR 17:30-19:00'),
(1282, 97, 4, 1, '2025-2', '', '9', NULL, NULL, 5, NULL, 'MIE 19:00-20:30'),
(1283, 97, 4, 2, '2025-2', '', '10', NULL, NULL, 5, NULL, 'JUE 19:00-20:30'),
(1284, 97, 4, 3, '2025-2', '', '11', NULL, NULL, 5, NULL, 'VIE 19:00-20:30'),
(1285, 97, 4, 4, '2025-2', '', '12', NULL, NULL, 5, NULL, 'SAB 19:00-20:30'),
(1286, 98, 4, 5, '2025-2', 'A', '', NULL, NULL, 5, NULL, 'LUN 19:00-20:30'),
(1287, 98, 4, 6, '2025-2', 'B', '', NULL, NULL, 5, NULL, 'MAR 19:00-20:30'),
(1288, 98, 4, 7, '2025-2', 'C', '', NULL, NULL, 5, NULL, 'MIE 19:00-20:30'),
(1289, 98, 4, 8, '2025-2', '', '1', NULL, NULL, 5, NULL, 'JUE 19:00-20:30'),
(1290, 98, 4, 9, '2025-2', '', '2', NULL, NULL, 5, NULL, 'VIE 19:00-20:30'),
(1291, 98, 4, 10, '2025-2', '', '3', NULL, NULL, 5, NULL, 'SAB 19:00-20:30'),
(1292, 98, 4, 11, '2025-2', '', '4', NULL, NULL, 5, NULL, 'LUN 19:00-20:30'),
(1293, 98, 4, 12, '2025-2', '', '5', NULL, NULL, 5, NULL, 'MAR 19:00-20:30'),
(1294, 98, 4, 13, '2025-2', '', '6', NULL, NULL, 5, NULL, 'MIE 19:00-20:30'),
(1295, 98, 4, 14, '2025-2', '', '7', NULL, NULL, 5, NULL, 'JUE 19:00-20:30'),
(1296, 98, 4, 15, '2025-2', '', '8', NULL, NULL, 5, NULL, 'VIE 19:00-20:30'),
(1297, 98, 4, 16, '2025-2', '', '9', NULL, NULL, 5, NULL, 'SAB 19:00-20:30'),
(1298, 98, 4, 17, '2025-2', '', '10', NULL, NULL, 5, NULL, 'LUN 19:00-20:30'),
(1299, 98, 4, 18, '2025-2', '', '11', NULL, NULL, 5, NULL, 'MAR 19:00-20:30'),
(1300, 98, 4, 19, '2025-2', '', '12', NULL, NULL, 5, NULL, 'MIE 19:00-20:30'),
(1301, 99, 4, 20, '2025-2', 'A', '', NULL, NULL, 5, NULL, 'JUE 19:00-20:30'),
(1302, 99, 4, 21, '2025-2', 'B', '', NULL, NULL, 5, NULL, 'VIE 19:00-20:30'),
(1303, 99, 4, 22, '2025-2', 'C', '', NULL, NULL, 5, NULL, 'SAB 19:00-20:30'),
(1304, 99, 4, 23, '2025-2', '', '1', NULL, NULL, 5, NULL, 'LUN 19:00-20:30'),
(1305, 99, 4, 24, '2025-2', '', '2', NULL, NULL, 5, NULL, 'MAR 19:00-20:30'),
(1306, 99, 4, 25, '2025-2', '', '3', NULL, NULL, 5, NULL, 'MIE 19:00-20:30'),
(1307, 99, 4, 26, '2025-2', '', '4', NULL, NULL, 5, NULL, 'JUE 19:00-20:30'),
(1308, 99, 4, 27, '2025-2', '', '5', NULL, NULL, 5, NULL, 'VIE 19:00-20:30'),
(1309, 99, 4, 28, '2025-2', '', '6', NULL, NULL, 5, NULL, 'SAB 19:00-20:30'),
(1310, 99, 4, 29, '2025-2', '', '7', NULL, NULL, 5, NULL, 'LUN 19:00-20:30'),
(1311, 99, 4, 30, '2025-2', '', '8', NULL, NULL, 5, NULL, 'MAR 19:00-20:30'),
(1312, 99, 4, 31, '2025-2', '', '9', NULL, NULL, 5, NULL, 'MIE 19:00-20:30'),
(1313, 99, 4, 32, '2025-2', '', '10', NULL, NULL, 5, NULL, 'JUE 19:00-20:30'),
(1314, 99, 4, 33, '2025-2', '', '11', NULL, NULL, 5, NULL, 'VIE 19:00-20:30'),
(1315, 99, 4, 34, '2025-2', '', '12', NULL, NULL, 5, NULL, 'SAB 19:00-20:30');
INSERT INTO `transasignacioncurso` (`idAsignacion`, `idAsignatura`, `idDocente`, `idSalon`, `periodo`, `seccion`, `grupo`, `fechaCreacion`, `fechaModificacion`, `usuarioCreacion`, `usuarioModificacion`, `horario`) VALUES
(1316, 100, 4, 35, '2025-2', 'A', '', NULL, NULL, 5, NULL, 'LUN 19:00-20:30'),
(1317, 100, 4, 36, '2025-2', 'B', '', NULL, NULL, 5, NULL, 'MAR 19:00-20:30'),
(1318, 100, 4, 37, '2025-2', 'C', '', NULL, NULL, 5, NULL, 'MIE 19:00-20:30'),
(1319, 100, 4, 38, '2025-2', '', '1', NULL, NULL, 5, NULL, 'JUE 19:00-20:30'),
(1320, 100, 4, 39, '2025-2', '', '2', NULL, NULL, 5, NULL, 'VIE 19:00-20:30'),
(1321, 100, 4, 40, '2025-2', '', '3', NULL, NULL, 5, NULL, 'SAB 19:00-20:30'),
(1322, 100, 4, 41, '2025-2', '', '4', NULL, NULL, 5, NULL, 'LUN 19:00-20:30'),
(1323, 100, 4, 42, '2025-2', '', '5', NULL, NULL, 5, NULL, 'MAR 19:00-20:30'),
(1324, 100, 4, 43, '2025-2', '', '6', NULL, NULL, 5, NULL, 'MIE 19:00-20:30'),
(1325, 100, 4, 44, '2025-2', '', '7', NULL, NULL, 5, NULL, 'JUE 19:00-20:30'),
(1326, 100, 4, 45, '2025-2', '', '8', NULL, NULL, 5, NULL, 'VIE 19:00-20:30'),
(1327, 100, 4, 46, '2025-2', '', '9', NULL, NULL, 5, NULL, 'SAB 19:00-20:30'),
(1328, 100, 4, 47, '2025-2', '', '10', NULL, NULL, 5, NULL, 'LUN 19:00-20:30'),
(1329, 100, 4, 48, '2025-2', '', '11', NULL, NULL, 5, NULL, 'MAR 19:00-20:30'),
(1330, 100, 4, 49, '2025-2', '', '12', NULL, NULL, 5, NULL, 'MIE 19:00-20:30'),
(1331, 101, 4, 50, '2025-2', 'A', '', NULL, NULL, 5, NULL, 'JUE 19:00-20:30'),
(1332, 101, 4, 51, '2025-2', 'B', '', NULL, NULL, 5, NULL, 'VIE 19:00-20:30'),
(1333, 101, 4, 52, '2025-2', 'C', '', NULL, NULL, 5, NULL, 'SAB 19:00-20:30'),
(1334, 101, 4, 53, '2025-2', '', '1', NULL, NULL, 5, NULL, 'LUN 19:00-20:30'),
(1335, 101, 4, 54, '2025-2', '', '2', NULL, NULL, 5, NULL, 'MAR 19:00-20:30'),
(1336, 101, 4, 55, '2025-2', '', '3', NULL, NULL, 5, NULL, 'MIE 19:00-20:30'),
(1337, 101, 4, 56, '2025-2', '', '4', NULL, NULL, 5, NULL, 'JUE 19:00-20:30'),
(1338, 101, 4, 57, '2025-2', '', '5', NULL, NULL, 5, NULL, 'VIE 19:00-20:30'),
(1339, 101, 4, 58, '2025-2', '', '6', NULL, NULL, 5, NULL, 'SAB 19:00-20:30'),
(1340, 101, 4, 59, '2025-2', '', '7', NULL, NULL, 5, NULL, 'LUN 19:00-20:30'),
(1341, 101, 4, 60, '2025-2', '', '8', NULL, NULL, 5, NULL, 'MAR 19:00-20:30'),
(1342, 101, 4, 61, '2025-2', '', '9', NULL, NULL, 5, NULL, 'MIE 19:00-20:30'),
(1343, 101, 4, 62, '2025-2', '', '10', NULL, NULL, 5, NULL, 'JUE 19:00-20:30'),
(1344, 101, 4, 63, '2025-2', '', '11', NULL, NULL, 5, NULL, 'VIE 19:00-20:30'),
(1345, 101, 4, 64, '2025-2', '', '12', NULL, NULL, 5, NULL, 'SAB 19:00-20:30'),
(1346, 102, 4, 65, '2025-2', 'A', '', NULL, NULL, 5, NULL, 'LUN 19:00-20:30'),
(1347, 102, 4, 66, '2025-2', 'B', '', NULL, NULL, 5, NULL, 'MAR 19:00-20:30'),
(1348, 102, 4, 67, '2025-2', 'C', '', NULL, NULL, 5, NULL, 'MIE 19:00-20:30'),
(1349, 102, 4, 68, '2025-2', '', '1', NULL, NULL, 5, NULL, 'JUE 19:00-20:30'),
(1350, 102, 4, 69, '2025-2', '', '2', NULL, NULL, 5, NULL, 'VIE 19:00-20:30'),
(1351, 102, 4, 70, '2025-2', '', '3', NULL, NULL, 5, NULL, 'SAB 19:00-20:30'),
(1352, 102, 4, 71, '2025-2', '', '4', NULL, NULL, 5, NULL, 'LUN 19:00-20:30'),
(1353, 102, 4, 72, '2025-2', '', '5', NULL, NULL, 5, NULL, 'MAR 19:00-20:30'),
(1354, 102, 4, 73, '2025-2', '', '6', NULL, NULL, 5, NULL, 'MIE 19:00-20:30'),
(1355, 102, 4, 74, '2025-2', '', '7', NULL, NULL, 5, NULL, 'JUE 19:00-20:30'),
(1356, 102, 4, 75, '2025-2', '', '8', NULL, NULL, 5, NULL, 'VIE 19:00-20:30'),
(1357, 102, 4, 76, '2025-2', '', '9', NULL, NULL, 5, NULL, 'SAB 19:00-20:30'),
(1358, 102, 4, 77, '2025-2', '', '10', NULL, NULL, 5, NULL, 'LUN 19:00-20:30'),
(1359, 102, 4, 78, '2025-2', '', '11', NULL, NULL, 5, NULL, 'MAR 19:00-20:30'),
(1360, 102, 4, 79, '2025-2', '', '12', NULL, NULL, 5, NULL, 'MIE 19:00-20:30'),
(1361, 103, 4, 80, '2025-1', 'A', '', NULL, NULL, 5, NULL, 'JUE 19:00-20:30'),
(1362, 103, 4, 81, '2025-1', 'B', '', NULL, NULL, 5, NULL, 'VIE 19:00-20:30'),
(1363, 103, 4, 82, '2025-1', 'C', '', NULL, NULL, 5, NULL, 'SAB 19:00-20:30'),
(1364, 103, 4, 83, '2025-1', '', '1', NULL, NULL, 5, NULL, 'LUN 19:00-20:30'),
(1365, 103, 4, 84, '2025-1', '', '2', NULL, NULL, 5, NULL, 'MAR 19:00-20:30'),
(1366, 103, 4, 85, '2025-1', '', '3', NULL, NULL, 5, NULL, 'MIE 19:00-20:30'),
(1367, 103, 4, 86, '2025-1', '', '4', NULL, NULL, 5, NULL, 'JUE 19:00-20:30'),
(1368, 103, 4, 87, '2025-1', '', '5', NULL, NULL, 5, NULL, 'VIE 19:00-20:30'),
(1369, 103, 4, 88, '2025-1', '', '6', NULL, NULL, 5, NULL, 'SAB 19:00-20:30'),
(1370, 103, 4, 89, '2025-1', '', '7', NULL, NULL, 5, NULL, 'LUN 19:00-20:30'),
(1371, 103, 4, 90, '2025-1', '', '8', NULL, NULL, 5, NULL, 'MAR 19:00-20:30'),
(1372, 103, 4, 91, '2025-1', '', '9', NULL, NULL, 5, NULL, 'MIE 19:00-20:30'),
(1373, 103, 4, 92, '2025-1', '', '10', NULL, NULL, 5, NULL, 'JUE 19:00-20:30'),
(1374, 103, 4, 93, '2025-1', '', '11', NULL, NULL, 5, NULL, 'VIE 19:00-20:30'),
(1375, 103, 4, 94, '2025-1', '', '12', NULL, NULL, 5, NULL, 'SAB 19:00-20:30'),
(1376, 104, 4, 95, '2025-1', 'A', '', NULL, NULL, 5, NULL, 'LUN 19:00-20:30'),
(1377, 104, 4, 96, '2025-1', 'B', '', NULL, NULL, 5, NULL, 'MAR 19:00-20:30'),
(1378, 104, 4, 97, '2025-1', 'C', '', NULL, NULL, 5, NULL, 'MIE 19:00-20:30'),
(1379, 104, 4, 98, '2025-1', '', '1', NULL, NULL, 5, NULL, 'JUE 19:00-20:30'),
(1380, 104, 4, 99, '2025-1', '', '2', NULL, NULL, 5, NULL, 'VIE 19:00-20:30'),
(1381, 104, 4, 100, '2025-1', '', '3', NULL, NULL, 5, NULL, 'SAB 19:00-20:30'),
(1382, 104, 4, 101, '2025-1', '', '4', NULL, NULL, 5, NULL, 'LUN 19:00-20:30'),
(1383, 104, 4, 102, '2025-1', '', '5', NULL, NULL, 5, NULL, 'MAR 19:00-20:30'),
(1384, 104, 4, 103, '2025-1', '', '6', NULL, NULL, 5, NULL, 'MIE 19:00-20:30'),
(1385, 104, 4, 104, '2025-1', '', '7', NULL, NULL, 5, NULL, 'JUE 19:00-20:30'),
(1386, 104, 4, 105, '2025-1', '', '8', NULL, NULL, 5, NULL, 'VIE 19:00-20:30'),
(1387, 104, 4, 106, '2025-1', '', '9', NULL, NULL, 5, NULL, 'SAB 19:00-20:30'),
(1388, 104, 4, 107, '2025-1', '', '10', NULL, NULL, 5, NULL, 'LUN 19:00-20:30'),
(1389, 104, 4, 108, '2025-1', '', '11', NULL, NULL, 5, NULL, 'MAR 19:00-20:30'),
(1390, 104, 4, 109, '2025-1', '', '12', NULL, NULL, 5, NULL, 'MIE 19:00-20:30'),
(1391, 105, 4, 110, '2025-1', 'A', '', NULL, NULL, 5, NULL, 'JUE 19:00-20:30'),
(1392, 105, 4, 111, '2025-1', 'B', '', NULL, NULL, 5, NULL, 'VIE 19:00-20:30'),
(1393, 105, 4, 112, '2025-1', 'C', '', NULL, NULL, 5, NULL, 'SAB 19:00-20:30'),
(1394, 105, 4, 113, '2025-1', '', '1', NULL, NULL, 5, NULL, 'LUN 19:00-20:30'),
(1395, 105, 4, 114, '2025-1', '', '2', NULL, NULL, 5, NULL, 'MAR 19:00-20:30'),
(1396, 105, 4, 115, '2025-1', '', '3', NULL, NULL, 5, NULL, 'MIE 19:00-20:30'),
(1397, 105, 4, 116, '2025-1', '', '4', NULL, NULL, 5, NULL, 'JUE 19:00-20:30'),
(1398, 105, 4, 117, '2025-1', '', '5', NULL, NULL, 5, NULL, 'VIE 19:00-20:30'),
(1399, 105, 4, 118, '2025-1', '', '6', NULL, NULL, 5, NULL, 'SAB 19:00-20:30'),
(1400, 105, 4, 119, '2025-1', '', '7', NULL, NULL, 5, NULL, 'LUN 19:00-20:30'),
(1401, 105, 4, 120, '2025-1', '', '8', NULL, NULL, 5, NULL, 'MAR 19:00-20:30'),
(1402, 105, 4, 121, '2025-1', '', '9', NULL, NULL, 5, NULL, 'MIE 19:00-20:30'),
(1403, 105, 4, 122, '2025-1', '', '10', NULL, NULL, 5, NULL, 'JUE 19:00-20:30'),
(1404, 105, 4, 123, '2025-1', '', '11', NULL, NULL, 5, NULL, 'VIE 19:00-20:30'),
(1405, 105, 4, 124, '2025-1', '', '12', NULL, NULL, 5, NULL, 'SAB 19:00-20:30'),
(1406, 106, 4, 125, '2025-1', 'A', '', NULL, NULL, 5, NULL, 'LUN 19:00-20:30'),
(1407, 106, 4, 126, '2025-1', 'B', '', NULL, NULL, 5, NULL, 'MAR 19:00-20:30'),
(1408, 106, 4, 127, '2025-1', 'C', '', NULL, NULL, 5, NULL, 'MIE 19:00-20:30'),
(1409, 106, 4, 128, '2025-1', '', '1', NULL, NULL, 5, NULL, 'JUE 19:00-20:30'),
(1410, 106, 4, 129, '2025-1', '', '2', NULL, NULL, 5, NULL, 'VIE 19:00-20:30'),
(1411, 106, 4, 130, '2025-1', '', '3', NULL, NULL, 5, NULL, 'SAB 19:00-20:30'),
(1412, 106, 4, 131, '2025-1', '', '4', NULL, NULL, 5, NULL, 'LUN 19:00-20:30'),
(1413, 106, 4, 132, '2025-1', '', '5', NULL, NULL, 5, NULL, 'MAR 19:00-20:30'),
(1414, 106, 4, 133, '2025-1', '', '6', NULL, NULL, 5, NULL, 'MIE 19:00-20:30'),
(1415, 106, 4, 134, '2025-1', '', '7', NULL, NULL, 5, NULL, 'JUE 19:00-20:30'),
(1416, 106, 4, 135, '2025-1', '', '8', NULL, NULL, 5, NULL, 'VIE 19:00-20:30'),
(1417, 106, 4, 136, '2025-1', '', '9', NULL, NULL, 5, NULL, 'SAB 19:00-20:30'),
(1418, 106, 4, 137, '2025-1', '', '10', NULL, NULL, 5, NULL, 'LUN 19:00-20:30'),
(1419, 106, 4, 138, '2025-1', '', '11', NULL, NULL, 5, NULL, 'MAR 19:00-20:30'),
(1420, 106, 4, 139, '2025-1', '', '12', NULL, NULL, 5, NULL, 'MIE 19:00-20:30'),
(1421, 107, 4, 140, '2025-1', 'A', '', NULL, NULL, 5, NULL, 'JUE 19:00-20:30'),
(1422, 107, 4, 141, '2025-1', 'B', '', NULL, NULL, 5, NULL, 'VIE 19:00-20:30'),
(1423, 107, 4, 142, '2025-1', 'C', '', NULL, NULL, 5, NULL, 'SAB 19:00-20:30'),
(1424, 107, 4, 143, '2025-1', '', '1', NULL, NULL, 5, NULL, 'LUN 19:00-20:30'),
(1425, 107, 4, 144, '2025-1', '', '2', NULL, NULL, 5, NULL, 'MAR 19:00-20:30'),
(1426, 107, 4, 145, '2025-1', '', '3', NULL, NULL, 5, NULL, 'MIE 19:00-20:30'),
(1427, 107, 4, 146, '2025-1', '', '4', NULL, NULL, 5, NULL, 'JUE 19:00-20:30'),
(1428, 107, 4, 147, '2025-1', '', '5', NULL, NULL, 5, NULL, 'VIE 19:00-20:30'),
(1429, 107, 4, 148, '2025-1', '', '6', NULL, NULL, 5, NULL, 'SAB 19:00-20:30'),
(1430, 107, 4, 149, '2025-1', '', '7', NULL, NULL, 5, NULL, 'LUN 19:00-20:30'),
(1431, 107, 4, 150, '2025-1', '', '8', NULL, NULL, 5, NULL, 'MAR 19:00-20:30'),
(1432, 107, 4, 151, '2025-1', '', '9', NULL, NULL, 5, NULL, 'MIE 19:00-20:30'),
(1433, 107, 4, 152, '2025-1', '', '10', NULL, NULL, 5, NULL, 'JUE 19:00-20:30'),
(1434, 107, 4, 153, '2025-1', '', '11', NULL, NULL, 5, NULL, 'VIE 19:00-20:30'),
(1435, 107, 4, 154, '2025-1', '', '12', NULL, NULL, 5, NULL, 'SAB 19:00-20:30'),
(1436, 108, 4, 155, '2025-1', 'A', '', NULL, NULL, 5, NULL, 'LUN 19:00-20:30'),
(1437, 108, 4, 156, '2025-1', 'B', '', NULL, NULL, 5, NULL, 'MAR 19:00-20:30'),
(1438, 108, 4, 157, '2025-1', 'C', '', NULL, NULL, 5, NULL, 'MIE 19:00-20:30'),
(1439, 108, 4, 158, '2025-1', '', '1', NULL, NULL, 5, NULL, 'JUE 19:00-20:30'),
(1440, 108, 4, 159, '2025-1', '', '2', NULL, NULL, 5, NULL, 'VIE 19:00-20:30'),
(1441, 108, 4, 160, '2025-1', '', '3', NULL, NULL, 5, NULL, 'SAB 19:00-20:30'),
(1442, 108, 4, 1, '2025-1', '', '4', NULL, NULL, 5, NULL, 'LUN 07:00-08:30'),
(1443, 108, 4, 2, '2025-1', '', '5', NULL, NULL, 5, NULL, 'MAR 07:00-08:30'),
(1444, 108, 4, 3, '2025-1', '', '6', NULL, NULL, 5, NULL, 'MIE 07:00-08:30'),
(1445, 108, 4, 4, '2025-1', '', '7', NULL, NULL, 5, NULL, 'JUE 07:00-08:30'),
(1446, 108, 4, 5, '2025-1', '', '8', NULL, NULL, 5, NULL, 'VIE 07:00-08:30'),
(1447, 108, 4, 6, '2025-1', '', '9', NULL, NULL, 5, NULL, 'SAB 07:00-08:30'),
(1448, 108, 4, 7, '2025-1', '', '10', NULL, NULL, 5, NULL, 'LUN 07:00-08:30'),
(1449, 108, 4, 8, '2025-1', '', '11', NULL, NULL, 5, NULL, 'MAR 07:00-08:30'),
(1450, 108, 4, 9, '2025-1', '', '12', NULL, NULL, 5, NULL, 'MIE 07:00-08:30'),
(1451, 109, 4, 10, '2025-1', 'A', '', NULL, NULL, 5, NULL, 'JUE 07:00-08:30'),
(1452, 109, 4, 11, '2025-1', 'B', '', NULL, NULL, 5, NULL, 'VIE 07:00-08:30'),
(1453, 109, 4, 12, '2025-1', 'C', '', NULL, NULL, 5, NULL, 'SAB 07:00-08:30'),
(1454, 109, 4, 13, '2025-1', '', '1', NULL, NULL, 5, NULL, 'LUN 07:00-08:30'),
(1455, 109, 4, 14, '2025-1', '', '2', NULL, NULL, 5, NULL, 'MAR 07:00-08:30'),
(1456, 109, 4, 15, '2025-1', '', '3', NULL, NULL, 5, NULL, 'MIE 07:00-08:30'),
(1457, 109, 4, 16, '2025-1', '', '4', NULL, NULL, 5, NULL, 'JUE 07:00-08:30'),
(1458, 109, 4, 17, '2025-1', '', '5', NULL, NULL, 5, NULL, 'VIE 07:00-08:30'),
(1459, 109, 4, 18, '2025-1', '', '6', NULL, NULL, 5, NULL, 'SAB 07:00-08:30'),
(1460, 109, 4, 19, '2025-1', '', '7', NULL, NULL, 5, NULL, 'LUN 07:00-08:30'),
(1461, 109, 4, 20, '2025-1', '', '8', NULL, NULL, 5, NULL, 'MAR 07:00-08:30'),
(1462, 109, 4, 21, '2025-1', '', '9', NULL, NULL, 5, NULL, 'MIE 07:00-08:30'),
(1463, 109, 4, 22, '2025-1', '', '10', NULL, NULL, 5, NULL, 'JUE 07:00-08:30'),
(1464, 109, 4, 23, '2025-1', '', '11', NULL, NULL, 5, NULL, 'VIE 07:00-08:30'),
(1465, 109, 4, 24, '2025-1', '', '12', NULL, NULL, 5, NULL, 'SAB 07:00-08:30'),
(1466, 110, 4, 25, '2025-2', 'A', '', NULL, NULL, 5, NULL, 'LUN 07:00-08:30'),
(1467, 110, 4, 26, '2025-2', 'B', '', NULL, NULL, 5, NULL, 'MAR 07:00-08:30'),
(1468, 110, 4, 27, '2025-2', 'C', '', NULL, NULL, 5, NULL, 'MIE 07:00-08:30'),
(1469, 110, 4, 28, '2025-2', '', '1', NULL, NULL, 5, NULL, 'JUE 07:00-08:30'),
(1470, 110, 4, 29, '2025-2', '', '2', NULL, NULL, 5, NULL, 'VIE 07:00-08:30'),
(1471, 110, 4, 30, '2025-2', '', '3', NULL, NULL, 5, NULL, 'SAB 07:00-08:30'),
(1472, 110, 4, 31, '2025-2', '', '4', NULL, NULL, 5, NULL, 'LUN 07:00-08:30'),
(1473, 110, 4, 32, '2025-2', '', '5', NULL, NULL, 5, NULL, 'MAR 07:00-08:30'),
(1474, 110, 4, 33, '2025-2', '', '6', NULL, NULL, 5, NULL, 'MIE 07:00-08:30'),
(1475, 110, 4, 34, '2025-2', '', '7', NULL, NULL, 5, NULL, 'JUE 07:00-08:30'),
(1476, 110, 4, 35, '2025-2', '', '8', NULL, NULL, 5, NULL, 'VIE 07:00-08:30'),
(1477, 110, 4, 36, '2025-2', '', '9', NULL, NULL, 5, NULL, 'SAB 07:00-08:30'),
(1478, 110, 4, 37, '2025-2', '', '10', NULL, NULL, 5, NULL, 'LUN 07:00-08:30'),
(1479, 110, 4, 38, '2025-2', '', '11', NULL, NULL, 5, NULL, 'MAR 07:00-08:30'),
(1480, 110, 4, 39, '2025-2', '', '12', NULL, NULL, 5, NULL, 'MIE 07:00-08:30'),
(1481, 111, 4, 40, '2025-2', 'A', '', NULL, NULL, 5, NULL, 'JUE 07:00-08:30'),
(1482, 111, 4, 41, '2025-2', 'B', '', NULL, NULL, 5, NULL, 'VIE 07:00-08:30'),
(1483, 111, 4, 42, '2025-2', 'C', '', NULL, NULL, 5, NULL, 'SAB 07:00-08:30'),
(1484, 111, 4, 43, '2025-2', '', '1', NULL, NULL, 5, NULL, 'LUN 07:00-08:30'),
(1485, 111, 4, 44, '2025-2', '', '2', NULL, NULL, 5, NULL, 'MAR 07:00-08:30'),
(1486, 111, 4, 45, '2025-2', '', '3', NULL, NULL, 5, NULL, 'MIE 07:00-08:30'),
(1487, 111, 4, 46, '2025-2', '', '4', NULL, NULL, 5, NULL, 'JUE 07:00-08:30'),
(1488, 111, 4, 47, '2025-2', '', '5', NULL, NULL, 5, NULL, 'VIE 07:00-08:30'),
(1489, 111, 4, 48, '2025-2', '', '6', NULL, NULL, 5, NULL, 'SAB 07:00-08:30'),
(1490, 111, 4, 49, '2025-2', '', '7', NULL, NULL, 5, NULL, 'LUN 07:00-08:30'),
(1491, 111, 4, 50, '2025-2', '', '8', NULL, NULL, 5, NULL, 'MAR 07:00-08:30'),
(1492, 111, 4, 51, '2025-2', '', '9', NULL, NULL, 5, NULL, 'MIE 07:00-08:30'),
(1493, 111, 4, 52, '2025-2', '', '10', NULL, NULL, 5, NULL, 'JUE 07:00-08:30'),
(1494, 111, 4, 53, '2025-2', '', '11', NULL, NULL, 5, NULL, 'VIE 07:00-08:30'),
(1495, 111, 4, 54, '2025-2', '', '12', NULL, NULL, 5, NULL, 'SAB 07:00-08:30'),
(1496, 112, 4, 55, '2025-2', 'A', '', NULL, NULL, 5, NULL, 'LUN 07:00-08:30'),
(1497, 112, 4, 56, '2025-2', 'B', '', NULL, NULL, 5, NULL, 'MAR 07:00-08:30'),
(1498, 112, 4, 57, '2025-2', 'C', '', NULL, NULL, 5, NULL, 'MIE 07:00-08:30'),
(1499, 112, 4, 58, '2025-2', '', '1', NULL, NULL, 5, NULL, 'JUE 07:00-08:30'),
(1500, 112, 4, 59, '2025-2', '', '2', NULL, NULL, 5, NULL, 'VIE 07:00-08:30'),
(1501, 112, 4, 60, '2025-2', '', '3', NULL, NULL, 5, NULL, 'SAB 07:00-08:30'),
(1502, 112, 4, 61, '2025-2', '', '4', NULL, NULL, 5, NULL, 'LUN 07:00-08:30'),
(1503, 112, 4, 62, '2025-2', '', '5', NULL, NULL, 5, NULL, 'MAR 07:00-08:30'),
(1504, 112, 4, 63, '2025-2', '', '6', NULL, NULL, 5, NULL, 'MIE 07:00-08:30'),
(1505, 112, 4, 64, '2025-2', '', '7', NULL, NULL, 5, NULL, 'JUE 07:00-08:30'),
(1506, 112, 4, 65, '2025-2', '', '8', NULL, NULL, 5, NULL, 'VIE 07:00-08:30'),
(1507, 112, 4, 66, '2025-2', '', '9', NULL, NULL, 5, NULL, 'SAB 07:00-08:30'),
(1508, 112, 4, 67, '2025-2', '', '10', NULL, NULL, 5, NULL, 'LUN 07:00-08:30'),
(1509, 112, 4, 68, '2025-2', '', '11', NULL, NULL, 5, NULL, 'MAR 07:00-08:30'),
(1510, 112, 4, 69, '2025-2', '', '12', NULL, NULL, 5, NULL, 'MIE 07:00-08:30'),
(1511, 113, 4, 70, '2025-2', 'A', '', NULL, NULL, 5, NULL, 'JUE 07:00-08:30'),
(1512, 113, 4, 71, '2025-2', 'B', '', NULL, NULL, 5, NULL, 'VIE 07:00-08:30'),
(1513, 113, 4, 72, '2025-2', 'C', '', NULL, NULL, 5, NULL, 'SAB 07:00-08:30'),
(1514, 113, 4, 73, '2025-2', '', '1', NULL, NULL, 5, NULL, 'LUN 07:00-08:30'),
(1515, 113, 4, 74, '2025-2', '', '2', NULL, NULL, 5, NULL, 'MAR 07:00-08:30'),
(1516, 113, 4, 75, '2025-2', '', '3', NULL, NULL, 5, NULL, 'MIE 07:00-08:30'),
(1517, 113, 4, 76, '2025-2', '', '4', NULL, NULL, 5, NULL, 'JUE 07:00-08:30'),
(1518, 113, 4, 77, '2025-2', '', '5', NULL, NULL, 5, NULL, 'VIE 07:00-08:30'),
(1519, 113, 4, 78, '2025-2', '', '6', NULL, NULL, 5, NULL, 'SAB 07:00-08:30'),
(1520, 113, 4, 79, '2025-2', '', '7', NULL, NULL, 5, NULL, 'LUN 07:00-08:30'),
(1521, 113, 4, 80, '2025-2', '', '8', NULL, NULL, 5, NULL, 'MAR 07:00-08:30'),
(1522, 113, 4, 81, '2025-2', '', '9', NULL, NULL, 5, NULL, 'MIE 07:00-08:30'),
(1523, 113, 4, 82, '2025-2', '', '10', NULL, NULL, 5, NULL, 'JUE 07:00-08:30'),
(1524, 113, 4, 83, '2025-2', '', '11', NULL, NULL, 5, NULL, 'VIE 07:00-08:30'),
(1525, 113, 4, 84, '2025-2', '', '12', NULL, NULL, 5, NULL, 'SAB 07:00-08:30'),
(1526, 114, 4, 85, '2025-2', 'A', '', NULL, NULL, 5, NULL, 'LUN 07:00-08:30'),
(1527, 114, 4, 86, '2025-2', 'B', '', NULL, NULL, 5, NULL, 'MAR 07:00-08:30'),
(1528, 114, 4, 87, '2025-2', 'C', '', NULL, NULL, 5, NULL, 'MIE 07:00-08:30'),
(1529, 114, 4, 88, '2025-2', '', '1', NULL, NULL, 5, NULL, 'JUE 07:00-08:30'),
(1530, 114, 4, 89, '2025-2', '', '2', NULL, NULL, 5, NULL, 'VIE 07:00-08:30'),
(1531, 114, 4, 90, '2025-2', '', '3', NULL, NULL, 5, NULL, 'SAB 07:00-08:30'),
(1532, 114, 4, 91, '2025-2', '', '4', NULL, NULL, 5, NULL, 'LUN 07:00-08:30'),
(1533, 114, 4, 92, '2025-2', '', '5', NULL, NULL, 5, NULL, 'MAR 07:00-08:30'),
(1534, 114, 4, 93, '2025-2', '', '6', NULL, NULL, 5, NULL, 'MIE 07:00-08:30'),
(1535, 114, 4, 94, '2025-2', '', '7', NULL, NULL, 5, NULL, 'JUE 07:00-08:30'),
(1536, 114, 4, 95, '2025-2', '', '8', NULL, NULL, 5, NULL, 'VIE 07:00-08:30'),
(1537, 114, 4, 96, '2025-2', '', '9', NULL, NULL, 5, NULL, 'SAB 07:00-08:30'),
(1538, 114, 4, 97, '2025-2', '', '10', NULL, NULL, 5, NULL, 'LUN 07:00-08:30'),
(1539, 114, 4, 98, '2025-2', '', '11', NULL, NULL, 5, NULL, 'MAR 07:00-08:30'),
(1540, 114, 4, 99, '2025-2', '', '12', NULL, NULL, 5, NULL, 'MIE 07:00-08:30'),
(1541, 115, 4, 100, '2025-2', 'A', '', NULL, NULL, 5, NULL, 'JUE 07:00-08:30'),
(1542, 115, 4, 101, '2025-2', 'B', '', NULL, NULL, 5, NULL, 'VIE 07:00-08:30'),
(1543, 115, 4, 102, '2025-2', 'C', '', NULL, NULL, 5, NULL, 'SAB 07:00-08:30'),
(1544, 115, 4, 103, '2025-2', '', '1', NULL, NULL, 5, NULL, 'LUN 07:00-08:30'),
(1545, 115, 4, 104, '2025-2', '', '2', NULL, NULL, 5, NULL, 'MAR 07:00-08:30'),
(1546, 115, 4, 105, '2025-2', '', '3', NULL, NULL, 5, NULL, 'MIE 07:00-08:30'),
(1547, 115, 4, 106, '2025-2', '', '4', NULL, NULL, 5, NULL, 'JUE 07:00-08:30'),
(1548, 115, 4, 107, '2025-2', '', '5', NULL, NULL, 5, NULL, 'VIE 07:00-08:30'),
(1549, 115, 4, 108, '2025-2', '', '6', NULL, NULL, 5, NULL, 'SAB 07:00-08:30'),
(1550, 115, 4, 109, '2025-2', '', '7', NULL, NULL, 5, NULL, 'LUN 07:00-08:30'),
(1551, 115, 4, 110, '2025-2', '', '8', NULL, NULL, 5, NULL, 'MAR 07:00-08:30'),
(1552, 115, 4, 111, '2025-2', '', '9', NULL, NULL, 5, NULL, 'MIE 07:00-08:30'),
(1553, 115, 4, 112, '2025-2', '', '10', NULL, NULL, 5, NULL, 'JUE 07:00-08:30'),
(1554, 115, 4, 113, '2025-2', '', '11', NULL, NULL, 5, NULL, 'VIE 07:00-08:30'),
(1555, 115, 4, 114, '2025-2', '', '12', NULL, NULL, 5, NULL, 'SAB 07:00-08:30'),
(1556, 116, 4, 115, '2025-2', 'A', '', NULL, NULL, 5, NULL, 'LUN 07:00-08:30'),
(1557, 116, 4, 116, '2025-2', 'B', '', NULL, NULL, 5, NULL, 'MAR 07:00-08:30'),
(1558, 116, 4, 117, '2025-2', 'C', '', NULL, NULL, 5, NULL, 'MIE 07:00-08:30'),
(1559, 116, 4, 118, '2025-2', '', '1', NULL, NULL, 5, NULL, 'JUE 07:00-08:30'),
(1560, 116, 4, 119, '2025-2', '', '2', NULL, NULL, 5, NULL, 'VIE 07:00-08:30'),
(1561, 116, 4, 120, '2025-2', '', '3', NULL, NULL, 5, NULL, 'SAB 07:00-08:30'),
(1562, 116, 4, 121, '2025-2', '', '4', NULL, NULL, 5, NULL, 'LUN 07:00-08:30'),
(1563, 116, 4, 122, '2025-2', '', '5', NULL, NULL, 5, NULL, 'MAR 07:00-08:30'),
(1564, 116, 4, 123, '2025-2', '', '6', NULL, NULL, 5, NULL, 'MIE 07:00-08:30'),
(1565, 116, 4, 124, '2025-2', '', '7', NULL, NULL, 5, NULL, 'JUE 07:00-08:30'),
(1566, 116, 4, 125, '2025-2', '', '8', NULL, NULL, 5, NULL, 'VIE 07:00-08:30'),
(1567, 116, 4, 126, '2025-2', '', '9', NULL, NULL, 5, NULL, 'SAB 07:00-08:30'),
(1568, 116, 4, 127, '2025-2', '', '10', NULL, NULL, 5, NULL, 'LUN 07:00-08:30'),
(1569, 116, 4, 128, '2025-2', '', '11', NULL, NULL, 5, NULL, 'MAR 07:00-08:30'),
(1570, 116, 4, 129, '2025-2', '', '12', NULL, NULL, 5, NULL, 'MIE 07:00-08:30'),
(1571, 117, 4, 130, '2025-1', 'A', '', NULL, NULL, 5, NULL, 'JUE 07:00-08:30'),
(1572, 117, 4, 131, '2025-1', 'B', '', NULL, NULL, 5, NULL, 'VIE 07:00-08:30'),
(1573, 117, 4, 132, '2025-1', 'C', '', NULL, NULL, 5, NULL, 'SAB 07:00-08:30'),
(1574, 117, 4, 133, '2025-1', '', '1', NULL, NULL, 5, NULL, 'LUN 07:00-08:30'),
(1575, 117, 4, 134, '2025-1', '', '2', NULL, NULL, 5, NULL, 'MAR 07:00-08:30'),
(1576, 117, 4, 135, '2025-1', '', '3', NULL, NULL, 5, NULL, 'MIE 07:00-08:30'),
(1577, 117, 4, 136, '2025-1', '', '4', NULL, NULL, 5, NULL, 'JUE 07:00-08:30'),
(1578, 117, 4, 137, '2025-1', '', '5', NULL, NULL, 5, NULL, 'VIE 07:00-08:30'),
(1579, 117, 4, 138, '2025-1', '', '6', NULL, NULL, 5, NULL, 'SAB 07:00-08:30'),
(1580, 117, 4, 139, '2025-1', '', '7', NULL, NULL, 5, NULL, 'LUN 07:00-08:30'),
(1581, 117, 4, 140, '2025-1', '', '8', NULL, NULL, 5, NULL, 'MAR 07:00-08:30'),
(1582, 117, 4, 141, '2025-1', '', '9', NULL, NULL, 5, NULL, 'MIE 07:00-08:30'),
(1583, 117, 4, 142, '2025-1', '', '10', NULL, NULL, 5, NULL, 'JUE 07:00-08:30'),
(1584, 117, 4, 143, '2025-1', '', '11', NULL, NULL, 5, NULL, 'VIE 07:00-08:30'),
(1585, 117, 4, 144, '2025-1', '', '12', NULL, NULL, 5, NULL, 'SAB 07:00-08:30'),
(1586, 118, 4, 145, '2025-1', 'A', '', NULL, NULL, 5, NULL, 'LUN 07:00-08:30'),
(1587, 118, 4, 146, '2025-1', 'B', '', NULL, NULL, 5, NULL, 'MAR 07:00-08:30'),
(1588, 118, 4, 147, '2025-1', 'C', '', NULL, NULL, 5, NULL, 'MIE 07:00-08:30'),
(1589, 118, 4, 148, '2025-1', '', '1', NULL, NULL, 5, NULL, 'JUE 07:00-08:30'),
(1590, 118, 4, 149, '2025-1', '', '2', NULL, NULL, 5, NULL, 'VIE 07:00-08:30'),
(1591, 118, 4, 150, '2025-1', '', '3', NULL, NULL, 5, NULL, 'SAB 07:00-08:30'),
(1592, 118, 4, 151, '2025-1', '', '4', NULL, NULL, 5, NULL, 'LUN 07:00-08:30'),
(1593, 118, 4, 152, '2025-1', '', '5', NULL, NULL, 5, NULL, 'MAR 07:00-08:30'),
(1594, 118, 4, 153, '2025-1', '', '6', NULL, NULL, 5, NULL, 'MIE 07:00-08:30'),
(1595, 118, 4, 154, '2025-1', '', '7', NULL, NULL, 5, NULL, 'JUE 07:00-08:30'),
(1596, 118, 4, 155, '2025-1', '', '8', NULL, NULL, 5, NULL, 'VIE 07:00-08:30'),
(1597, 118, 4, 156, '2025-1', '', '9', NULL, NULL, 5, NULL, 'SAB 07:00-08:30'),
(1598, 118, 4, 157, '2025-1', '', '10', NULL, NULL, 5, NULL, 'LUN 07:00-08:30'),
(1599, 118, 4, 158, '2025-1', '', '11', NULL, NULL, 5, NULL, 'MAR 07:00-08:30'),
(1600, 118, 4, 159, '2025-1', '', '12', NULL, NULL, 5, NULL, 'MIE 07:00-08:30'),
(1601, 119, 4, 160, '2025-1', 'A', '', NULL, NULL, 5, NULL, 'JUE 07:00-08:30'),
(1602, 119, 4, 1, '2025-1', 'B', '', NULL, NULL, 5, NULL, 'VIE 08:30-10:00'),
(1603, 119, 4, 2, '2025-1', 'C', '', NULL, NULL, 5, NULL, 'SAB 08:30-10:00'),
(1604, 119, 4, 3, '2025-1', '', '1', NULL, NULL, 5, NULL, 'LUN 08:30-10:00'),
(1605, 119, 4, 4, '2025-1', '', '2', NULL, NULL, 5, NULL, 'MAR 08:30-10:00'),
(1606, 119, 4, 5, '2025-1', '', '3', NULL, NULL, 5, NULL, 'MIE 08:30-10:00'),
(1607, 119, 4, 6, '2025-1', '', '4', NULL, NULL, 5, NULL, 'JUE 08:30-10:00'),
(1608, 119, 4, 7, '2025-1', '', '5', NULL, NULL, 5, NULL, 'VIE 08:30-10:00'),
(1609, 119, 4, 8, '2025-1', '', '6', NULL, NULL, 5, NULL, 'SAB 08:30-10:00'),
(1610, 119, 4, 9, '2025-1', '', '7', NULL, NULL, 5, NULL, 'LUN 08:30-10:00'),
(1611, 119, 4, 10, '2025-1', '', '8', NULL, NULL, 5, NULL, 'MAR 08:30-10:00'),
(1612, 119, 4, 11, '2025-1', '', '9', NULL, NULL, 5, NULL, 'MIE 08:30-10:00'),
(1613, 119, 4, 12, '2025-1', '', '10', NULL, NULL, 5, NULL, 'JUE 08:30-10:00'),
(1614, 119, 4, 13, '2025-1', '', '11', NULL, NULL, 5, NULL, 'VIE 08:30-10:00'),
(1615, 119, 4, 14, '2025-1', '', '12', NULL, NULL, 5, NULL, 'SAB 08:30-10:00'),
(1616, 120, 4, 15, '2025-1', 'A', '', NULL, NULL, 5, NULL, 'LUN 08:30-10:00'),
(1617, 120, 4, 16, '2025-1', 'B', '', NULL, NULL, 5, NULL, 'MAR 08:30-10:00'),
(1618, 120, 4, 17, '2025-1', 'C', '', NULL, NULL, 5, NULL, 'MIE 08:30-10:00'),
(1619, 120, 4, 18, '2025-1', '', '1', NULL, NULL, 5, NULL, 'JUE 08:30-10:00'),
(1620, 120, 4, 19, '2025-1', '', '2', NULL, NULL, 5, NULL, 'VIE 08:30-10:00'),
(1621, 120, 4, 20, '2025-1', '', '3', NULL, NULL, 5, NULL, 'SAB 08:30-10:00'),
(1622, 120, 4, 21, '2025-1', '', '4', NULL, NULL, 5, NULL, 'LUN 08:30-10:00'),
(1623, 120, 4, 22, '2025-1', '', '5', NULL, NULL, 5, NULL, 'MAR 08:30-10:00'),
(1624, 120, 4, 23, '2025-1', '', '6', NULL, NULL, 5, NULL, 'MIE 08:30-10:00'),
(1625, 120, 4, 24, '2025-1', '', '7', NULL, NULL, 5, NULL, 'JUE 08:30-10:00'),
(1626, 120, 4, 25, '2025-1', '', '8', NULL, NULL, 5, NULL, 'VIE 08:30-10:00'),
(1627, 120, 4, 26, '2025-1', '', '9', NULL, NULL, 5, NULL, 'SAB 08:30-10:00'),
(1628, 120, 4, 27, '2025-1', '', '10', NULL, NULL, 5, NULL, 'LUN 08:30-10:00'),
(1629, 120, 4, 28, '2025-1', '', '11', NULL, NULL, 5, NULL, 'MAR 08:30-10:00'),
(1630, 120, 4, 29, '2025-1', '', '12', NULL, NULL, 5, NULL, 'MIE 08:30-10:00'),
(1631, 121, 4, 30, '2025-1', 'A', '', NULL, NULL, 5, NULL, 'JUE 08:30-10:00'),
(1632, 121, 4, 31, '2025-1', 'B', '', NULL, NULL, 5, NULL, 'VIE 08:30-10:00'),
(1633, 121, 4, 32, '2025-1', 'C', '', NULL, NULL, 5, NULL, 'SAB 08:30-10:00'),
(1634, 121, 4, 33, '2025-1', '', '1', NULL, NULL, 5, NULL, 'LUN 08:30-10:00'),
(1635, 121, 4, 34, '2025-1', '', '2', NULL, NULL, 5, NULL, 'MAR 08:30-10:00'),
(1636, 121, 4, 35, '2025-1', '', '3', NULL, NULL, 5, NULL, 'MIE 08:30-10:00'),
(1637, 121, 4, 36, '2025-1', '', '4', NULL, NULL, 5, NULL, 'JUE 08:30-10:00'),
(1638, 121, 4, 37, '2025-1', '', '5', NULL, NULL, 5, NULL, 'VIE 08:30-10:00'),
(1639, 121, 4, 38, '2025-1', '', '6', NULL, NULL, 5, NULL, 'SAB 08:30-10:00'),
(1640, 121, 4, 39, '2025-1', '', '7', NULL, NULL, 5, NULL, 'LUN 08:30-10:00'),
(1641, 121, 4, 40, '2025-1', '', '8', NULL, NULL, 5, NULL, 'MAR 08:30-10:00'),
(1642, 121, 4, 41, '2025-1', '', '9', NULL, NULL, 5, NULL, 'MIE 08:30-10:00'),
(1643, 121, 4, 42, '2025-1', '', '10', NULL, NULL, 5, NULL, 'JUE 08:30-10:00'),
(1644, 121, 4, 43, '2025-1', '', '11', NULL, NULL, 5, NULL, 'VIE 08:30-10:00'),
(1645, 121, 4, 44, '2025-1', '', '12', NULL, NULL, 5, NULL, 'SAB 08:30-10:00'),
(1646, 122, 4, 45, '2025-1', 'A', '', NULL, NULL, 5, NULL, 'LUN 08:30-10:00'),
(1647, 122, 4, 46, '2025-1', 'B', '', NULL, NULL, 5, NULL, 'MAR 08:30-10:00'),
(1648, 122, 4, 47, '2025-1', 'C', '', NULL, NULL, 5, NULL, 'MIE 08:30-10:00'),
(1649, 122, 4, 48, '2025-1', '', '1', NULL, NULL, 5, NULL, 'JUE 08:30-10:00'),
(1650, 122, 4, 49, '2025-1', '', '2', NULL, NULL, 5, NULL, 'VIE 08:30-10:00'),
(1651, 122, 4, 50, '2025-1', '', '3', NULL, NULL, 5, NULL, 'SAB 08:30-10:00'),
(1652, 122, 4, 51, '2025-1', '', '4', NULL, NULL, 5, NULL, 'LUN 08:30-10:00'),
(1653, 122, 4, 52, '2025-1', '', '5', NULL, NULL, 5, NULL, 'MAR 08:30-10:00'),
(1654, 122, 4, 53, '2025-1', '', '6', NULL, NULL, 5, NULL, 'MIE 08:30-10:00'),
(1655, 122, 4, 54, '2025-1', '', '7', NULL, NULL, 5, NULL, 'JUE 08:30-10:00'),
(1656, 122, 4, 55, '2025-1', '', '8', NULL, NULL, 5, NULL, 'VIE 08:30-10:00'),
(1657, 122, 4, 56, '2025-1', '', '9', NULL, NULL, 5, NULL, 'SAB 08:30-10:00'),
(1658, 122, 4, 57, '2025-1', '', '10', NULL, NULL, 5, NULL, 'LUN 08:30-10:00'),
(1659, 122, 4, 58, '2025-1', '', '11', NULL, NULL, 5, NULL, 'MAR 08:30-10:00'),
(1660, 122, 4, 59, '2025-1', '', '12', NULL, NULL, 5, NULL, 'MIE 08:30-10:00'),
(1661, 123, 4, 60, '2025-2', 'A', '', NULL, NULL, 5, NULL, 'JUE 08:30-10:00'),
(1662, 123, 4, 61, '2025-2', 'B', '', NULL, NULL, 5, NULL, 'VIE 08:30-10:00'),
(1663, 123, 4, 62, '2025-2', 'C', '', NULL, NULL, 5, NULL, 'SAB 08:30-10:00'),
(1664, 123, 4, 63, '2025-2', '', '1', NULL, NULL, 5, NULL, 'LUN 08:30-10:00'),
(1665, 123, 4, 64, '2025-2', '', '2', NULL, NULL, 5, NULL, 'MAR 08:30-10:00'),
(1666, 123, 4, 65, '2025-2', '', '3', NULL, NULL, 5, NULL, 'MIE 08:30-10:00'),
(1667, 123, 4, 66, '2025-2', '', '4', NULL, NULL, 5, NULL, 'JUE 08:30-10:00'),
(1668, 123, 4, 67, '2025-2', '', '5', NULL, NULL, 5, NULL, 'VIE 08:30-10:00'),
(1669, 123, 4, 68, '2025-2', '', '6', NULL, NULL, 5, NULL, 'SAB 08:30-10:00'),
(1670, 123, 4, 69, '2025-2', '', '7', NULL, NULL, 5, NULL, 'LUN 08:30-10:00'),
(1671, 123, 4, 70, '2025-2', '', '8', NULL, NULL, 5, NULL, 'MAR 08:30-10:00'),
(1672, 123, 4, 71, '2025-2', '', '9', NULL, NULL, 5, NULL, 'MIE 08:30-10:00'),
(1673, 123, 4, 72, '2025-2', '', '10', NULL, NULL, 5, NULL, 'JUE 08:30-10:00'),
(1674, 123, 4, 73, '2025-2', '', '11', NULL, NULL, 5, NULL, 'VIE 08:30-10:00'),
(1675, 123, 4, 74, '2025-2', '', '12', NULL, NULL, 5, NULL, 'SAB 08:30-10:00'),
(1676, 124, 4, 75, '2025-2', 'A', '', NULL, NULL, 5, NULL, 'LUN 08:30-10:00'),
(1677, 124, 4, 76, '2025-2', 'B', '', NULL, NULL, 5, NULL, 'MAR 08:30-10:00'),
(1678, 124, 4, 77, '2025-2', 'C', '', NULL, NULL, 5, NULL, 'MIE 08:30-10:00'),
(1679, 124, 4, 78, '2025-2', '', '1', NULL, NULL, 5, NULL, 'JUE 08:30-10:00'),
(1680, 124, 4, 79, '2025-2', '', '2', NULL, NULL, 5, NULL, 'VIE 08:30-10:00'),
(1681, 124, 4, 80, '2025-2', '', '3', NULL, NULL, 5, NULL, 'SAB 08:30-10:00'),
(1682, 124, 4, 81, '2025-2', '', '4', NULL, NULL, 5, NULL, 'LUN 08:30-10:00'),
(1683, 124, 4, 82, '2025-2', '', '5', NULL, NULL, 5, NULL, 'MAR 08:30-10:00'),
(1684, 124, 4, 83, '2025-2', '', '6', NULL, NULL, 5, NULL, 'MIE 08:30-10:00'),
(1685, 124, 4, 84, '2025-2', '', '7', NULL, NULL, 5, NULL, 'JUE 08:30-10:00'),
(1686, 124, 4, 85, '2025-2', '', '8', NULL, NULL, 5, NULL, 'VIE 08:30-10:00'),
(1687, 124, 4, 86, '2025-2', '', '9', NULL, NULL, 5, NULL, 'SAB 08:30-10:00'),
(1688, 124, 4, 87, '2025-2', '', '10', NULL, NULL, 5, NULL, 'LUN 08:30-10:00'),
(1689, 124, 4, 88, '2025-2', '', '11', NULL, NULL, 5, NULL, 'MAR 08:30-10:00'),
(1690, 124, 4, 89, '2025-2', '', '12', NULL, NULL, 5, NULL, 'MIE 08:30-10:00'),
(1691, 125, 4, 90, '2025-2', 'A', '', NULL, NULL, 5, NULL, 'JUE 08:30-10:00'),
(1692, 125, 4, 91, '2025-2', 'B', '', NULL, NULL, 5, NULL, 'VIE 08:30-10:00'),
(1693, 125, 4, 92, '2025-2', 'C', '', NULL, NULL, 5, NULL, 'SAB 08:30-10:00'),
(1694, 125, 4, 93, '2025-2', '', '1', NULL, NULL, 5, NULL, 'LUN 08:30-10:00'),
(1695, 125, 4, 94, '2025-2', '', '2', NULL, NULL, 5, NULL, 'MAR 08:30-10:00'),
(1696, 125, 4, 95, '2025-2', '', '3', NULL, NULL, 5, NULL, 'MIE 08:30-10:00'),
(1697, 125, 4, 96, '2025-2', '', '4', NULL, NULL, 5, NULL, 'JUE 08:30-10:00'),
(1698, 125, 4, 97, '2025-2', '', '5', NULL, NULL, 5, NULL, 'VIE 08:30-10:00'),
(1699, 125, 4, 98, '2025-2', '', '6', NULL, NULL, 5, NULL, 'SAB 08:30-10:00'),
(1700, 125, 4, 99, '2025-2', '', '7', NULL, NULL, 5, NULL, 'LUN 08:30-10:00'),
(1701, 125, 4, 100, '2025-2', '', '8', NULL, NULL, 5, NULL, 'MAR 08:30-10:00'),
(1702, 125, 4, 101, '2025-2', '', '9', NULL, NULL, 5, NULL, 'MIE 08:30-10:00'),
(1703, 125, 4, 102, '2025-2', '', '10', NULL, NULL, 5, NULL, 'JUE 08:30-10:00'),
(1704, 125, 4, 103, '2025-2', '', '11', NULL, NULL, 5, NULL, 'VIE 08:30-10:00'),
(1705, 125, 4, 104, '2025-2', '', '12', NULL, NULL, 5, NULL, 'SAB 08:30-10:00'),
(1706, 126, 4, 105, '2025-2', 'A', '', NULL, NULL, 5, NULL, 'LUN 08:30-10:00'),
(1707, 126, 4, 106, '2025-2', 'B', '', NULL, NULL, 5, NULL, 'MAR 08:30-10:00'),
(1708, 126, 4, 107, '2025-2', 'C', '', NULL, NULL, 5, NULL, 'MIE 08:30-10:00'),
(1709, 126, 4, 108, '2025-2', '', '1', NULL, NULL, 5, NULL, 'JUE 08:30-10:00'),
(1710, 126, 4, 109, '2025-2', '', '2', NULL, NULL, 5, NULL, 'VIE 08:30-10:00'),
(1711, 126, 4, 110, '2025-2', '', '3', NULL, NULL, 5, NULL, 'SAB 08:30-10:00'),
(1712, 126, 4, 111, '2025-2', '', '4', NULL, NULL, 5, NULL, 'LUN 08:30-10:00'),
(1713, 126, 4, 112, '2025-2', '', '5', NULL, NULL, 5, NULL, 'MAR 08:30-10:00'),
(1714, 126, 4, 113, '2025-2', '', '6', NULL, NULL, 5, NULL, 'MIE 08:30-10:00'),
(1715, 126, 4, 114, '2025-2', '', '7', NULL, NULL, 5, NULL, 'JUE 08:30-10:00'),
(1716, 126, 4, 115, '2025-2', '', '8', NULL, NULL, 5, NULL, 'VIE 08:30-10:00'),
(1717, 126, 4, 116, '2025-2', '', '9', NULL, NULL, 5, NULL, 'SAB 08:30-10:00'),
(1718, 126, 4, 117, '2025-2', '', '10', NULL, NULL, 5, NULL, 'LUN 08:30-10:00'),
(1719, 126, 4, 118, '2025-2', '', '11', NULL, NULL, 5, NULL, 'MAR 08:30-10:00'),
(1720, 126, 4, 119, '2025-2', '', '12', NULL, NULL, 5, NULL, 'MIE 08:30-10:00'),
(1721, 127, 4, 120, '2025-2', 'A', '', NULL, NULL, 5, NULL, 'JUE 08:30-10:00'),
(1722, 127, 4, 121, '2025-2', 'B', '', NULL, NULL, 5, NULL, 'VIE 08:30-10:00'),
(1723, 127, 4, 122, '2025-2', 'C', '', NULL, NULL, 5, NULL, 'SAB 08:30-10:00'),
(1724, 127, 4, 123, '2025-2', '', '1', NULL, NULL, 5, NULL, 'LUN 08:30-10:00'),
(1725, 127, 4, 124, '2025-2', '', '2', NULL, NULL, 5, NULL, 'MAR 08:30-10:00'),
(1726, 127, 4, 125, '2025-2', '', '3', NULL, NULL, 5, NULL, 'MIE 08:30-10:00'),
(1727, 127, 4, 126, '2025-2', '', '4', NULL, NULL, 5, NULL, 'JUE 08:30-10:00'),
(1728, 127, 4, 127, '2025-2', '', '5', NULL, NULL, 5, NULL, 'VIE 08:30-10:00'),
(1729, 127, 4, 128, '2025-2', '', '6', NULL, NULL, 5, NULL, 'SAB 08:30-10:00'),
(1730, 127, 4, 129, '2025-2', '', '7', NULL, NULL, 5, NULL, 'LUN 08:30-10:00'),
(1731, 127, 4, 130, '2025-2', '', '8', NULL, NULL, 5, NULL, 'MAR 08:30-10:00'),
(1732, 127, 4, 131, '2025-2', '', '9', NULL, NULL, 5, NULL, 'MIE 08:30-10:00'),
(1733, 127, 4, 132, '2025-2', '', '10', NULL, NULL, 5, NULL, 'JUE 08:30-10:00'),
(1734, 127, 4, 133, '2025-2', '', '11', NULL, NULL, 5, NULL, 'VIE 08:30-10:00'),
(1735, 127, 4, 134, '2025-2', '', '12', NULL, NULL, 5, NULL, 'SAB 08:30-10:00'),
(1736, 128, 4, 135, '2025-2', 'A', '', NULL, NULL, 5, NULL, 'LUN 08:30-10:00'),
(1737, 128, 4, 136, '2025-2', 'B', '', NULL, NULL, 5, NULL, 'MAR 08:30-10:00'),
(1738, 128, 4, 137, '2025-2', 'C', '', NULL, NULL, 5, NULL, 'MIE 08:30-10:00'),
(1739, 128, 4, 138, '2025-2', '', '1', NULL, NULL, 5, NULL, 'JUE 08:30-10:00'),
(1740, 128, 4, 139, '2025-2', '', '2', NULL, NULL, 5, NULL, 'VIE 08:30-10:00'),
(1741, 128, 4, 140, '2025-2', '', '3', NULL, NULL, 5, NULL, 'SAB 08:30-10:00'),
(1742, 128, 4, 141, '2025-2', '', '4', NULL, NULL, 5, NULL, 'LUN 08:30-10:00'),
(1743, 128, 4, 142, '2025-2', '', '5', NULL, NULL, 5, NULL, 'MAR 08:30-10:00'),
(1744, 128, 4, 143, '2025-2', '', '6', NULL, NULL, 5, NULL, 'MIE 08:30-10:00'),
(1745, 128, 4, 144, '2025-2', '', '7', NULL, NULL, 5, NULL, 'JUE 08:30-10:00'),
(1746, 128, 4, 145, '2025-2', '', '8', NULL, NULL, 5, NULL, 'VIE 08:30-10:00'),
(1747, 128, 4, 146, '2025-2', '', '9', NULL, NULL, 5, NULL, 'SAB 08:30-10:00'),
(1748, 128, 4, 147, '2025-2', '', '10', NULL, NULL, 5, NULL, 'LUN 08:30-10:00'),
(1749, 128, 4, 148, '2025-2', '', '11', NULL, NULL, 5, NULL, 'MAR 08:30-10:00'),
(1750, 128, 4, 149, '2025-2', '', '12', NULL, NULL, 5, NULL, 'MIE 08:30-10:00'),
(1751, 129, 4, 150, '2025-1', 'A', '', NULL, NULL, 5, NULL, 'JUE 08:30-10:00'),
(1752, 129, 4, 151, '2025-1', 'B', '', NULL, NULL, 5, NULL, 'VIE 08:30-10:00'),
(1753, 129, 4, 152, '2025-1', 'C', '', NULL, NULL, 5, NULL, 'SAB 08:30-10:00'),
(1754, 130, 4, 153, '2025-1', 'A', '', NULL, NULL, 5, NULL, 'LUN 08:30-10:00'),
(1755, 130, 4, 154, '2025-1', 'B', '', NULL, NULL, 5, NULL, 'MAR 08:30-10:00'),
(1756, 130, 4, 155, '2025-1', 'C', '', NULL, NULL, 5, NULL, 'MIE 08:30-10:00'),
(1757, 131, 4, 156, '2025-1', '', '1', NULL, NULL, 5, NULL, 'JUE 08:30-10:00'),
(1758, 131, 4, 157, '2025-1', '', '2', NULL, NULL, 5, NULL, 'VIE 08:30-10:00'),
(1759, 131, 4, 158, '2025-1', '', '3', NULL, NULL, 5, NULL, 'SAB 08:30-10:00'),
(1760, 131, 4, 159, '2025-1', '', '4', NULL, NULL, 5, NULL, 'LUN 08:30-10:00'),
(1761, 131, 4, 160, '2025-1', '', '5', NULL, NULL, 5, NULL, 'MAR 08:30-10:00'),
(1762, 131, 4, 1, '2025-1', '', '6', NULL, NULL, 5, NULL, 'MIE 10:00-11:30'),
(1763, 131, 4, 2, '2025-1', '', '7', NULL, NULL, 5, NULL, 'JUE 10:00-11:30'),
(1764, 131, 4, 3, '2025-1', '', '8', NULL, NULL, 5, NULL, 'VIE 10:00-11:30'),
(1765, 131, 4, 4, '2025-1', '', '9', NULL, NULL, 5, NULL, 'SAB 10:00-11:30'),
(1766, 131, 4, 5, '2025-1', '', '10', NULL, NULL, 5, NULL, 'LUN 10:00-11:30'),
(1767, 131, 4, 6, '2025-1', '', '11', NULL, NULL, 5, NULL, 'MAR 10:00-11:30'),
(1768, 131, 4, 7, '2025-1', '', '12', NULL, NULL, 5, NULL, 'MIE 10:00-11:30'),
(1769, 132, 4, 8, '2025-1', 'A', '', NULL, NULL, 5, NULL, 'JUE 10:00-11:30'),
(1770, 132, 4, 9, '2025-1', 'B', '', NULL, NULL, 5, NULL, 'VIE 10:00-11:30'),
(1771, 132, 4, 10, '2025-1', 'C', '', NULL, NULL, 5, NULL, 'SAB 10:00-11:30'),
(1772, 133, 4, 11, '2025-1', 'A', '', NULL, NULL, 5, NULL, 'LUN 10:00-11:30'),
(1773, 133, 4, 12, '2025-1', 'B', '', NULL, NULL, 5, NULL, 'MAR 10:00-11:30'),
(1774, 133, 4, 13, '2025-1', 'C', '', NULL, NULL, 5, NULL, 'MIE 10:00-11:30'),
(1775, 133, 4, 14, '2025-1', '', '1', NULL, NULL, 5, NULL, 'JUE 10:00-11:30'),
(1776, 133, 4, 15, '2025-1', '', '2', NULL, NULL, 5, NULL, 'VIE 10:00-11:30'),
(1777, 133, 4, 16, '2025-1', '', '3', NULL, NULL, 5, NULL, 'SAB 10:00-11:30'),
(1778, 133, 4, 17, '2025-1', '', '4', NULL, NULL, 5, NULL, 'LUN 10:00-11:30'),
(1779, 133, 4, 18, '2025-1', '', '5', NULL, NULL, 5, NULL, 'MAR 10:00-11:30'),
(1780, 133, 4, 19, '2025-1', '', '6', NULL, NULL, 5, NULL, 'MIE 10:00-11:30'),
(1781, 133, 4, 20, '2025-1', '', '7', NULL, NULL, 5, NULL, 'JUE 10:00-11:30'),
(1782, 133, 4, 21, '2025-1', '', '8', NULL, NULL, 5, NULL, 'VIE 10:00-11:30'),
(1783, 133, 4, 22, '2025-1', '', '9', NULL, NULL, 5, NULL, 'SAB 10:00-11:30'),
(1784, 133, 4, 23, '2025-1', '', '10', NULL, NULL, 5, NULL, 'LUN 10:00-11:30'),
(1785, 133, 4, 24, '2025-1', '', '11', NULL, NULL, 5, NULL, 'MAR 10:00-11:30'),
(1786, 133, 4, 25, '2025-1', '', '12', NULL, NULL, 5, NULL, 'MIE 10:00-11:30'),
(1787, 134, 4, 26, '2025-1', '', '1', NULL, NULL, 5, NULL, 'JUE 10:00-11:30'),
(1788, 134, 4, 27, '2025-1', '', '2', NULL, NULL, 5, NULL, 'VIE 10:00-11:30'),
(1789, 134, 4, 28, '2025-1', '', '3', NULL, NULL, 5, NULL, 'SAB 10:00-11:30'),
(1790, 134, 4, 29, '2025-1', '', '4', NULL, NULL, 5, NULL, 'LUN 10:00-11:30'),
(1791, 134, 4, 30, '2025-1', '', '5', NULL, NULL, 5, NULL, 'MAR 10:00-11:30'),
(1792, 134, 4, 31, '2025-1', '', '6', NULL, NULL, 5, NULL, 'MIE 10:00-11:30'),
(1793, 134, 4, 32, '2025-1', '', '7', NULL, NULL, 5, NULL, 'JUE 10:00-11:30'),
(1794, 134, 4, 33, '2025-1', '', '8', NULL, NULL, 5, NULL, 'VIE 10:00-11:30'),
(1795, 134, 4, 34, '2025-1', '', '9', NULL, NULL, 5, NULL, 'SAB 10:00-11:30'),
(1796, 134, 4, 35, '2025-1', '', '10', NULL, NULL, 5, NULL, 'LUN 10:00-11:30'),
(1797, 134, 4, 36, '2025-1', '', '11', NULL, NULL, 5, NULL, 'MAR 10:00-11:30'),
(1798, 134, 4, 37, '2025-1', '', '12', NULL, NULL, 5, NULL, 'MIE 10:00-11:30'),
(1799, 135, 4, 38, '2025-1', 'A', '', NULL, NULL, 5, NULL, 'JUE 10:00-11:30'),
(1800, 135, 4, 39, '2025-1', 'B', '', NULL, NULL, 5, NULL, 'VIE 10:00-11:30'),
(1801, 135, 4, 40, '2025-1', 'C', '', NULL, NULL, 5, NULL, 'SAB 10:00-11:30'),
(1802, 136, 4, 41, '2025-2', 'A', '', NULL, NULL, 5, NULL, 'LUN 10:00-11:30'),
(1803, 136, 4, 42, '2025-2', 'B', '', NULL, NULL, 5, NULL, 'MAR 10:00-11:30'),
(1804, 136, 4, 43, '2025-2', 'C', '', NULL, NULL, 5, NULL, 'MIE 10:00-11:30'),
(1805, 137, 4, 44, '2025-2', 'A', '', NULL, NULL, 5, NULL, 'JUE 10:00-11:30'),
(1806, 137, 4, 45, '2025-2', 'B', '', NULL, NULL, 5, NULL, 'VIE 10:00-11:30'),
(1807, 137, 4, 46, '2025-2', 'C', '', NULL, NULL, 5, NULL, 'SAB 10:00-11:30'),
(1808, 137, 4, 47, '2025-2', '', '1', NULL, NULL, 5, NULL, 'LUN 10:00-11:30'),
(1809, 137, 4, 48, '2025-2', '', '2', NULL, NULL, 5, NULL, 'MAR 10:00-11:30'),
(1810, 137, 4, 49, '2025-2', '', '3', NULL, NULL, 5, NULL, 'MIE 10:00-11:30'),
(1811, 137, 4, 50, '2025-2', '', '4', NULL, NULL, 5, NULL, 'JUE 10:00-11:30'),
(1812, 137, 4, 51, '2025-2', '', '5', NULL, NULL, 5, NULL, 'VIE 10:00-11:30'),
(1813, 137, 4, 52, '2025-2', '', '6', NULL, NULL, 5, NULL, 'SAB 10:00-11:30'),
(1814, 137, 4, 53, '2025-2', '', '7', NULL, NULL, 5, NULL, 'LUN 10:00-11:30'),
(1815, 137, 4, 54, '2025-2', '', '8', NULL, NULL, 5, NULL, 'MAR 10:00-11:30'),
(1816, 137, 4, 55, '2025-2', '', '9', NULL, NULL, 5, NULL, 'MIE 10:00-11:30'),
(1817, 137, 4, 56, '2025-2', '', '10', NULL, NULL, 5, NULL, 'JUE 10:00-11:30'),
(1818, 137, 4, 57, '2025-2', '', '11', NULL, NULL, 5, NULL, 'VIE 10:00-11:30'),
(1819, 137, 4, 58, '2025-2', '', '12', NULL, NULL, 5, NULL, 'SAB 10:00-11:30'),
(1820, 138, 4, 59, '2025-2', 'A', '', NULL, NULL, 5, NULL, 'LUN 10:00-11:30'),
(1821, 138, 4, 60, '2025-2', 'B', '', NULL, NULL, 5, NULL, 'MAR 10:00-11:30'),
(1822, 138, 4, 61, '2025-2', 'C', '', NULL, NULL, 5, NULL, 'MIE 10:00-11:30'),
(1823, 138, 4, 62, '2025-2', '', '1', NULL, NULL, 5, NULL, 'JUE 10:00-11:30'),
(1824, 138, 4, 63, '2025-2', '', '2', NULL, NULL, 5, NULL, 'VIE 10:00-11:30'),
(1825, 138, 4, 64, '2025-2', '', '3', NULL, NULL, 5, NULL, 'SAB 10:00-11:30'),
(1826, 138, 4, 65, '2025-2', '', '4', NULL, NULL, 5, NULL, 'LUN 10:00-11:30'),
(1827, 138, 4, 66, '2025-2', '', '5', NULL, NULL, 5, NULL, 'MAR 10:00-11:30'),
(1828, 138, 4, 67, '2025-2', '', '6', NULL, NULL, 5, NULL, 'MIE 10:00-11:30'),
(1829, 138, 4, 68, '2025-2', '', '7', NULL, NULL, 5, NULL, 'JUE 10:00-11:30'),
(1830, 138, 4, 69, '2025-2', '', '8', NULL, NULL, 5, NULL, 'VIE 10:00-11:30'),
(1831, 138, 4, 70, '2025-2', '', '9', NULL, NULL, 5, NULL, 'SAB 10:00-11:30'),
(1832, 138, 4, 71, '2025-2', '', '10', NULL, NULL, 5, NULL, 'LUN 10:00-11:30'),
(1833, 138, 4, 72, '2025-2', '', '11', NULL, NULL, 5, NULL, 'MAR 10:00-11:30'),
(1834, 138, 4, 73, '2025-2', '', '12', NULL, NULL, 5, NULL, 'MIE 10:00-11:30'),
(1835, 139, 4, 74, '2025-2', 'A', '', NULL, NULL, 5, NULL, 'JUE 10:00-11:30'),
(1836, 139, 4, 75, '2025-2', 'B', '', NULL, NULL, 5, NULL, 'VIE 10:00-11:30'),
(1837, 139, 4, 76, '2025-2', 'C', '', NULL, NULL, 5, NULL, 'SAB 10:00-11:30'),
(1838, 140, 4, 77, '2025-2', 'A', '', NULL, NULL, 5, NULL, 'LUN 10:00-11:30'),
(1839, 140, 4, 78, '2025-2', 'B', '', NULL, NULL, 5, NULL, 'MAR 10:00-11:30'),
(1840, 140, 4, 79, '2025-2', 'C', '', NULL, NULL, 5, NULL, 'MIE 10:00-11:30'),
(1841, 141, 4, 80, '2025-2', '', '1', NULL, NULL, 5, NULL, 'JUE 10:00-11:30'),
(1842, 141, 4, 81, '2025-2', '', '2', NULL, NULL, 5, NULL, 'VIE 10:00-11:30'),
(1843, 141, 4, 82, '2025-2', '', '3', NULL, NULL, 5, NULL, 'SAB 10:00-11:30'),
(1844, 141, 4, 83, '2025-2', '', '4', NULL, NULL, 5, NULL, 'LUN 10:00-11:30'),
(1845, 141, 4, 84, '2025-2', '', '5', NULL, NULL, 5, NULL, 'MAR 10:00-11:30'),
(1846, 141, 4, 85, '2025-2', '', '6', NULL, NULL, 5, NULL, 'MIE 10:00-11:30'),
(1847, 141, 4, 86, '2025-2', '', '7', NULL, NULL, 5, NULL, 'JUE 10:00-11:30'),
(1848, 141, 4, 87, '2025-2', '', '8', NULL, NULL, 5, NULL, 'VIE 10:00-11:30'),
(1849, 141, 4, 88, '2025-2', '', '9', NULL, NULL, 5, NULL, 'SAB 10:00-11:30'),
(1850, 141, 4, 89, '2025-2', '', '10', NULL, NULL, 5, NULL, 'LUN 10:00-11:30'),
(1851, 141, 4, 90, '2025-2', '', '11', NULL, NULL, 5, NULL, 'MAR 10:00-11:30'),
(1852, 141, 4, 91, '2025-2', '', '12', NULL, NULL, 5, NULL, 'MIE 10:00-11:30'),
(1853, 142, 4, 92, '2025-1', 'A', '', NULL, NULL, 5, NULL, 'JUE 10:00-11:30'),
(1854, 142, 4, 93, '2025-1', 'B', '', NULL, NULL, 5, NULL, 'VIE 10:00-11:30'),
(1855, 142, 4, 94, '2025-1', 'C', '', NULL, NULL, 5, NULL, 'SAB 10:00-11:30'),
(1856, 142, 4, 95, '2025-1', '', '1', NULL, NULL, 5, NULL, 'LUN 10:00-11:30'),
(1857, 142, 4, 96, '2025-1', '', '2', NULL, NULL, 5, NULL, 'MAR 10:00-11:30'),
(1858, 142, 4, 97, '2025-1', '', '3', NULL, NULL, 5, NULL, 'MIE 10:00-11:30'),
(1859, 142, 4, 98, '2025-1', '', '4', NULL, NULL, 5, NULL, 'JUE 10:00-11:30'),
(1860, 142, 4, 99, '2025-1', '', '5', NULL, NULL, 5, NULL, 'VIE 10:00-11:30'),
(1861, 142, 4, 100, '2025-1', '', '6', NULL, NULL, 5, NULL, 'SAB 10:00-11:30'),
(1862, 142, 4, 101, '2025-1', '', '7', NULL, NULL, 5, NULL, 'LUN 10:00-11:30'),
(1863, 142, 4, 102, '2025-1', '', '8', NULL, NULL, 5, NULL, 'MAR 10:00-11:30'),
(1864, 142, 4, 103, '2025-1', '', '9', NULL, NULL, 5, NULL, 'MIE 10:00-11:30'),
(1865, 142, 4, 104, '2025-1', '', '10', NULL, NULL, 5, NULL, 'JUE 10:00-11:30'),
(1866, 142, 4, 105, '2025-1', '', '11', NULL, NULL, 5, NULL, 'VIE 10:00-11:30'),
(1867, 142, 4, 106, '2025-1', '', '12', NULL, NULL, 5, NULL, 'SAB 10:00-11:30'),
(1868, 143, 4, 107, '2025-1', 'A', '', NULL, NULL, 5, NULL, 'LUN 10:00-11:30'),
(1869, 143, 4, 108, '2025-1', 'B', '', NULL, NULL, 5, NULL, 'MAR 10:00-11:30'),
(1870, 143, 4, 109, '2025-1', 'C', '', NULL, NULL, 5, NULL, 'MIE 10:00-11:30'),
(1871, 144, 4, 110, '2025-1', 'A', '', NULL, NULL, 5, NULL, 'JUE 10:00-11:30'),
(1872, 144, 4, 111, '2025-1', 'B', '', NULL, NULL, 5, NULL, 'VIE 10:00-11:30'),
(1873, 144, 4, 112, '2025-1', 'C', '', NULL, NULL, 5, NULL, 'SAB 10:00-11:30'),
(1874, 145, 4, 113, '2025-1', 'A', '', NULL, NULL, 5, NULL, 'LUN 10:00-11:30'),
(1875, 145, 4, 114, '2025-1', 'B', '', NULL, NULL, 5, NULL, 'MAR 10:00-11:30'),
(1876, 145, 4, 115, '2025-1', 'C', '', NULL, NULL, 5, NULL, 'MIE 10:00-11:30'),
(1877, 145, 4, 116, '2025-1', '', '1', NULL, NULL, 5, NULL, 'JUE 10:00-11:30'),
(1878, 145, 4, 117, '2025-1', '', '2', NULL, NULL, 5, NULL, 'VIE 10:00-11:30'),
(1879, 145, 4, 118, '2025-1', '', '3', NULL, NULL, 5, NULL, 'SAB 10:00-11:30'),
(1880, 145, 4, 119, '2025-1', '', '4', NULL, NULL, 5, NULL, 'LUN 10:00-11:30'),
(1881, 145, 4, 120, '2025-1', '', '5', NULL, NULL, 5, NULL, 'MAR 10:00-11:30'),
(1882, 145, 4, 121, '2025-1', '', '6', NULL, NULL, 5, NULL, 'MIE 10:00-11:30'),
(1883, 145, 4, 122, '2025-1', '', '7', NULL, NULL, 5, NULL, 'JUE 10:00-11:30'),
(1884, 145, 4, 123, '2025-1', '', '8', NULL, NULL, 5, NULL, 'VIE 10:00-11:30'),
(1885, 145, 4, 124, '2025-1', '', '9', NULL, NULL, 5, NULL, 'SAB 10:00-11:30'),
(1886, 145, 4, 125, '2025-1', '', '10', NULL, NULL, 5, NULL, 'LUN 10:00-11:30'),
(1887, 145, 4, 126, '2025-1', '', '11', NULL, NULL, 5, NULL, 'MAR 10:00-11:30'),
(1888, 145, 4, 127, '2025-1', '', '12', NULL, NULL, 5, NULL, 'MIE 10:00-11:30'),
(1889, 146, 4, 128, '2025-1', '', '1', NULL, NULL, 5, NULL, 'JUE 10:00-11:30'),
(1890, 146, 4, 129, '2025-1', '', '2', NULL, NULL, 5, NULL, 'VIE 10:00-11:30'),
(1891, 146, 4, 130, '2025-1', '', '3', NULL, NULL, 5, NULL, 'SAB 10:00-11:30'),
(1892, 146, 4, 131, '2025-1', '', '4', NULL, NULL, 5, NULL, 'LUN 10:00-11:30'),
(1893, 146, 4, 132, '2025-1', '', '5', NULL, NULL, 5, NULL, 'MAR 10:00-11:30'),
(1894, 146, 4, 133, '2025-1', '', '6', NULL, NULL, 5, NULL, 'MIE 10:00-11:30'),
(1895, 146, 4, 134, '2025-1', '', '7', NULL, NULL, 5, NULL, 'JUE 10:00-11:30'),
(1896, 146, 4, 135, '2025-1', '', '8', NULL, NULL, 5, NULL, 'VIE 10:00-11:30'),
(1897, 146, 4, 136, '2025-1', '', '9', NULL, NULL, 5, NULL, 'SAB 10:00-11:30'),
(1898, 146, 4, 137, '2025-1', '', '10', NULL, NULL, 5, NULL, 'LUN 10:00-11:30'),
(1899, 146, 4, 138, '2025-1', '', '11', NULL, NULL, 5, NULL, 'MAR 10:00-11:30'),
(1900, 146, 4, 139, '2025-1', '', '12', NULL, NULL, 5, NULL, 'MIE 10:00-11:30'),
(1901, 147, 4, 140, '2025-1', 'A', '', NULL, NULL, 5, NULL, 'JUE 10:00-11:30'),
(1902, 147, 4, 141, '2025-1', 'B', '', NULL, NULL, 5, NULL, 'VIE 10:00-11:30'),
(1903, 147, 4, 142, '2025-1', 'C', '', NULL, NULL, 5, NULL, 'SAB 10:00-11:30'),
(1904, 147, 4, 143, '2025-1', '', '1', NULL, NULL, 5, NULL, 'LUN 10:00-11:30'),
(1905, 147, 4, 144, '2025-1', '', '2', NULL, NULL, 5, NULL, 'MAR 10:00-11:30'),
(1906, 147, 4, 145, '2025-1', '', '3', NULL, NULL, 5, NULL, 'MIE 10:00-11:30'),
(1907, 147, 4, 146, '2025-1', '', '4', NULL, NULL, 5, NULL, 'JUE 10:00-11:30'),
(1908, 147, 4, 147, '2025-1', '', '5', NULL, NULL, 5, NULL, 'VIE 10:00-11:30'),
(1909, 147, 4, 148, '2025-1', '', '6', NULL, NULL, 5, NULL, 'SAB 10:00-11:30'),
(1910, 147, 4, 149, '2025-1', '', '7', NULL, NULL, 5, NULL, 'LUN 10:00-11:30'),
(1911, 147, 4, 150, '2025-1', '', '8', NULL, NULL, 5, NULL, 'MAR 10:00-11:30'),
(1912, 147, 4, 151, '2025-1', '', '9', NULL, NULL, 5, NULL, 'MIE 10:00-11:30'),
(1913, 147, 4, 152, '2025-1', '', '10', NULL, NULL, 5, NULL, 'JUE 10:00-11:30'),
(1914, 147, 4, 153, '2025-1', '', '11', NULL, NULL, 5, NULL, 'VIE 10:00-11:30'),
(1915, 147, 4, 154, '2025-1', '', '12', NULL, NULL, 5, NULL, 'SAB 10:00-11:30'),
(1916, 148, 4, 155, '2025-2', 'A', '', NULL, NULL, 5, NULL, 'LUN 10:00-11:30'),
(1917, 148, 4, 156, '2025-2', 'B', '', NULL, NULL, 5, NULL, 'MAR 10:00-11:30'),
(1918, 148, 4, 157, '2025-2', 'C', '', NULL, NULL, 5, NULL, 'MIE 10:00-11:30'),
(1919, 148, 4, 158, '2025-2', '', '1', NULL, NULL, 5, NULL, 'JUE 10:00-11:30'),
(1920, 148, 4, 159, '2025-2', '', '2', NULL, NULL, 5, NULL, 'VIE 10:00-11:30'),
(1921, 148, 4, 160, '2025-2', '', '3', NULL, NULL, 5, NULL, 'SAB 10:00-11:30'),
(1922, 148, 4, 1, '2025-2', '', '4', NULL, NULL, 5, NULL, 'LUN 11:30-13:00'),
(1923, 148, 4, 2, '2025-2', '', '5', NULL, NULL, 5, NULL, 'MAR 11:30-13:00'),
(1924, 148, 4, 3, '2025-2', '', '6', NULL, NULL, 5, NULL, 'MIE 11:30-13:00'),
(1925, 148, 4, 4, '2025-2', '', '7', NULL, NULL, 5, NULL, 'JUE 11:30-13:00'),
(1926, 148, 4, 5, '2025-2', '', '8', NULL, NULL, 5, NULL, 'VIE 11:30-13:00'),
(1927, 148, 4, 6, '2025-2', '', '9', NULL, NULL, 5, NULL, 'SAB 11:30-13:00'),
(1928, 148, 4, 7, '2025-2', '', '10', NULL, NULL, 5, NULL, 'LUN 11:30-13:00'),
(1929, 148, 4, 8, '2025-2', '', '11', NULL, NULL, 5, NULL, 'MAR 11:30-13:00'),
(1930, 148, 4, 9, '2025-2', '', '12', NULL, NULL, 5, NULL, 'MIE 11:30-13:00'),
(1931, 149, 4, 10, '2025-2', 'A', '', NULL, NULL, 5, NULL, 'JUE 11:30-13:00'),
(1932, 149, 4, 11, '2025-2', 'B', '', NULL, NULL, 5, NULL, 'VIE 11:30-13:00'),
(1933, 149, 4, 12, '2025-2', 'C', '', NULL, NULL, 5, NULL, 'SAB 11:30-13:00'),
(1934, 149, 4, 13, '2025-2', '', '1', NULL, NULL, 5, NULL, 'LUN 11:30-13:00'),
(1935, 149, 4, 14, '2025-2', '', '2', NULL, NULL, 5, NULL, 'MAR 11:30-13:00'),
(1936, 149, 4, 15, '2025-2', '', '3', NULL, NULL, 5, NULL, 'MIE 11:30-13:00'),
(1937, 149, 4, 16, '2025-2', '', '4', NULL, NULL, 5, NULL, 'JUE 11:30-13:00'),
(1938, 149, 4, 17, '2025-2', '', '5', NULL, NULL, 5, NULL, 'VIE 11:30-13:00'),
(1939, 149, 4, 18, '2025-2', '', '6', NULL, NULL, 5, NULL, 'SAB 11:30-13:00'),
(1940, 149, 4, 19, '2025-2', '', '7', NULL, NULL, 5, NULL, 'LUN 11:30-13:00'),
(1941, 149, 4, 20, '2025-2', '', '8', NULL, NULL, 5, NULL, 'MAR 11:30-13:00'),
(1942, 149, 4, 21, '2025-2', '', '9', NULL, NULL, 5, NULL, 'MIE 11:30-13:00'),
(1943, 149, 4, 22, '2025-2', '', '10', NULL, NULL, 5, NULL, 'JUE 11:30-13:00'),
(1944, 149, 4, 23, '2025-2', '', '11', NULL, NULL, 5, NULL, 'VIE 11:30-13:00'),
(1945, 149, 4, 24, '2025-2', '', '12', NULL, NULL, 5, NULL, 'SAB 11:30-13:00'),
(1946, 150, 4, 25, '2025-2', 'A', '', NULL, NULL, 5, NULL, 'LUN 11:30-13:00'),
(1947, 150, 4, 26, '2025-2', 'B', '', NULL, NULL, 5, NULL, 'MAR 11:30-13:00'),
(1948, 150, 4, 27, '2025-2', 'C', '', NULL, NULL, 5, NULL, 'MIE 11:30-13:00'),
(1949, 150, 4, 28, '2025-2', '', '1', NULL, NULL, 5, NULL, 'JUE 11:30-13:00'),
(1950, 150, 4, 29, '2025-2', '', '2', NULL, NULL, 5, NULL, 'VIE 11:30-13:00'),
(1951, 150, 4, 30, '2025-2', '', '3', NULL, NULL, 5, NULL, 'SAB 11:30-13:00'),
(1952, 150, 4, 31, '2025-2', '', '4', NULL, NULL, 5, NULL, 'LUN 11:30-13:00'),
(1953, 150, 4, 32, '2025-2', '', '5', NULL, NULL, 5, NULL, 'MAR 11:30-13:00'),
(1954, 150, 4, 33, '2025-2', '', '6', NULL, NULL, 5, NULL, 'MIE 11:30-13:00'),
(1955, 150, 4, 34, '2025-2', '', '7', NULL, NULL, 5, NULL, 'JUE 11:30-13:00'),
(1956, 150, 4, 35, '2025-2', '', '8', NULL, NULL, 5, NULL, 'VIE 11:30-13:00'),
(1957, 150, 4, 36, '2025-2', '', '9', NULL, NULL, 5, NULL, 'SAB 11:30-13:00');
INSERT INTO `transasignacioncurso` (`idAsignacion`, `idAsignatura`, `idDocente`, `idSalon`, `periodo`, `seccion`, `grupo`, `fechaCreacion`, `fechaModificacion`, `usuarioCreacion`, `usuarioModificacion`, `horario`) VALUES
(1958, 150, 4, 37, '2025-2', '', '10', NULL, NULL, 5, NULL, 'LUN 11:30-13:00'),
(1959, 150, 4, 38, '2025-2', '', '11', NULL, NULL, 5, NULL, 'MAR 11:30-13:00'),
(1960, 150, 4, 39, '2025-2', '', '12', NULL, NULL, 5, NULL, 'MIE 11:30-13:00'),
(1961, 151, 4, 40, '2025-2', 'A', '', NULL, NULL, 5, NULL, 'JUE 11:30-13:00'),
(1962, 151, 4, 41, '2025-2', 'B', '', NULL, NULL, 5, NULL, 'VIE 11:30-13:00'),
(1963, 151, 4, 42, '2025-2', 'C', '', NULL, NULL, 5, NULL, 'SAB 11:30-13:00'),
(1964, 151, 4, 43, '2025-2', '', '1', NULL, NULL, 5, NULL, 'LUN 11:30-13:00'),
(1965, 151, 4, 44, '2025-2', '', '2', NULL, NULL, 5, NULL, 'MAR 11:30-13:00'),
(1966, 151, 4, 45, '2025-2', '', '3', NULL, NULL, 5, NULL, 'MIE 11:30-13:00'),
(1967, 151, 4, 46, '2025-2', '', '4', NULL, NULL, 5, NULL, 'JUE 11:30-13:00'),
(1968, 151, 4, 47, '2025-2', '', '5', NULL, NULL, 5, NULL, 'VIE 11:30-13:00'),
(1969, 151, 4, 48, '2025-2', '', '6', NULL, NULL, 5, NULL, 'SAB 11:30-13:00'),
(1970, 151, 4, 49, '2025-2', '', '7', NULL, NULL, 5, NULL, 'LUN 11:30-13:00'),
(1971, 151, 4, 50, '2025-2', '', '8', NULL, NULL, 5, NULL, 'MAR 11:30-13:00'),
(1972, 151, 4, 51, '2025-2', '', '9', NULL, NULL, 5, NULL, 'MIE 11:30-13:00'),
(1973, 151, 4, 52, '2025-2', '', '10', NULL, NULL, 5, NULL, 'JUE 11:30-13:00'),
(1974, 151, 4, 53, '2025-2', '', '11', NULL, NULL, 5, NULL, 'VIE 11:30-13:00'),
(1975, 151, 4, 54, '2025-2', '', '12', NULL, NULL, 5, NULL, 'SAB 11:30-13:00'),
(1976, 152, 4, 55, '2025-2', '', '1', NULL, NULL, 5, NULL, 'LUN 11:30-13:00'),
(1977, 152, 4, 56, '2025-2', '', '2', NULL, NULL, 5, NULL, 'MAR 11:30-13:00'),
(1978, 152, 4, 57, '2025-2', '', '3', NULL, NULL, 5, NULL, 'MIE 11:30-13:00'),
(1979, 152, 4, 58, '2025-2', '', '4', NULL, NULL, 5, NULL, 'JUE 11:30-13:00'),
(1980, 152, 4, 59, '2025-2', '', '5', NULL, NULL, 5, NULL, 'VIE 11:30-13:00'),
(1981, 152, 4, 60, '2025-2', '', '6', NULL, NULL, 5, NULL, 'SAB 11:30-13:00'),
(1982, 152, 4, 61, '2025-2', '', '7', NULL, NULL, 5, NULL, 'LUN 11:30-13:00'),
(1983, 152, 4, 62, '2025-2', '', '8', NULL, NULL, 5, NULL, 'MAR 11:30-13:00'),
(1984, 152, 4, 63, '2025-2', '', '9', NULL, NULL, 5, NULL, 'MIE 11:30-13:00'),
(1985, 152, 4, 64, '2025-2', '', '10', NULL, NULL, 5, NULL, 'JUE 11:30-13:00'),
(1986, 152, 4, 65, '2025-2', '', '11', NULL, NULL, 5, NULL, 'VIE 11:30-13:00'),
(1987, 152, 4, 66, '2025-2', '', '12', NULL, NULL, 5, NULL, 'SAB 11:30-13:00'),
(1988, 153, 4, 67, '2025-2', 'A', '', NULL, NULL, 5, NULL, 'LUN 11:30-13:00'),
(1989, 153, 4, 68, '2025-2', 'B', '', NULL, NULL, 5, NULL, 'MAR 11:30-13:00'),
(1990, 153, 4, 69, '2025-2', 'C', '', NULL, NULL, 5, NULL, 'MIE 11:30-13:00'),
(1991, 154, 4, 70, '2025-2', 'A', '', NULL, NULL, 5, NULL, 'JUE 11:30-13:00'),
(1992, 154, 4, 71, '2025-2', 'B', '', NULL, NULL, 5, NULL, 'VIE 11:30-13:00'),
(1993, 154, 4, 72, '2025-2', 'C', '', NULL, NULL, 5, NULL, 'SAB 11:30-13:00'),
(1994, 155, 4, 73, '2025-2', 'A', '', NULL, NULL, 5, NULL, 'LUN 11:30-13:00'),
(1995, 155, 4, 74, '2025-2', 'B', '', NULL, NULL, 5, NULL, 'MAR 11:30-13:00'),
(1996, 155, 4, 75, '2025-2', 'C', '', NULL, NULL, 5, NULL, 'MIE 11:30-13:00'),
(1997, 156, 4, 76, '2025-1', 'A', '', NULL, NULL, 5, NULL, 'JUE 11:30-13:00'),
(1998, 156, 4, 77, '2025-1', 'B', '', NULL, NULL, 5, NULL, 'VIE 11:30-13:00'),
(1999, 156, 4, 78, '2025-1', 'C', '', NULL, NULL, 5, NULL, 'SAB 11:30-13:00'),
(2000, 156, 4, 79, '2025-1', '', '1', NULL, NULL, 5, NULL, 'LUN 11:30-13:00'),
(2001, 156, 4, 80, '2025-1', '', '2', NULL, NULL, 5, NULL, 'MAR 11:30-13:00'),
(2002, 156, 4, 81, '2025-1', '', '3', NULL, NULL, 5, NULL, 'MIE 11:30-13:00'),
(2003, 156, 4, 82, '2025-1', '', '4', NULL, NULL, 5, NULL, 'JUE 11:30-13:00'),
(2004, 156, 4, 83, '2025-1', '', '5', NULL, NULL, 5, NULL, 'VIE 11:30-13:00'),
(2005, 156, 4, 84, '2025-1', '', '6', NULL, NULL, 5, NULL, 'SAB 11:30-13:00'),
(2006, 156, 4, 85, '2025-1', '', '7', NULL, NULL, 5, NULL, 'LUN 11:30-13:00'),
(2007, 156, 4, 86, '2025-1', '', '8', NULL, NULL, 5, NULL, 'MAR 11:30-13:00'),
(2008, 156, 4, 87, '2025-1', '', '9', NULL, NULL, 5, NULL, 'MIE 11:30-13:00'),
(2009, 156, 4, 88, '2025-1', '', '10', NULL, NULL, 5, NULL, 'JUE 11:30-13:00'),
(2010, 156, 4, 89, '2025-1', '', '11', NULL, NULL, 5, NULL, 'VIE 11:30-13:00'),
(2011, 156, 4, 90, '2025-1', '', '12', NULL, NULL, 5, NULL, 'SAB 11:30-13:00'),
(2012, 157, 4, 91, '2025-1', 'A', '', NULL, NULL, 5, NULL, 'LUN 11:30-13:00'),
(2013, 157, 4, 92, '2025-1', 'B', '', NULL, NULL, 5, NULL, 'MAR 11:30-13:00'),
(2014, 157, 4, 93, '2025-1', 'C', '', NULL, NULL, 5, NULL, 'MIE 11:30-13:00'),
(2015, 157, 4, 94, '2025-1', '', '1', NULL, NULL, 5, NULL, 'JUE 11:30-13:00'),
(2016, 157, 4, 95, '2025-1', '', '2', NULL, NULL, 5, NULL, 'VIE 11:30-13:00'),
(2017, 157, 4, 96, '2025-1', '', '3', NULL, NULL, 5, NULL, 'SAB 11:30-13:00'),
(2018, 157, 4, 97, '2025-1', '', '4', NULL, NULL, 5, NULL, 'LUN 11:30-13:00'),
(2019, 157, 4, 98, '2025-1', '', '5', NULL, NULL, 5, NULL, 'MAR 11:30-13:00'),
(2020, 157, 4, 99, '2025-1', '', '6', NULL, NULL, 5, NULL, 'MIE 11:30-13:00'),
(2021, 157, 4, 100, '2025-1', '', '7', NULL, NULL, 5, NULL, 'JUE 11:30-13:00'),
(2022, 157, 4, 101, '2025-1', '', '8', NULL, NULL, 5, NULL, 'VIE 11:30-13:00'),
(2023, 157, 4, 102, '2025-1', '', '9', NULL, NULL, 5, NULL, 'SAB 11:30-13:00'),
(2024, 157, 4, 103, '2025-1', '', '10', NULL, NULL, 5, NULL, 'LUN 11:30-13:00'),
(2025, 157, 4, 104, '2025-1', '', '11', NULL, NULL, 5, NULL, 'MAR 11:30-13:00'),
(2026, 157, 4, 105, '2025-1', '', '12', NULL, NULL, 5, NULL, 'MIE 11:30-13:00'),
(2027, 158, 4, 106, '2025-1', 'A', '', NULL, NULL, 5, NULL, 'JUE 11:30-13:00'),
(2028, 158, 4, 107, '2025-1', 'B', '', NULL, NULL, 5, NULL, 'VIE 11:30-13:00'),
(2029, 158, 4, 108, '2025-1', 'C', '', NULL, NULL, 5, NULL, 'SAB 11:30-13:00'),
(2030, 158, 4, 109, '2025-1', '', '1', NULL, NULL, 5, NULL, 'LUN 11:30-13:00'),
(2031, 158, 4, 110, '2025-1', '', '2', NULL, NULL, 5, NULL, 'MAR 11:30-13:00'),
(2032, 158, 4, 111, '2025-1', '', '3', NULL, NULL, 5, NULL, 'MIE 11:30-13:00'),
(2033, 158, 4, 112, '2025-1', '', '4', NULL, NULL, 5, NULL, 'JUE 11:30-13:00'),
(2034, 158, 4, 113, '2025-1', '', '5', NULL, NULL, 5, NULL, 'VIE 11:30-13:00'),
(2035, 158, 4, 114, '2025-1', '', '6', NULL, NULL, 5, NULL, 'SAB 11:30-13:00'),
(2036, 158, 4, 115, '2025-1', '', '7', NULL, NULL, 5, NULL, 'LUN 11:30-13:00'),
(2037, 158, 4, 116, '2025-1', '', '8', NULL, NULL, 5, NULL, 'MAR 11:30-13:00'),
(2038, 158, 4, 117, '2025-1', '', '9', NULL, NULL, 5, NULL, 'MIE 11:30-13:00'),
(2039, 158, 4, 118, '2025-1', '', '10', NULL, NULL, 5, NULL, 'JUE 11:30-13:00'),
(2040, 158, 4, 119, '2025-1', '', '11', NULL, NULL, 5, NULL, 'VIE 11:30-13:00'),
(2041, 158, 4, 120, '2025-1', '', '12', NULL, NULL, 5, NULL, 'SAB 11:30-13:00'),
(2042, 159, 4, 121, '2025-1', 'A', '', NULL, NULL, 5, NULL, 'LUN 11:30-13:00'),
(2043, 159, 4, 122, '2025-1', 'B', '', NULL, NULL, 5, NULL, 'MAR 11:30-13:00'),
(2044, 159, 4, 123, '2025-1', 'C', '', NULL, NULL, 5, NULL, 'MIE 11:30-13:00'),
(2045, 159, 4, 124, '2025-1', '', '1', NULL, NULL, 5, NULL, 'JUE 11:30-13:00'),
(2046, 159, 4, 125, '2025-1', '', '2', NULL, NULL, 5, NULL, 'VIE 11:30-13:00'),
(2047, 159, 4, 126, '2025-1', '', '3', NULL, NULL, 5, NULL, 'SAB 11:30-13:00'),
(2048, 159, 4, 127, '2025-1', '', '4', NULL, NULL, 5, NULL, 'LUN 11:30-13:00'),
(2049, 159, 4, 128, '2025-1', '', '5', NULL, NULL, 5, NULL, 'MAR 11:30-13:00'),
(2050, 159, 4, 129, '2025-1', '', '6', NULL, NULL, 5, NULL, 'MIE 11:30-13:00'),
(2051, 159, 4, 130, '2025-1', '', '7', NULL, NULL, 5, NULL, 'JUE 11:30-13:00'),
(2052, 159, 4, 131, '2025-1', '', '8', NULL, NULL, 5, NULL, 'VIE 11:30-13:00'),
(2053, 159, 4, 132, '2025-1', '', '9', NULL, NULL, 5, NULL, 'SAB 11:30-13:00'),
(2054, 159, 4, 133, '2025-1', '', '10', NULL, NULL, 5, NULL, 'LUN 11:30-13:00'),
(2055, 159, 4, 134, '2025-1', '', '11', NULL, NULL, 5, NULL, 'MAR 11:30-13:00'),
(2056, 159, 4, 135, '2025-1', '', '12', NULL, NULL, 5, NULL, 'MIE 11:30-13:00'),
(2057, 160, 4, 136, '2025-1', '', '1', NULL, NULL, 5, NULL, 'JUE 11:30-13:00'),
(2058, 160, 4, 137, '2025-1', '', '2', NULL, NULL, 5, NULL, 'VIE 11:30-13:00'),
(2059, 160, 4, 138, '2025-1', '', '3', NULL, NULL, 5, NULL, 'SAB 11:30-13:00'),
(2060, 160, 4, 139, '2025-1', '', '4', NULL, NULL, 5, NULL, 'LUN 11:30-13:00'),
(2061, 160, 4, 140, '2025-1', '', '5', NULL, NULL, 5, NULL, 'MAR 11:30-13:00'),
(2062, 160, 4, 141, '2025-1', '', '6', NULL, NULL, 5, NULL, 'MIE 11:30-13:00'),
(2063, 160, 4, 142, '2025-1', '', '7', NULL, NULL, 5, NULL, 'JUE 11:30-13:00'),
(2064, 160, 4, 143, '2025-1', '', '8', NULL, NULL, 5, NULL, 'VIE 11:30-13:00'),
(2065, 160, 4, 144, '2025-1', '', '9', NULL, NULL, 5, NULL, 'SAB 11:30-13:00'),
(2066, 160, 4, 145, '2025-1', '', '10', NULL, NULL, 5, NULL, 'LUN 11:30-13:00'),
(2067, 160, 4, 146, '2025-1', '', '11', NULL, NULL, 5, NULL, 'MAR 11:30-13:00'),
(2068, 160, 4, 147, '2025-1', '', '12', NULL, NULL, 5, NULL, 'MIE 11:30-13:00'),
(2069, 161, 4, 148, '2025-2', 'A', '', NULL, NULL, 5, NULL, 'JUE 11:30-13:00'),
(2070, 161, 4, 149, '2025-2', 'B', '', NULL, NULL, 5, NULL, 'VIE 11:30-13:00'),
(2071, 161, 4, 150, '2025-2', 'C', '', NULL, NULL, 5, NULL, 'SAB 11:30-13:00'),
(2072, 161, 4, 151, '2025-2', '', '1', NULL, NULL, 5, NULL, 'LUN 11:30-13:00'),
(2073, 161, 4, 152, '2025-2', '', '2', NULL, NULL, 5, NULL, 'MAR 11:30-13:00'),
(2074, 161, 4, 153, '2025-2', '', '3', NULL, NULL, 5, NULL, 'MIE 11:30-13:00'),
(2075, 161, 4, 154, '2025-2', '', '4', NULL, NULL, 5, NULL, 'JUE 11:30-13:00'),
(2076, 161, 4, 155, '2025-2', '', '5', NULL, NULL, 5, NULL, 'VIE 11:30-13:00'),
(2077, 161, 4, 156, '2025-2', '', '6', NULL, NULL, 5, NULL, 'SAB 11:30-13:00'),
(2078, 161, 4, 157, '2025-2', '', '7', NULL, NULL, 5, NULL, 'LUN 11:30-13:00'),
(2079, 161, 4, 158, '2025-2', '', '8', NULL, NULL, 5, NULL, 'MAR 11:30-13:00'),
(2080, 161, 4, 159, '2025-2', '', '9', NULL, NULL, 5, NULL, 'MIE 11:30-13:00'),
(2081, 161, 4, 160, '2025-2', '', '10', NULL, NULL, 5, NULL, 'JUE 11:30-13:00'),
(2082, 161, 4, 1, '2025-2', '', '11', NULL, NULL, 5, NULL, 'VIE 13:00-14:30'),
(2083, 161, 4, 2, '2025-2', '', '12', NULL, NULL, 5, NULL, 'SAB 13:00-14:30'),
(2084, 162, 4, 3, '2025-2', 'A', '', NULL, NULL, 5, NULL, 'LUN 13:00-14:30'),
(2085, 162, 4, 4, '2025-2', 'B', '', NULL, NULL, 5, NULL, 'MAR 13:00-14:30'),
(2086, 162, 4, 5, '2025-2', 'C', '', NULL, NULL, 5, NULL, 'MIE 13:00-14:30'),
(2087, 162, 4, 6, '2025-2', '', '1', NULL, NULL, 5, NULL, 'JUE 13:00-14:30'),
(2088, 162, 4, 7, '2025-2', '', '2', NULL, NULL, 5, NULL, 'VIE 13:00-14:30'),
(2089, 162, 4, 8, '2025-2', '', '3', NULL, NULL, 5, NULL, 'SAB 13:00-14:30'),
(2090, 162, 4, 9, '2025-2', '', '4', NULL, NULL, 5, NULL, 'LUN 13:00-14:30'),
(2091, 162, 4, 10, '2025-2', '', '5', NULL, NULL, 5, NULL, 'MAR 13:00-14:30'),
(2092, 162, 4, 11, '2025-2', '', '6', NULL, NULL, 5, NULL, 'MIE 13:00-14:30'),
(2093, 162, 4, 12, '2025-2', '', '7', NULL, NULL, 5, NULL, 'JUE 13:00-14:30'),
(2094, 162, 4, 13, '2025-2', '', '8', NULL, NULL, 5, NULL, 'VIE 13:00-14:30'),
(2095, 162, 4, 14, '2025-2', '', '9', NULL, NULL, 5, NULL, 'SAB 13:00-14:30'),
(2096, 162, 4, 15, '2025-2', '', '10', NULL, NULL, 5, NULL, 'LUN 13:00-14:30'),
(2097, 162, 4, 16, '2025-2', '', '11', NULL, NULL, 5, NULL, 'MAR 13:00-14:30'),
(2098, 162, 4, 17, '2025-2', '', '12', NULL, NULL, 5, NULL, 'MIE 13:00-14:30'),
(2099, 163, 4, 18, '2025-2', 'A', '', NULL, NULL, 5, NULL, 'JUE 13:00-14:30'),
(2100, 163, 4, 19, '2025-2', 'B', '', NULL, NULL, 5, NULL, 'VIE 13:00-14:30'),
(2101, 163, 4, 20, '2025-2', 'C', '', NULL, NULL, 5, NULL, 'SAB 13:00-14:30'),
(2102, 163, 4, 21, '2025-2', '', '1', NULL, NULL, 5, NULL, 'LUN 13:00-14:30'),
(2103, 163, 4, 22, '2025-2', '', '2', NULL, NULL, 5, NULL, 'MAR 13:00-14:30'),
(2104, 163, 4, 23, '2025-2', '', '3', NULL, NULL, 5, NULL, 'MIE 13:00-14:30'),
(2105, 163, 4, 24, '2025-2', '', '4', NULL, NULL, 5, NULL, 'JUE 13:00-14:30'),
(2106, 163, 4, 25, '2025-2', '', '5', NULL, NULL, 5, NULL, 'VIE 13:00-14:30'),
(2107, 163, 4, 26, '2025-2', '', '6', NULL, NULL, 5, NULL, 'SAB 13:00-14:30'),
(2108, 163, 4, 27, '2025-2', '', '7', NULL, NULL, 5, NULL, 'LUN 13:00-14:30'),
(2109, 163, 4, 28, '2025-2', '', '8', NULL, NULL, 5, NULL, 'MAR 13:00-14:30'),
(2110, 163, 4, 29, '2025-2', '', '9', NULL, NULL, 5, NULL, 'MIE 13:00-14:30'),
(2111, 163, 4, 30, '2025-2', '', '10', NULL, NULL, 5, NULL, 'JUE 13:00-14:30'),
(2112, 163, 4, 31, '2025-2', '', '11', NULL, NULL, 5, NULL, 'VIE 13:00-14:30'),
(2113, 163, 4, 32, '2025-2', '', '12', NULL, NULL, 5, NULL, 'SAB 13:00-14:30'),
(2114, 164, 4, 33, '2025-2', 'A', '', NULL, NULL, 5, NULL, 'LUN 13:00-14:30'),
(2115, 164, 4, 34, '2025-2', 'B', '', NULL, NULL, 5, NULL, 'MAR 13:00-14:30'),
(2116, 164, 4, 35, '2025-2', 'C', '', NULL, NULL, 5, NULL, 'MIE 13:00-14:30'),
(2117, 164, 4, 36, '2025-2', '', '1', NULL, NULL, 5, NULL, 'JUE 13:00-14:30'),
(2118, 164, 4, 37, '2025-2', '', '2', NULL, NULL, 5, NULL, 'VIE 13:00-14:30'),
(2119, 164, 4, 38, '2025-2', '', '3', NULL, NULL, 5, NULL, 'SAB 13:00-14:30'),
(2120, 164, 4, 39, '2025-2', '', '4', NULL, NULL, 5, NULL, 'LUN 13:00-14:30'),
(2121, 164, 4, 40, '2025-2', '', '5', NULL, NULL, 5, NULL, 'MAR 13:00-14:30'),
(2122, 164, 4, 41, '2025-2', '', '6', NULL, NULL, 5, NULL, 'MIE 13:00-14:30'),
(2123, 164, 4, 42, '2025-2', '', '7', NULL, NULL, 5, NULL, 'JUE 13:00-14:30'),
(2124, 164, 4, 43, '2025-2', '', '8', NULL, NULL, 5, NULL, 'VIE 13:00-14:30'),
(2125, 164, 4, 44, '2025-2', '', '9', NULL, NULL, 5, NULL, 'SAB 13:00-14:30'),
(2126, 164, 4, 45, '2025-2', '', '10', NULL, NULL, 5, NULL, 'LUN 13:00-14:30'),
(2127, 164, 4, 46, '2025-2', '', '11', NULL, NULL, 5, NULL, 'MAR 13:00-14:30'),
(2128, 164, 4, 47, '2025-2', '', '12', NULL, NULL, 5, NULL, 'MIE 13:00-14:30'),
(2129, 165, 4, 48, '2025-2', 'A', '', NULL, NULL, 5, NULL, 'JUE 13:00-14:30'),
(2130, 165, 4, 49, '2025-2', 'B', '', NULL, NULL, 5, NULL, 'VIE 13:00-14:30'),
(2131, 165, 4, 50, '2025-2', 'C', '', NULL, NULL, 5, NULL, 'SAB 13:00-14:30'),
(2132, 165, 4, 51, '2025-2', '', '1', NULL, NULL, 5, NULL, 'LUN 13:00-14:30'),
(2133, 165, 4, 52, '2025-2', '', '2', NULL, NULL, 5, NULL, 'MAR 13:00-14:30'),
(2134, 165, 4, 53, '2025-2', '', '3', NULL, NULL, 5, NULL, 'MIE 13:00-14:30'),
(2135, 165, 4, 54, '2025-2', '', '4', NULL, NULL, 5, NULL, 'JUE 13:00-14:30'),
(2136, 165, 4, 55, '2025-2', '', '5', NULL, NULL, 5, NULL, 'VIE 13:00-14:30'),
(2137, 165, 4, 56, '2025-2', '', '6', NULL, NULL, 5, NULL, 'SAB 13:00-14:30'),
(2138, 165, 4, 57, '2025-2', '', '7', NULL, NULL, 5, NULL, 'LUN 13:00-14:30'),
(2139, 165, 4, 58, '2025-2', '', '8', NULL, NULL, 5, NULL, 'MAR 13:00-14:30'),
(2140, 165, 4, 59, '2025-2', '', '9', NULL, NULL, 5, NULL, 'MIE 13:00-14:30'),
(2141, 165, 4, 60, '2025-2', '', '10', NULL, NULL, 5, NULL, 'JUE 13:00-14:30'),
(2142, 165, 4, 61, '2025-2', '', '11', NULL, NULL, 5, NULL, 'VIE 13:00-14:30'),
(2143, 165, 4, 62, '2025-2', '', '12', NULL, NULL, 5, NULL, 'SAB 13:00-14:30'),
(2144, 166, 4, 63, '2025-1', 'A', '', NULL, NULL, 5, NULL, 'LUN 13:00-14:30'),
(2145, 166, 4, 64, '2025-1', 'B', '', NULL, NULL, 5, NULL, 'MAR 13:00-14:30'),
(2146, 166, 4, 65, '2025-1', 'C', '', NULL, NULL, 5, NULL, 'MIE 13:00-14:30'),
(2147, 166, 4, 66, '2025-1', '', '1', NULL, NULL, 5, NULL, 'JUE 13:00-14:30'),
(2148, 166, 4, 67, '2025-1', '', '2', NULL, NULL, 5, NULL, 'VIE 13:00-14:30'),
(2149, 166, 4, 68, '2025-1', '', '3', NULL, NULL, 5, NULL, 'SAB 13:00-14:30'),
(2150, 166, 4, 69, '2025-1', '', '4', NULL, NULL, 5, NULL, 'LUN 13:00-14:30'),
(2151, 166, 4, 70, '2025-1', '', '5', NULL, NULL, 5, NULL, 'MAR 13:00-14:30'),
(2152, 166, 4, 71, '2025-1', '', '6', NULL, NULL, 5, NULL, 'MIE 13:00-14:30'),
(2153, 166, 4, 72, '2025-1', '', '7', NULL, NULL, 5, NULL, 'JUE 13:00-14:30'),
(2154, 166, 4, 73, '2025-1', '', '8', NULL, NULL, 5, NULL, 'VIE 13:00-14:30'),
(2155, 166, 4, 74, '2025-1', '', '9', NULL, NULL, 5, NULL, 'SAB 13:00-14:30'),
(2156, 166, 4, 75, '2025-1', '', '10', NULL, NULL, 5, NULL, 'LUN 13:00-14:30'),
(2157, 166, 4, 76, '2025-1', '', '11', NULL, NULL, 5, NULL, 'MAR 13:00-14:30'),
(2158, 166, 4, 77, '2025-1', '', '12', NULL, NULL, 5, NULL, 'MIE 13:00-14:30'),
(2159, 167, 4, 78, '2025-1', 'A', '', NULL, NULL, 5, NULL, 'JUE 13:00-14:30'),
(2160, 167, 4, 79, '2025-1', 'B', '', NULL, NULL, 5, NULL, 'VIE 13:00-14:30'),
(2161, 167, 4, 80, '2025-1', 'C', '', NULL, NULL, 5, NULL, 'SAB 13:00-14:30'),
(2162, 167, 4, 81, '2025-1', '', '1', NULL, NULL, 5, NULL, 'LUN 13:00-14:30'),
(2163, 167, 4, 82, '2025-1', '', '2', NULL, NULL, 5, NULL, 'MAR 13:00-14:30'),
(2164, 167, 4, 83, '2025-1', '', '3', NULL, NULL, 5, NULL, 'MIE 13:00-14:30'),
(2165, 167, 4, 84, '2025-1', '', '4', NULL, NULL, 5, NULL, 'JUE 13:00-14:30'),
(2166, 167, 4, 85, '2025-1', '', '5', NULL, NULL, 5, NULL, 'VIE 13:00-14:30'),
(2167, 167, 4, 86, '2025-1', '', '6', NULL, NULL, 5, NULL, 'SAB 13:00-14:30'),
(2168, 167, 4, 87, '2025-1', '', '7', NULL, NULL, 5, NULL, 'LUN 13:00-14:30'),
(2169, 167, 4, 88, '2025-1', '', '8', NULL, NULL, 5, NULL, 'MAR 13:00-14:30'),
(2170, 167, 4, 89, '2025-1', '', '9', NULL, NULL, 5, NULL, 'MIE 13:00-14:30'),
(2171, 167, 4, 90, '2025-1', '', '10', NULL, NULL, 5, NULL, 'JUE 13:00-14:30'),
(2172, 167, 4, 91, '2025-1', '', '11', NULL, NULL, 5, NULL, 'VIE 13:00-14:30'),
(2173, 167, 4, 92, '2025-1', '', '12', NULL, NULL, 5, NULL, 'SAB 13:00-14:30'),
(2174, 168, 4, 93, '2025-1', 'A', '', NULL, NULL, 5, NULL, 'LUN 13:00-14:30'),
(2175, 168, 4, 94, '2025-1', 'B', '', NULL, NULL, 5, NULL, 'MAR 13:00-14:30'),
(2176, 168, 4, 95, '2025-1', 'C', '', NULL, NULL, 5, NULL, 'MIE 13:00-14:30'),
(2177, 168, 4, 96, '2025-1', '', '1', NULL, NULL, 5, NULL, 'JUE 13:00-14:30'),
(2178, 168, 4, 97, '2025-1', '', '2', NULL, NULL, 5, NULL, 'VIE 13:00-14:30'),
(2179, 168, 4, 98, '2025-1', '', '3', NULL, NULL, 5, NULL, 'SAB 13:00-14:30'),
(2180, 168, 4, 99, '2025-1', '', '4', NULL, NULL, 5, NULL, 'LUN 13:00-14:30'),
(2181, 168, 4, 100, '2025-1', '', '5', NULL, NULL, 5, NULL, 'MAR 13:00-14:30'),
(2182, 168, 4, 101, '2025-1', '', '6', NULL, NULL, 5, NULL, 'MIE 13:00-14:30'),
(2183, 168, 4, 102, '2025-1', '', '7', NULL, NULL, 5, NULL, 'JUE 13:00-14:30'),
(2184, 168, 4, 103, '2025-1', '', '8', NULL, NULL, 5, NULL, 'VIE 13:00-14:30'),
(2185, 168, 4, 104, '2025-1', '', '9', NULL, NULL, 5, NULL, 'SAB 13:00-14:30'),
(2186, 168, 4, 105, '2025-1', '', '10', NULL, NULL, 5, NULL, 'LUN 13:00-14:30'),
(2187, 168, 4, 106, '2025-1', '', '11', NULL, NULL, 5, NULL, 'MAR 13:00-14:30'),
(2188, 168, 4, 107, '2025-1', '', '12', NULL, NULL, 5, NULL, 'MIE 13:00-14:30'),
(2189, 169, 4, 108, '2025-1', 'A', '', NULL, NULL, 5, NULL, 'JUE 13:00-14:30'),
(2190, 169, 4, 109, '2025-1', 'B', '', NULL, NULL, 5, NULL, 'VIE 13:00-14:30'),
(2191, 169, 4, 110, '2025-1', 'C', '', NULL, NULL, 5, NULL, 'SAB 13:00-14:30'),
(2192, 169, 4, 111, '2025-1', '', '1', NULL, NULL, 5, NULL, 'LUN 13:00-14:30'),
(2193, 169, 4, 112, '2025-1', '', '2', NULL, NULL, 5, NULL, 'MAR 13:00-14:30'),
(2194, 169, 4, 113, '2025-1', '', '3', NULL, NULL, 5, NULL, 'MIE 13:00-14:30'),
(2195, 169, 4, 114, '2025-1', '', '4', NULL, NULL, 5, NULL, 'JUE 13:00-14:30'),
(2196, 169, 4, 115, '2025-1', '', '5', NULL, NULL, 5, NULL, 'VIE 13:00-14:30'),
(2197, 169, 4, 116, '2025-1', '', '6', NULL, NULL, 5, NULL, 'SAB 13:00-14:30'),
(2198, 169, 4, 117, '2025-1', '', '7', NULL, NULL, 5, NULL, 'LUN 13:00-14:30'),
(2199, 169, 4, 118, '2025-1', '', '8', NULL, NULL, 5, NULL, 'MAR 13:00-14:30'),
(2200, 169, 4, 119, '2025-1', '', '9', NULL, NULL, 5, NULL, 'MIE 13:00-14:30'),
(2201, 169, 4, 120, '2025-1', '', '10', NULL, NULL, 5, NULL, 'JUE 13:00-14:30'),
(2202, 169, 4, 121, '2025-1', '', '11', NULL, NULL, 5, NULL, 'VIE 13:00-14:30'),
(2203, 169, 4, 122, '2025-1', '', '12', NULL, NULL, 5, NULL, 'SAB 13:00-14:30'),
(2204, 170, 4, 123, '2025-1', 'A', '', NULL, NULL, 5, NULL, 'LUN 13:00-14:30'),
(2205, 170, 4, 124, '2025-1', 'B', '', NULL, NULL, 5, NULL, 'MAR 13:00-14:30'),
(2206, 170, 4, 125, '2025-1', 'C', '', NULL, NULL, 5, NULL, 'MIE 13:00-14:30'),
(2207, 170, 4, 126, '2025-1', '', '1', NULL, NULL, 5, NULL, 'JUE 13:00-14:30'),
(2208, 170, 4, 127, '2025-1', '', '2', NULL, NULL, 5, NULL, 'VIE 13:00-14:30'),
(2209, 170, 4, 128, '2025-1', '', '3', NULL, NULL, 5, NULL, 'SAB 13:00-14:30'),
(2210, 170, 4, 129, '2025-1', '', '4', NULL, NULL, 5, NULL, 'LUN 13:00-14:30'),
(2211, 170, 4, 130, '2025-1', '', '5', NULL, NULL, 5, NULL, 'MAR 13:00-14:30'),
(2212, 170, 4, 131, '2025-1', '', '6', NULL, NULL, 5, NULL, 'MIE 13:00-14:30'),
(2213, 170, 4, 132, '2025-1', '', '7', NULL, NULL, 5, NULL, 'JUE 13:00-14:30'),
(2214, 170, 4, 133, '2025-1', '', '8', NULL, NULL, 5, NULL, 'VIE 13:00-14:30'),
(2215, 170, 4, 134, '2025-1', '', '9', NULL, NULL, 5, NULL, 'SAB 13:00-14:30'),
(2216, 170, 4, 135, '2025-1', '', '10', NULL, NULL, 5, NULL, 'LUN 13:00-14:30'),
(2217, 170, 4, 136, '2025-1', '', '11', NULL, NULL, 5, NULL, 'MAR 13:00-14:30'),
(2218, 170, 4, 137, '2025-1', '', '12', NULL, NULL, 5, NULL, 'MIE 13:00-14:30'),
(2219, 171, 4, 138, '2025-1', 'A', '', NULL, NULL, 5, NULL, 'JUE 13:00-14:30'),
(2220, 171, 4, 139, '2025-1', 'B', '', NULL, NULL, 5, NULL, 'VIE 13:00-14:30'),
(2221, 171, 4, 140, '2025-1', 'C', '', NULL, NULL, 5, NULL, 'SAB 13:00-14:30'),
(2222, 171, 4, 141, '2025-1', '', '1', NULL, NULL, 5, NULL, 'LUN 13:00-14:30'),
(2223, 171, 4, 142, '2025-1', '', '2', NULL, NULL, 5, NULL, 'MAR 13:00-14:30'),
(2224, 171, 4, 143, '2025-1', '', '3', NULL, NULL, 5, NULL, 'MIE 13:00-14:30'),
(2225, 171, 4, 144, '2025-1', '', '4', NULL, NULL, 5, NULL, 'JUE 13:00-14:30'),
(2226, 171, 4, 145, '2025-1', '', '5', NULL, NULL, 5, NULL, 'VIE 13:00-14:30'),
(2227, 171, 4, 146, '2025-1', '', '6', NULL, NULL, 5, NULL, 'SAB 13:00-14:30'),
(2228, 171, 4, 147, '2025-1', '', '7', NULL, NULL, 5, NULL, 'LUN 13:00-14:30'),
(2229, 171, 4, 148, '2025-1', '', '8', NULL, NULL, 5, NULL, 'MAR 13:00-14:30'),
(2230, 171, 4, 149, '2025-1', '', '9', NULL, NULL, 5, NULL, 'MIE 13:00-14:30'),
(2231, 171, 4, 150, '2025-1', '', '10', NULL, NULL, 5, NULL, 'JUE 13:00-14:30'),
(2232, 171, 4, 151, '2025-1', '', '11', NULL, NULL, 5, NULL, 'VIE 13:00-14:30'),
(2233, 171, 4, 152, '2025-1', '', '12', NULL, NULL, 5, NULL, 'SAB 13:00-14:30'),
(2234, 172, 4, 153, '2025-2', 'A', '', NULL, NULL, 5, NULL, 'LUN 13:00-14:30'),
(2235, 172, 4, 154, '2025-2', 'B', '', NULL, NULL, 5, NULL, 'MAR 13:00-14:30'),
(2236, 172, 4, 155, '2025-2', 'C', '', NULL, NULL, 5, NULL, 'MIE 13:00-14:30'),
(2237, 172, 4, 156, '2025-2', '', '1', NULL, NULL, 5, NULL, 'JUE 13:00-14:30'),
(2238, 172, 4, 157, '2025-2', '', '2', NULL, NULL, 5, NULL, 'VIE 13:00-14:30'),
(2239, 172, 4, 158, '2025-2', '', '3', NULL, NULL, 5, NULL, 'SAB 13:00-14:30'),
(2240, 172, 4, 159, '2025-2', '', '4', NULL, NULL, 5, NULL, 'LUN 13:00-14:30'),
(2241, 172, 4, 160, '2025-2', '', '5', NULL, NULL, 5, NULL, 'MAR 13:00-14:30'),
(2242, 172, 4, 1, '2025-2', '', '6', NULL, NULL, 5, NULL, 'MIE 14:30-16:00'),
(2243, 172, 4, 2, '2025-2', '', '7', NULL, NULL, 5, NULL, 'JUE 14:30-16:00'),
(2244, 172, 4, 3, '2025-2', '', '8', NULL, NULL, 5, NULL, 'VIE 14:30-16:00'),
(2245, 172, 4, 4, '2025-2', '', '9', NULL, NULL, 5, NULL, 'SAB 14:30-16:00'),
(2246, 172, 4, 5, '2025-2', '', '10', NULL, NULL, 5, NULL, 'LUN 14:30-16:00'),
(2247, 172, 4, 6, '2025-2', '', '11', NULL, NULL, 5, NULL, 'MAR 14:30-16:00'),
(2248, 172, 4, 7, '2025-2', '', '12', NULL, NULL, 5, NULL, 'MIE 14:30-16:00'),
(2249, 173, 4, 8, '2025-2', 'A', '', NULL, NULL, 5, NULL, 'JUE 14:30-16:00'),
(2250, 173, 4, 9, '2025-2', 'B', '', NULL, NULL, 5, NULL, 'VIE 14:30-16:00'),
(2251, 173, 4, 10, '2025-2', 'C', '', NULL, NULL, 5, NULL, 'SAB 14:30-16:00'),
(2252, 173, 4, 11, '2025-2', '', '1', NULL, NULL, 5, NULL, 'LUN 14:30-16:00'),
(2253, 173, 4, 12, '2025-2', '', '2', NULL, NULL, 5, NULL, 'MAR 14:30-16:00'),
(2254, 173, 4, 13, '2025-2', '', '3', NULL, NULL, 5, NULL, 'MIE 14:30-16:00'),
(2255, 173, 4, 14, '2025-2', '', '4', NULL, NULL, 5, NULL, 'JUE 14:30-16:00'),
(2256, 173, 4, 15, '2025-2', '', '5', NULL, NULL, 5, NULL, 'VIE 14:30-16:00'),
(2257, 173, 4, 16, '2025-2', '', '6', NULL, NULL, 5, NULL, 'SAB 14:30-16:00'),
(2258, 173, 4, 17, '2025-2', '', '7', NULL, NULL, 5, NULL, 'LUN 14:30-16:00'),
(2259, 173, 4, 18, '2025-2', '', '8', NULL, NULL, 5, NULL, 'MAR 14:30-16:00'),
(2260, 173, 4, 19, '2025-2', '', '9', NULL, NULL, 5, NULL, 'MIE 14:30-16:00'),
(2261, 173, 4, 20, '2025-2', '', '10', NULL, NULL, 5, NULL, 'JUE 14:30-16:00'),
(2262, 173, 4, 21, '2025-2', '', '11', NULL, NULL, 5, NULL, 'VIE 14:30-16:00'),
(2263, 173, 4, 22, '2025-2', '', '12', NULL, NULL, 5, NULL, 'SAB 14:30-16:00'),
(2264, 174, 4, 23, '2025-2', 'A', '', NULL, NULL, 5, NULL, 'LUN 14:30-16:00'),
(2265, 174, 4, 24, '2025-2', 'B', '', NULL, NULL, 5, NULL, 'MAR 14:30-16:00'),
(2266, 174, 4, 25, '2025-2', 'C', '', NULL, NULL, 5, NULL, 'MIE 14:30-16:00'),
(2267, 174, 4, 26, '2025-2', '', '1', NULL, NULL, 5, NULL, 'JUE 14:30-16:00'),
(2268, 174, 4, 27, '2025-2', '', '2', NULL, NULL, 5, NULL, 'VIE 14:30-16:00'),
(2269, 174, 4, 28, '2025-2', '', '3', NULL, NULL, 5, NULL, 'SAB 14:30-16:00'),
(2270, 174, 4, 29, '2025-2', '', '4', NULL, NULL, 5, NULL, 'LUN 14:30-16:00'),
(2271, 174, 4, 30, '2025-2', '', '5', NULL, NULL, 5, NULL, 'MAR 14:30-16:00'),
(2272, 174, 4, 31, '2025-2', '', '6', NULL, NULL, 5, NULL, 'MIE 14:30-16:00'),
(2273, 174, 4, 32, '2025-2', '', '7', NULL, NULL, 5, NULL, 'JUE 14:30-16:00'),
(2274, 174, 4, 33, '2025-2', '', '8', NULL, NULL, 5, NULL, 'VIE 14:30-16:00'),
(2275, 174, 4, 34, '2025-2', '', '9', NULL, NULL, 5, NULL, 'SAB 14:30-16:00'),
(2276, 174, 4, 35, '2025-2', '', '10', NULL, NULL, 5, NULL, 'LUN 14:30-16:00'),
(2277, 174, 4, 36, '2025-2', '', '11', NULL, NULL, 5, NULL, 'MAR 14:30-16:00'),
(2278, 174, 4, 37, '2025-2', '', '12', NULL, NULL, 5, NULL, 'MIE 14:30-16:00'),
(2279, 175, 4, 38, '2025-2', 'A', '', NULL, NULL, 5, NULL, 'JUE 14:30-16:00'),
(2280, 175, 4, 39, '2025-2', 'B', '', NULL, NULL, 5, NULL, 'VIE 14:30-16:00'),
(2281, 175, 4, 40, '2025-2', 'C', '', NULL, NULL, 5, NULL, 'SAB 14:30-16:00'),
(2282, 175, 4, 41, '2025-2', '', '1', NULL, NULL, 5, NULL, 'LUN 14:30-16:00'),
(2283, 175, 4, 42, '2025-2', '', '2', NULL, NULL, 5, NULL, 'MAR 14:30-16:00'),
(2284, 175, 4, 43, '2025-2', '', '3', NULL, NULL, 5, NULL, 'MIE 14:30-16:00'),
(2285, 175, 4, 44, '2025-2', '', '4', NULL, NULL, 5, NULL, 'JUE 14:30-16:00'),
(2286, 175, 4, 45, '2025-2', '', '5', NULL, NULL, 5, NULL, 'VIE 14:30-16:00'),
(2287, 175, 4, 46, '2025-2', '', '6', NULL, NULL, 5, NULL, 'SAB 14:30-16:00'),
(2288, 175, 4, 47, '2025-2', '', '7', NULL, NULL, 5, NULL, 'LUN 14:30-16:00'),
(2289, 175, 4, 48, '2025-2', '', '8', NULL, NULL, 5, NULL, 'MAR 14:30-16:00'),
(2290, 175, 4, 49, '2025-2', '', '9', NULL, NULL, 5, NULL, 'MIE 14:30-16:00'),
(2291, 175, 4, 50, '2025-2', '', '10', NULL, NULL, 5, NULL, 'JUE 14:30-16:00'),
(2292, 175, 4, 51, '2025-2', '', '11', NULL, NULL, 5, NULL, 'VIE 14:30-16:00'),
(2293, 175, 4, 52, '2025-2', '', '12', NULL, NULL, 5, NULL, 'SAB 14:30-16:00'),
(2294, 176, 4, 53, '2025-2', 'A', '', NULL, NULL, 5, NULL, 'LUN 14:30-16:00'),
(2295, 176, 4, 54, '2025-2', 'B', '', NULL, NULL, 5, NULL, 'MAR 14:30-16:00'),
(2296, 176, 4, 55, '2025-2', 'C', '', NULL, NULL, 5, NULL, 'MIE 14:30-16:00'),
(2297, 176, 4, 56, '2025-2', '', '1', NULL, NULL, 5, NULL, 'JUE 14:30-16:00'),
(2298, 176, 4, 57, '2025-2', '', '2', NULL, NULL, 5, NULL, 'VIE 14:30-16:00'),
(2299, 176, 4, 58, '2025-2', '', '3', NULL, NULL, 5, NULL, 'SAB 14:30-16:00'),
(2300, 176, 4, 59, '2025-2', '', '4', NULL, NULL, 5, NULL, 'LUN 14:30-16:00'),
(2301, 176, 4, 60, '2025-2', '', '5', NULL, NULL, 5, NULL, 'MAR 14:30-16:00'),
(2302, 176, 4, 61, '2025-2', '', '6', NULL, NULL, 5, NULL, 'MIE 14:30-16:00'),
(2303, 176, 4, 62, '2025-2', '', '7', NULL, NULL, 5, NULL, 'JUE 14:30-16:00'),
(2304, 176, 4, 63, '2025-2', '', '8', NULL, NULL, 5, NULL, 'VIE 14:30-16:00'),
(2305, 176, 4, 64, '2025-2', '', '9', NULL, NULL, 5, NULL, 'SAB 14:30-16:00'),
(2306, 176, 4, 65, '2025-2', '', '10', NULL, NULL, 5, NULL, 'LUN 14:30-16:00'),
(2307, 176, 4, 66, '2025-2', '', '11', NULL, NULL, 5, NULL, 'MAR 14:30-16:00'),
(2308, 176, 4, 67, '2025-2', '', '12', NULL, NULL, 5, NULL, 'MIE 14:30-16:00'),
(2309, 177, 4, 68, '2025-1', 'A', '', NULL, NULL, 5, NULL, 'JUE 14:30-16:00'),
(2310, 177, 4, 69, '2025-1', 'B', '', NULL, NULL, 5, NULL, 'VIE 14:30-16:00'),
(2311, 177, 4, 70, '2025-1', 'C', '', NULL, NULL, 5, NULL, 'SAB 14:30-16:00'),
(2312, 177, 4, 71, '2025-1', '', '1', NULL, NULL, 5, NULL, 'LUN 14:30-16:00'),
(2313, 177, 4, 72, '2025-1', '', '2', NULL, NULL, 5, NULL, 'MAR 14:30-16:00'),
(2314, 177, 4, 73, '2025-1', '', '3', NULL, NULL, 5, NULL, 'MIE 14:30-16:00'),
(2315, 177, 4, 74, '2025-1', '', '4', NULL, NULL, 5, NULL, 'JUE 14:30-16:00'),
(2316, 177, 4, 75, '2025-1', '', '5', NULL, NULL, 5, NULL, 'VIE 14:30-16:00'),
(2317, 177, 4, 76, '2025-1', '', '6', NULL, NULL, 5, NULL, 'SAB 14:30-16:00'),
(2318, 177, 4, 77, '2025-1', '', '7', NULL, NULL, 5, NULL, 'LUN 14:30-16:00'),
(2319, 177, 4, 78, '2025-1', '', '8', NULL, NULL, 5, NULL, 'MAR 14:30-16:00'),
(2320, 177, 4, 79, '2025-1', '', '9', NULL, NULL, 5, NULL, 'MIE 14:30-16:00'),
(2321, 177, 4, 80, '2025-1', '', '10', NULL, NULL, 5, NULL, 'JUE 14:30-16:00'),
(2322, 177, 4, 81, '2025-1', '', '11', NULL, NULL, 5, NULL, 'VIE 14:30-16:00'),
(2323, 177, 4, 82, '2025-1', '', '12', NULL, NULL, 5, NULL, 'SAB 14:30-16:00'),
(2324, 178, 4, 83, '2025-1', 'A', '', NULL, NULL, 5, NULL, 'LUN 14:30-16:00'),
(2325, 178, 4, 84, '2025-1', 'B', '', NULL, NULL, 5, NULL, 'MAR 14:30-16:00'),
(2326, 178, 4, 85, '2025-1', 'C', '', NULL, NULL, 5, NULL, 'MIE 14:30-16:00'),
(2327, 179, 4, 86, '2025-1', 'A', '', NULL, NULL, 5, NULL, 'JUE 14:30-16:00'),
(2328, 179, 4, 87, '2025-1', 'B', '', NULL, NULL, 5, NULL, 'VIE 14:30-16:00'),
(2329, 179, 4, 88, '2025-1', 'C', '', NULL, NULL, 5, NULL, 'SAB 14:30-16:00'),
(2330, 180, 4, 89, '2025-1', 'A', '', NULL, NULL, 5, NULL, 'LUN 14:30-16:00'),
(2331, 180, 4, 90, '2025-1', 'B', '', NULL, NULL, 5, NULL, 'MAR 14:30-16:00'),
(2332, 180, 4, 91, '2025-1', 'C', '', NULL, NULL, 5, NULL, 'MIE 14:30-16:00'),
(2333, 181, 4, 92, '2025-1', 'A', '', NULL, NULL, 5, NULL, 'JUE 14:30-16:00'),
(2334, 181, 4, 93, '2025-1', 'B', '', NULL, NULL, 5, NULL, 'VIE 14:30-16:00'),
(2335, 181, 4, 94, '2025-1', 'C', '', NULL, NULL, 5, NULL, 'SAB 14:30-16:00'),
(2336, 181, 4, 95, '2025-1', '', '1', NULL, NULL, 5, NULL, 'LUN 14:30-16:00'),
(2337, 181, 4, 96, '2025-1', '', '2', NULL, NULL, 5, NULL, 'MAR 14:30-16:00'),
(2338, 181, 4, 97, '2025-1', '', '3', NULL, NULL, 5, NULL, 'MIE 14:30-16:00'),
(2339, 181, 4, 98, '2025-1', '', '4', NULL, NULL, 5, NULL, 'JUE 14:30-16:00'),
(2340, 181, 4, 99, '2025-1', '', '5', NULL, NULL, 5, NULL, 'VIE 14:30-16:00'),
(2341, 181, 4, 100, '2025-1', '', '6', NULL, NULL, 5, NULL, 'SAB 14:30-16:00'),
(2342, 181, 4, 101, '2025-1', '', '7', NULL, NULL, 5, NULL, 'LUN 14:30-16:00'),
(2343, 181, 4, 102, '2025-1', '', '8', NULL, NULL, 5, NULL, 'MAR 14:30-16:00'),
(2344, 181, 4, 103, '2025-1', '', '9', NULL, NULL, 5, NULL, 'MIE 14:30-16:00'),
(2345, 181, 4, 104, '2025-1', '', '10', NULL, NULL, 5, NULL, 'JUE 14:30-16:00'),
(2346, 181, 4, 105, '2025-1', '', '11', NULL, NULL, 5, NULL, 'VIE 14:30-16:00'),
(2347, 181, 4, 106, '2025-1', '', '12', NULL, NULL, 5, NULL, 'SAB 14:30-16:00'),
(2348, 182, 4, 107, '2025-1', 'A', '', NULL, NULL, 5, NULL, 'LUN 14:30-16:00'),
(2349, 182, 4, 108, '2025-1', 'B', '', NULL, NULL, 5, NULL, 'MAR 14:30-16:00'),
(2350, 182, 4, 109, '2025-1', 'C', '', NULL, NULL, 5, NULL, 'MIE 14:30-16:00'),
(2351, 182, 4, 110, '2025-1', '', '1', NULL, NULL, 5, NULL, 'JUE 14:30-16:00'),
(2352, 182, 4, 111, '2025-1', '', '2', NULL, NULL, 5, NULL, 'VIE 14:30-16:00'),
(2353, 182, 4, 112, '2025-1', '', '3', NULL, NULL, 5, NULL, 'SAB 14:30-16:00'),
(2354, 182, 4, 113, '2025-1', '', '4', NULL, NULL, 5, NULL, 'LUN 14:30-16:00'),
(2355, 182, 4, 114, '2025-1', '', '5', NULL, NULL, 5, NULL, 'MAR 14:30-16:00'),
(2356, 182, 4, 115, '2025-1', '', '6', NULL, NULL, 5, NULL, 'MIE 14:30-16:00'),
(2357, 182, 4, 116, '2025-1', '', '7', NULL, NULL, 5, NULL, 'JUE 14:30-16:00'),
(2358, 182, 4, 117, '2025-1', '', '8', NULL, NULL, 5, NULL, 'VIE 14:30-16:00'),
(2359, 182, 4, 118, '2025-1', '', '9', NULL, NULL, 5, NULL, 'SAB 14:30-16:00'),
(2360, 182, 4, 119, '2025-1', '', '10', NULL, NULL, 5, NULL, 'LUN 14:30-16:00'),
(2361, 182, 4, 120, '2025-1', '', '11', NULL, NULL, 5, NULL, 'MAR 14:30-16:00'),
(2362, 182, 4, 121, '2025-1', '', '12', NULL, NULL, 5, NULL, 'MIE 14:30-16:00'),
(2363, 183, 4, 122, '2025-1', 'A', '', NULL, NULL, 5, NULL, 'JUE 14:30-16:00'),
(2364, 183, 4, 123, '2025-1', 'B', '', NULL, NULL, 5, NULL, 'VIE 14:30-16:00'),
(2365, 183, 4, 124, '2025-1', 'C', '', NULL, NULL, 5, NULL, 'SAB 14:30-16:00'),
(2366, 184, 4, 125, '2025-1', 'A', '', NULL, NULL, 5, NULL, 'LUN 14:30-16:00'),
(2367, 184, 4, 126, '2025-1', 'B', '', NULL, NULL, 5, NULL, 'MAR 14:30-16:00'),
(2368, 184, 4, 127, '2025-1', 'C', '', NULL, NULL, 5, NULL, 'MIE 14:30-16:00'),
(2369, 184, 4, 128, '2025-1', '', '1', NULL, NULL, 5, NULL, 'JUE 14:30-16:00'),
(2370, 184, 4, 129, '2025-1', '', '2', NULL, NULL, 5, NULL, 'VIE 14:30-16:00'),
(2371, 184, 4, 130, '2025-1', '', '3', NULL, NULL, 5, NULL, 'SAB 14:30-16:00'),
(2372, 184, 4, 131, '2025-1', '', '4', NULL, NULL, 5, NULL, 'LUN 14:30-16:00'),
(2373, 184, 4, 132, '2025-1', '', '5', NULL, NULL, 5, NULL, 'MAR 14:30-16:00'),
(2374, 184, 4, 133, '2025-1', '', '6', NULL, NULL, 5, NULL, 'MIE 14:30-16:00'),
(2375, 184, 4, 134, '2025-1', '', '7', NULL, NULL, 5, NULL, 'JUE 14:30-16:00'),
(2376, 184, 4, 135, '2025-1', '', '8', NULL, NULL, 5, NULL, 'VIE 14:30-16:00'),
(2377, 184, 4, 136, '2025-1', '', '9', NULL, NULL, 5, NULL, 'SAB 14:30-16:00'),
(2378, 184, 4, 137, '2025-1', '', '10', NULL, NULL, 5, NULL, 'LUN 14:30-16:00'),
(2379, 184, 4, 138, '2025-1', '', '11', NULL, NULL, 5, NULL, 'MAR 14:30-16:00'),
(2380, 184, 4, 139, '2025-1', '', '12', NULL, NULL, 5, NULL, 'MIE 14:30-16:00'),
(2381, 185, 4, 140, '2025-1', 'A', '', NULL, NULL, 5, NULL, 'JUE 14:30-16:00'),
(2382, 185, 4, 141, '2025-1', 'B', '', NULL, NULL, 5, NULL, 'VIE 14:30-16:00'),
(2383, 185, 4, 142, '2025-1', 'C', '', NULL, NULL, 5, NULL, 'SAB 14:30-16:00'),
(2384, 186, 4, 143, '2025-1', 'A', '', NULL, NULL, 5, NULL, 'LUN 14:30-16:00'),
(2385, 186, 4, 144, '2025-1', 'B', '', NULL, NULL, 5, NULL, 'MAR 14:30-16:00'),
(2386, 186, 4, 145, '2025-1', 'C', '', NULL, NULL, 5, NULL, 'MIE 14:30-16:00'),
(2387, 186, 4, 146, '2025-1', '', '1', NULL, NULL, 5, NULL, 'JUE 14:30-16:00'),
(2388, 186, 4, 147, '2025-1', '', '2', NULL, NULL, 5, NULL, 'VIE 14:30-16:00'),
(2389, 186, 4, 148, '2025-1', '', '3', NULL, NULL, 5, NULL, 'SAB 14:30-16:00'),
(2390, 186, 4, 149, '2025-1', '', '4', NULL, NULL, 5, NULL, 'LUN 14:30-16:00'),
(2391, 186, 4, 150, '2025-1', '', '5', NULL, NULL, 5, NULL, 'MAR 14:30-16:00'),
(2392, 186, 4, 151, '2025-1', '', '6', NULL, NULL, 5, NULL, 'MIE 14:30-16:00'),
(2393, 186, 4, 152, '2025-1', '', '7', NULL, NULL, 5, NULL, 'JUE 14:30-16:00'),
(2394, 186, 4, 153, '2025-1', '', '8', NULL, NULL, 5, NULL, 'VIE 14:30-16:00'),
(2395, 186, 4, 154, '2025-1', '', '9', NULL, NULL, 5, NULL, 'SAB 14:30-16:00'),
(2396, 186, 4, 155, '2025-1', '', '10', NULL, NULL, 5, NULL, 'LUN 14:30-16:00'),
(2397, 186, 4, 156, '2025-1', '', '11', NULL, NULL, 5, NULL, 'MAR 14:30-16:00'),
(2398, 186, 4, 157, '2025-1', '', '12', NULL, NULL, 5, NULL, 'MIE 14:30-16:00'),
(2399, 187, 4, 158, '2025-1', 'A', '', NULL, NULL, 5, NULL, 'JUE 14:30-16:00'),
(2400, 187, 4, 159, '2025-1', 'B', '', NULL, NULL, 5, NULL, 'VIE 14:30-16:00'),
(2401, 187, 4, 160, '2025-1', 'C', '', NULL, NULL, 5, NULL, 'SAB 14:30-16:00'),
(2402, 187, 4, 1, '2025-1', '', '1', NULL, NULL, 5, NULL, 'LUN 16:00-17:30'),
(2403, 187, 4, 2, '2025-1', '', '2', NULL, NULL, 5, NULL, 'MAR 16:00-17:30'),
(2404, 187, 4, 3, '2025-1', '', '3', NULL, NULL, 5, NULL, 'MIE 16:00-17:30'),
(2405, 187, 4, 4, '2025-1', '', '4', NULL, NULL, 5, NULL, 'JUE 16:00-17:30'),
(2406, 187, 4, 5, '2025-1', '', '5', NULL, NULL, 5, NULL, 'VIE 16:00-17:30'),
(2407, 187, 4, 6, '2025-1', '', '6', NULL, NULL, 5, NULL, 'SAB 16:00-17:30'),
(2408, 187, 4, 7, '2025-1', '', '7', NULL, NULL, 5, NULL, 'LUN 16:00-17:30'),
(2409, 187, 4, 8, '2025-1', '', '8', NULL, NULL, 5, NULL, 'MAR 16:00-17:30'),
(2410, 187, 4, 9, '2025-1', '', '9', NULL, NULL, 5, NULL, 'MIE 16:00-17:30'),
(2411, 187, 4, 10, '2025-1', '', '10', NULL, NULL, 5, NULL, 'JUE 16:00-17:30'),
(2412, 187, 4, 11, '2025-1', '', '11', NULL, NULL, 5, NULL, 'VIE 16:00-17:30'),
(2413, 187, 4, 12, '2025-1', '', '12', NULL, NULL, 5, NULL, 'SAB 16:00-17:30'),
(2414, 188, 4, 13, '2025-1', 'A', '', NULL, NULL, 5, NULL, 'LUN 16:00-17:30'),
(2415, 188, 4, 14, '2025-1', 'B', '', NULL, NULL, 5, NULL, 'MAR 16:00-17:30'),
(2416, 188, 4, 15, '2025-1', 'C', '', NULL, NULL, 5, NULL, 'MIE 16:00-17:30'),
(2417, 188, 4, 16, '2025-1', '', '1', NULL, NULL, 5, NULL, 'JUE 16:00-17:30'),
(2418, 188, 4, 17, '2025-1', '', '2', NULL, NULL, 5, NULL, 'VIE 16:00-17:30'),
(2419, 188, 4, 18, '2025-1', '', '3', NULL, NULL, 5, NULL, 'SAB 16:00-17:30'),
(2420, 188, 4, 19, '2025-1', '', '4', NULL, NULL, 5, NULL, 'LUN 16:00-17:30'),
(2421, 188, 4, 20, '2025-1', '', '5', NULL, NULL, 5, NULL, 'MAR 16:00-17:30'),
(2422, 188, 4, 21, '2025-1', '', '6', NULL, NULL, 5, NULL, 'MIE 16:00-17:30'),
(2423, 188, 4, 22, '2025-1', '', '7', NULL, NULL, 5, NULL, 'JUE 16:00-17:30'),
(2424, 188, 4, 23, '2025-1', '', '8', NULL, NULL, 5, NULL, 'VIE 16:00-17:30'),
(2425, 188, 4, 24, '2025-1', '', '9', NULL, NULL, 5, NULL, 'SAB 16:00-17:30'),
(2426, 188, 4, 25, '2025-1', '', '10', NULL, NULL, 5, NULL, 'LUN 16:00-17:30'),
(2427, 188, 4, 26, '2025-1', '', '11', NULL, NULL, 5, NULL, 'MAR 16:00-17:30'),
(2428, 188, 4, 27, '2025-1', '', '12', NULL, NULL, 5, NULL, 'MIE 16:00-17:30'),
(2429, 189, 4, 28, '2025-2', 'A', '', NULL, NULL, 5, NULL, 'JUE 16:00-17:30'),
(2430, 189, 4, 29, '2025-2', 'B', '', NULL, NULL, 5, NULL, 'VIE 16:00-17:30'),
(2431, 189, 4, 30, '2025-2', 'C', '', NULL, NULL, 5, NULL, 'SAB 16:00-17:30'),
(2432, 189, 4, 31, '2025-2', '', '1', NULL, NULL, 5, NULL, 'LUN 16:00-17:30'),
(2433, 189, 4, 32, '2025-2', '', '2', NULL, NULL, 5, NULL, 'MAR 16:00-17:30'),
(2434, 189, 4, 33, '2025-2', '', '3', NULL, NULL, 5, NULL, 'MIE 16:00-17:30'),
(2435, 189, 4, 34, '2025-2', '', '4', NULL, NULL, 5, NULL, 'JUE 16:00-17:30'),
(2436, 189, 4, 35, '2025-2', '', '5', NULL, NULL, 5, NULL, 'VIE 16:00-17:30'),
(2437, 189, 4, 36, '2025-2', '', '6', NULL, NULL, 5, NULL, 'SAB 16:00-17:30'),
(2438, 189, 4, 37, '2025-2', '', '7', NULL, NULL, 5, NULL, 'LUN 16:00-17:30'),
(2439, 189, 4, 38, '2025-2', '', '8', NULL, NULL, 5, NULL, 'MAR 16:00-17:30'),
(2440, 189, 4, 39, '2025-2', '', '9', NULL, NULL, 5, NULL, 'MIE 16:00-17:30'),
(2441, 189, 4, 40, '2025-2', '', '10', NULL, NULL, 5, NULL, 'JUE 16:00-17:30'),
(2442, 189, 4, 41, '2025-2', '', '11', NULL, NULL, 5, NULL, 'VIE 16:00-17:30'),
(2443, 189, 4, 42, '2025-2', '', '12', NULL, NULL, 5, NULL, 'SAB 16:00-17:30'),
(2444, 190, 4, 43, '2025-2', 'A', '', NULL, NULL, 5, NULL, 'LUN 16:00-17:30'),
(2445, 190, 4, 44, '2025-2', 'B', '', NULL, NULL, 5, NULL, 'MAR 16:00-17:30'),
(2446, 190, 4, 45, '2025-2', 'C', '', NULL, NULL, 5, NULL, 'MIE 16:00-17:30'),
(2447, 190, 4, 46, '2025-2', '', '1', NULL, NULL, 5, NULL, 'JUE 16:00-17:30'),
(2448, 190, 4, 47, '2025-2', '', '2', NULL, NULL, 5, NULL, 'VIE 16:00-17:30'),
(2449, 190, 4, 48, '2025-2', '', '3', NULL, NULL, 5, NULL, 'SAB 16:00-17:30'),
(2450, 190, 4, 49, '2025-2', '', '4', NULL, NULL, 5, NULL, 'LUN 16:00-17:30'),
(2451, 190, 4, 50, '2025-2', '', '5', NULL, NULL, 5, NULL, 'MAR 16:00-17:30'),
(2452, 190, 4, 51, '2025-2', '', '6', NULL, NULL, 5, NULL, 'MIE 16:00-17:30'),
(2453, 190, 4, 52, '2025-2', '', '7', NULL, NULL, 5, NULL, 'JUE 16:00-17:30'),
(2454, 190, 4, 53, '2025-2', '', '8', NULL, NULL, 5, NULL, 'VIE 16:00-17:30'),
(2455, 190, 4, 54, '2025-2', '', '9', NULL, NULL, 5, NULL, 'SAB 16:00-17:30'),
(2456, 190, 4, 55, '2025-2', '', '10', NULL, NULL, 5, NULL, 'LUN 16:00-17:30'),
(2457, 190, 4, 56, '2025-2', '', '11', NULL, NULL, 5, NULL, 'MAR 16:00-17:30'),
(2458, 190, 4, 57, '2025-2', '', '12', NULL, NULL, 5, NULL, 'MIE 16:00-17:30'),
(2459, 191, 4, 58, '2025-2', 'A', '', NULL, NULL, 5, NULL, 'JUE 16:00-17:30'),
(2460, 191, 4, 59, '2025-2', 'B', '', NULL, NULL, 5, NULL, 'VIE 16:00-17:30'),
(2461, 191, 4, 60, '2025-2', 'C', '', NULL, NULL, 5, NULL, 'SAB 16:00-17:30'),
(2462, 191, 4, 61, '2025-2', '', '1', NULL, NULL, 5, NULL, 'LUN 16:00-17:30'),
(2463, 191, 4, 62, '2025-2', '', '2', NULL, NULL, 5, NULL, 'MAR 16:00-17:30'),
(2464, 191, 4, 63, '2025-2', '', '3', NULL, NULL, 5, NULL, 'MIE 16:00-17:30'),
(2465, 191, 4, 64, '2025-2', '', '4', NULL, NULL, 5, NULL, 'JUE 16:00-17:30'),
(2466, 191, 4, 65, '2025-2', '', '5', NULL, NULL, 5, NULL, 'VIE 16:00-17:30'),
(2467, 191, 4, 66, '2025-2', '', '6', NULL, NULL, 5, NULL, 'SAB 16:00-17:30'),
(2468, 191, 4, 67, '2025-2', '', '7', NULL, NULL, 5, NULL, 'LUN 16:00-17:30'),
(2469, 191, 4, 68, '2025-2', '', '8', NULL, NULL, 5, NULL, 'MAR 16:00-17:30'),
(2470, 191, 4, 69, '2025-2', '', '9', NULL, NULL, 5, NULL, 'MIE 16:00-17:30'),
(2471, 191, 4, 70, '2025-2', '', '10', NULL, NULL, 5, NULL, 'JUE 16:00-17:30'),
(2472, 191, 4, 71, '2025-2', '', '11', NULL, NULL, 5, NULL, 'VIE 16:00-17:30'),
(2473, 191, 4, 72, '2025-2', '', '12', NULL, NULL, 5, NULL, 'SAB 16:00-17:30'),
(2474, 192, 4, 73, '2025-2', 'A', '', NULL, NULL, 5, NULL, 'LUN 16:00-17:30'),
(2475, 192, 4, 74, '2025-2', 'B', '', NULL, NULL, 5, NULL, 'MAR 16:00-17:30'),
(2476, 192, 4, 75, '2025-2', 'C', '', NULL, NULL, 5, NULL, 'MIE 16:00-17:30'),
(2477, 192, 4, 76, '2025-2', '', '1', NULL, NULL, 5, NULL, 'JUE 16:00-17:30'),
(2478, 192, 4, 77, '2025-2', '', '2', NULL, NULL, 5, NULL, 'VIE 16:00-17:30'),
(2479, 192, 4, 78, '2025-2', '', '3', NULL, NULL, 5, NULL, 'SAB 16:00-17:30'),
(2480, 192, 4, 79, '2025-2', '', '4', NULL, NULL, 5, NULL, 'LUN 16:00-17:30'),
(2481, 192, 4, 80, '2025-2', '', '5', NULL, NULL, 5, NULL, 'MAR 16:00-17:30'),
(2482, 192, 4, 81, '2025-2', '', '6', NULL, NULL, 5, NULL, 'MIE 16:00-17:30'),
(2483, 192, 4, 82, '2025-2', '', '7', NULL, NULL, 5, NULL, 'JUE 16:00-17:30'),
(2484, 192, 4, 83, '2025-2', '', '8', NULL, NULL, 5, NULL, 'VIE 16:00-17:30'),
(2485, 192, 4, 84, '2025-2', '', '9', NULL, NULL, 5, NULL, 'SAB 16:00-17:30'),
(2486, 192, 4, 85, '2025-2', '', '10', NULL, NULL, 5, NULL, 'LUN 16:00-17:30'),
(2487, 192, 4, 86, '2025-2', '', '11', NULL, NULL, 5, NULL, 'MAR 16:00-17:30'),
(2488, 192, 4, 87, '2025-2', '', '12', NULL, NULL, 5, NULL, 'MIE 16:00-17:30'),
(2489, 193, 4, 88, '2025-2', 'A', '', NULL, NULL, 5, NULL, 'JUE 16:00-17:30'),
(2490, 193, 4, 89, '2025-2', 'B', '', NULL, NULL, 5, NULL, 'VIE 16:00-17:30'),
(2491, 193, 4, 90, '2025-2', 'C', '', NULL, NULL, 5, NULL, 'SAB 16:00-17:30'),
(2492, 193, 4, 91, '2025-2', '', '1', NULL, NULL, 5, NULL, 'LUN 16:00-17:30'),
(2493, 193, 4, 92, '2025-2', '', '2', NULL, NULL, 5, NULL, 'MAR 16:00-17:30'),
(2494, 193, 4, 93, '2025-2', '', '3', NULL, NULL, 5, NULL, 'MIE 16:00-17:30'),
(2495, 193, 4, 94, '2025-2', '', '4', NULL, NULL, 5, NULL, 'JUE 16:00-17:30'),
(2496, 193, 4, 95, '2025-2', '', '5', NULL, NULL, 5, NULL, 'VIE 16:00-17:30'),
(2497, 193, 4, 96, '2025-2', '', '6', NULL, NULL, 5, NULL, 'SAB 16:00-17:30'),
(2498, 193, 4, 97, '2025-2', '', '7', NULL, NULL, 5, NULL, 'LUN 16:00-17:30'),
(2499, 193, 4, 98, '2025-2', '', '8', NULL, NULL, 5, NULL, 'MAR 16:00-17:30'),
(2500, 193, 4, 99, '2025-2', '', '9', NULL, NULL, 5, NULL, 'MIE 16:00-17:30'),
(2501, 193, 4, 100, '2025-2', '', '10', NULL, NULL, 5, NULL, 'JUE 16:00-17:30'),
(2502, 193, 4, 101, '2025-2', '', '11', NULL, NULL, 5, NULL, 'VIE 16:00-17:30'),
(2503, 193, 4, 102, '2025-2', '', '12', NULL, NULL, 5, NULL, 'SAB 16:00-17:30'),
(2504, 194, 4, 103, '2025-2', 'A', '', NULL, NULL, 5, NULL, 'LUN 16:00-17:30'),
(2505, 194, 4, 104, '2025-2', 'B', '', NULL, NULL, 5, NULL, 'MAR 16:00-17:30'),
(2506, 194, 4, 105, '2025-2', 'C', '', NULL, NULL, 5, NULL, 'MIE 16:00-17:30'),
(2507, 194, 4, 106, '2025-2', '', '1', NULL, NULL, 5, NULL, 'JUE 16:00-17:30'),
(2508, 194, 4, 107, '2025-2', '', '2', NULL, NULL, 5, NULL, 'VIE 16:00-17:30'),
(2509, 194, 4, 108, '2025-2', '', '3', NULL, NULL, 5, NULL, 'SAB 16:00-17:30'),
(2510, 194, 4, 109, '2025-2', '', '4', NULL, NULL, 5, NULL, 'LUN 16:00-17:30'),
(2511, 194, 4, 110, '2025-2', '', '5', NULL, NULL, 5, NULL, 'MAR 16:00-17:30'),
(2512, 194, 4, 111, '2025-2', '', '6', NULL, NULL, 5, NULL, 'MIE 16:00-17:30'),
(2513, 194, 4, 112, '2025-2', '', '7', NULL, NULL, 5, NULL, 'JUE 16:00-17:30'),
(2514, 194, 4, 113, '2025-2', '', '8', NULL, NULL, 5, NULL, 'VIE 16:00-17:30'),
(2515, 194, 4, 114, '2025-2', '', '9', NULL, NULL, 5, NULL, 'SAB 16:00-17:30'),
(2516, 194, 4, 115, '2025-2', '', '10', NULL, NULL, 5, NULL, 'LUN 16:00-17:30'),
(2517, 194, 4, 116, '2025-2', '', '11', NULL, NULL, 5, NULL, 'MAR 16:00-17:30'),
(2518, 194, 4, 117, '2025-2', '', '12', NULL, NULL, 5, NULL, 'MIE 16:00-17:30'),
(2519, 195, 4, 118, '2025-2', 'A', '', NULL, NULL, 5, NULL, 'JUE 16:00-17:30'),
(2520, 195, 4, 119, '2025-2', 'B', '', NULL, NULL, 5, NULL, 'VIE 16:00-17:30'),
(2521, 195, 4, 120, '2025-2', 'C', '', NULL, NULL, 5, NULL, 'SAB 16:00-17:30'),
(2522, 195, 4, 121, '2025-2', '', '1', NULL, NULL, 5, NULL, 'LUN 16:00-17:30'),
(2523, 195, 4, 122, '2025-2', '', '2', NULL, NULL, 5, NULL, 'MAR 16:00-17:30'),
(2524, 195, 4, 123, '2025-2', '', '3', NULL, NULL, 5, NULL, 'MIE 16:00-17:30'),
(2525, 195, 4, 124, '2025-2', '', '4', NULL, NULL, 5, NULL, 'JUE 16:00-17:30'),
(2526, 195, 4, 125, '2025-2', '', '5', NULL, NULL, 5, NULL, 'VIE 16:00-17:30'),
(2527, 195, 4, 126, '2025-2', '', '6', NULL, NULL, 5, NULL, 'SAB 16:00-17:30'),
(2528, 195, 4, 127, '2025-2', '', '7', NULL, NULL, 5, NULL, 'LUN 16:00-17:30'),
(2529, 195, 4, 128, '2025-2', '', '8', NULL, NULL, 5, NULL, 'MAR 16:00-17:30'),
(2530, 195, 4, 129, '2025-2', '', '9', NULL, NULL, 5, NULL, 'MIE 16:00-17:30'),
(2531, 195, 4, 130, '2025-2', '', '10', NULL, NULL, 5, NULL, 'JUE 16:00-17:30'),
(2532, 195, 4, 131, '2025-2', '', '11', NULL, NULL, 5, NULL, 'VIE 16:00-17:30'),
(2533, 195, 4, 132, '2025-2', '', '12', NULL, NULL, 5, NULL, 'SAB 16:00-17:30'),
(2534, 196, 4, 133, '2025-2', 'A', '', NULL, NULL, 5, NULL, 'LUN 16:00-17:30'),
(2535, 196, 4, 134, '2025-2', 'B', '', NULL, NULL, 5, NULL, 'MAR 16:00-17:30'),
(2536, 196, 4, 135, '2025-2', 'C', '', NULL, NULL, 5, NULL, 'MIE 16:00-17:30'),
(2537, 196, 4, 136, '2025-2', '', '1', NULL, NULL, 5, NULL, 'JUE 16:00-17:30'),
(2538, 196, 4, 137, '2025-2', '', '2', NULL, NULL, 5, NULL, 'VIE 16:00-17:30'),
(2539, 196, 4, 138, '2025-2', '', '3', NULL, NULL, 5, NULL, 'SAB 16:00-17:30'),
(2540, 196, 4, 139, '2025-2', '', '4', NULL, NULL, 5, NULL, 'LUN 16:00-17:30'),
(2541, 196, 4, 140, '2025-2', '', '5', NULL, NULL, 5, NULL, 'MAR 16:00-17:30'),
(2542, 196, 4, 141, '2025-2', '', '6', NULL, NULL, 5, NULL, 'MIE 16:00-17:30'),
(2543, 196, 4, 142, '2025-2', '', '7', NULL, NULL, 5, NULL, 'JUE 16:00-17:30'),
(2544, 196, 4, 143, '2025-2', '', '8', NULL, NULL, 5, NULL, 'VIE 16:00-17:30'),
(2545, 196, 4, 144, '2025-2', '', '9', NULL, NULL, 5, NULL, 'SAB 16:00-17:30'),
(2546, 196, 4, 145, '2025-2', '', '10', NULL, NULL, 5, NULL, 'LUN 16:00-17:30'),
(2547, 196, 4, 146, '2025-2', '', '11', NULL, NULL, 5, NULL, 'MAR 16:00-17:30'),
(2548, 196, 4, 147, '2025-2', '', '12', NULL, NULL, 5, NULL, 'MIE 16:00-17:30'),
(2549, 197, 4, 148, '2025-2', 'A', '', NULL, NULL, 5, NULL, 'JUE 16:00-17:30'),
(2550, 197, 4, 149, '2025-2', 'B', '', NULL, NULL, 5, NULL, 'VIE 16:00-17:30'),
(2551, 197, 4, 150, '2025-2', 'C', '', NULL, NULL, 5, NULL, 'SAB 16:00-17:30'),
(2552, 197, 4, 151, '2025-2', '', '1', NULL, NULL, 5, NULL, 'LUN 16:00-17:30'),
(2553, 197, 4, 152, '2025-2', '', '2', NULL, NULL, 5, NULL, 'MAR 16:00-17:30'),
(2554, 197, 4, 153, '2025-2', '', '3', NULL, NULL, 5, NULL, 'MIE 16:00-17:30'),
(2555, 197, 4, 154, '2025-2', '', '4', NULL, NULL, 5, NULL, 'JUE 16:00-17:30'),
(2556, 197, 4, 155, '2025-2', '', '5', NULL, NULL, 5, NULL, 'VIE 16:00-17:30'),
(2557, 197, 4, 156, '2025-2', '', '6', NULL, NULL, 5, NULL, 'SAB 16:00-17:30'),
(2558, 197, 4, 157, '2025-2', '', '7', NULL, NULL, 5, NULL, 'LUN 16:00-17:30'),
(2559, 197, 4, 158, '2025-2', '', '8', NULL, NULL, 5, NULL, 'MAR 16:00-17:30'),
(2560, 197, 4, 159, '2025-2', '', '9', NULL, NULL, 5, NULL, 'MIE 16:00-17:30'),
(2561, 197, 4, 160, '2025-2', '', '10', NULL, NULL, 5, NULL, 'JUE 16:00-17:30'),
(2562, 197, 4, 1, '2025-2', '', '11', NULL, NULL, 5, NULL, 'VIE 17:30-19:00'),
(2563, 197, 4, 2, '2025-2', '', '12', NULL, NULL, 5, NULL, 'SAB 17:30-19:00'),
(2564, 198, 4, 3, '2025-2', 'A', '', NULL, NULL, 5, NULL, 'LUN 17:30-19:00'),
(2565, 198, 4, 4, '2025-2', 'B', '', NULL, NULL, 5, NULL, 'MAR 17:30-19:00'),
(2566, 198, 4, 5, '2025-2', 'C', '', NULL, NULL, 5, NULL, 'MIE 17:30-19:00'),
(2567, 198, 4, 6, '2025-2', '', '1', NULL, NULL, 5, NULL, 'JUE 17:30-19:00'),
(2568, 198, 4, 7, '2025-2', '', '2', NULL, NULL, 5, NULL, 'VIE 17:30-19:00'),
(2569, 198, 4, 8, '2025-2', '', '3', NULL, NULL, 5, NULL, 'SAB 17:30-19:00'),
(2570, 198, 4, 9, '2025-2', '', '4', NULL, NULL, 5, NULL, 'LUN 17:30-19:00'),
(2571, 198, 4, 10, '2025-2', '', '5', NULL, NULL, 5, NULL, 'MAR 17:30-19:00'),
(2572, 198, 4, 11, '2025-2', '', '6', NULL, NULL, 5, NULL, 'MIE 17:30-19:00'),
(2573, 198, 4, 12, '2025-2', '', '7', NULL, NULL, 5, NULL, 'JUE 17:30-19:00'),
(2574, 198, 4, 13, '2025-2', '', '8', NULL, NULL, 5, NULL, 'VIE 17:30-19:00'),
(2575, 198, 4, 14, '2025-2', '', '9', NULL, NULL, 5, NULL, 'SAB 17:30-19:00'),
(2576, 198, 4, 15, '2025-2', '', '10', NULL, NULL, 5, NULL, 'LUN 17:30-19:00'),
(2577, 198, 4, 16, '2025-2', '', '11', NULL, NULL, 5, NULL, 'MAR 17:30-19:00'),
(2578, 198, 4, 17, '2025-2', '', '12', NULL, NULL, 5, NULL, 'MIE 17:30-19:00'),
(2579, 199, 4, 18, '2025-2', 'A', '', NULL, NULL, 5, NULL, 'JUE 17:30-19:00'),
(2580, 199, 4, 19, '2025-2', 'B', '', NULL, NULL, 5, NULL, 'VIE 17:30-19:00'),
(2581, 199, 4, 20, '2025-2', 'C', '', NULL, NULL, 5, NULL, 'SAB 17:30-19:00'),
(2582, 199, 4, 21, '2025-2', '', '1', NULL, NULL, 5, NULL, 'LUN 17:30-19:00'),
(2583, 199, 4, 22, '2025-2', '', '2', NULL, NULL, 5, NULL, 'MAR 17:30-19:00'),
(2584, 199, 4, 23, '2025-2', '', '3', NULL, NULL, 5, NULL, 'MIE 17:30-19:00'),
(2585, 199, 4, 24, '2025-2', '', '4', NULL, NULL, 5, NULL, 'JUE 17:30-19:00'),
(2586, 199, 4, 25, '2025-2', '', '5', NULL, NULL, 5, NULL, 'VIE 17:30-19:00'),
(2587, 199, 4, 26, '2025-2', '', '6', NULL, NULL, 5, NULL, 'SAB 17:30-19:00'),
(2588, 199, 4, 27, '2025-2', '', '7', NULL, NULL, 5, NULL, 'LUN 17:30-19:00'),
(2589, 199, 4, 28, '2025-2', '', '8', NULL, NULL, 5, NULL, 'MAR 17:30-19:00'),
(2590, 199, 4, 29, '2025-2', '', '9', NULL, NULL, 5, NULL, 'MIE 17:30-19:00'),
(2591, 199, 4, 30, '2025-2', '', '10', NULL, NULL, 5, NULL, 'JUE 17:30-19:00'),
(2592, 199, 4, 31, '2025-2', '', '11', NULL, NULL, 5, NULL, 'VIE 17:30-19:00'),
(2593, 199, 4, 32, '2025-2', '', '12', NULL, NULL, 5, NULL, 'SAB 17:30-19:00'),
(2594, 200, 4, 33, '2025-2', 'A', '', NULL, NULL, 5, NULL, 'LUN 17:30-19:00'),
(2595, 200, 4, 34, '2025-2', 'B', '', NULL, NULL, 5, NULL, 'MAR 17:30-19:00'),
(2596, 200, 4, 35, '2025-2', 'C', '', NULL, NULL, 5, NULL, 'MIE 17:30-19:00'),
(2597, 200, 4, 36, '2025-2', '', '1', NULL, NULL, 5, NULL, 'JUE 17:30-19:00'),
(2598, 200, 4, 37, '2025-2', '', '2', NULL, NULL, 5, NULL, 'VIE 17:30-19:00'),
(2599, 200, 4, 38, '2025-2', '', '3', NULL, NULL, 5, NULL, 'SAB 17:30-19:00');
INSERT INTO `transasignacioncurso` (`idAsignacion`, `idAsignatura`, `idDocente`, `idSalon`, `periodo`, `seccion`, `grupo`, `fechaCreacion`, `fechaModificacion`, `usuarioCreacion`, `usuarioModificacion`, `horario`) VALUES
(2600, 200, 4, 39, '2025-2', '', '4', NULL, NULL, 5, NULL, 'LUN 17:30-19:00'),
(2601, 200, 4, 40, '2025-2', '', '5', NULL, NULL, 5, NULL, 'MAR 17:30-19:00'),
(2602, 200, 4, 41, '2025-2', '', '6', NULL, NULL, 5, NULL, 'MIE 17:30-19:00'),
(2603, 200, 4, 42, '2025-2', '', '7', NULL, NULL, 5, NULL, 'JUE 17:30-19:00'),
(2604, 200, 4, 43, '2025-2', '', '8', NULL, NULL, 5, NULL, 'VIE 17:30-19:00'),
(2605, 200, 4, 44, '2025-2', '', '9', NULL, NULL, 5, NULL, 'SAB 17:30-19:00'),
(2606, 200, 4, 45, '2025-2', '', '10', NULL, NULL, 5, NULL, 'LUN 17:30-19:00'),
(2607, 200, 4, 46, '2025-2', '', '11', NULL, NULL, 5, NULL, 'MAR 17:30-19:00'),
(2608, 200, 4, 47, '2025-2', '', '12', NULL, NULL, 5, NULL, 'MIE 17:30-19:00');

-- --------------------------------------------------------

--
-- Estructura de tabla para la tabla `transdetallematricula`
--

CREATE TABLE `transdetallematricula` (
  `idDetalleMatricula` int(11) NOT NULL,
  `idMatricula` int(11) DEFAULT NULL,
  `idAsignatura` int(11) DEFAULT NULL,
  `idHorario` int(11) DEFAULT NULL,
  `fechaCreacion` timestamp NULL DEFAULT NULL,
  `fechaModificacion` timestamp NULL DEFAULT NULL,
  `usuarioCreacion` int(11) DEFAULT NULL,
  `usuarioModificacion` int(11) DEFAULT NULL
) ENGINE=InnoDB DEFAULT CHARSET=utf8mb4 COLLATE=utf8mb4_general_ci;

-- --------------------------------------------------------

--
-- Estructura de tabla para la tabla `transhorario`
--

CREATE TABLE `transhorario` (
  `idHorario` int(11) NOT NULL,
  `idAsignacion` int(11) DEFAULT NULL,
  `dia` varchar(10) NOT NULL,
  `horaInicio` time NOT NULL,
  `horaFin` time NOT NULL,
  `fechaCreacion` timestamp NULL DEFAULT NULL,
  `fechaModificacion` timestamp NULL DEFAULT NULL,
  `usuarioCreacion` int(11) DEFAULT NULL,
  `usuarioModificacion` int(11) DEFAULT NULL
) ENGINE=InnoDB DEFAULT CHARSET=utf8mb4 COLLATE=utf8mb4_general_ci;

-- --------------------------------------------------------

--
-- Estructura de tabla para la tabla `transmatricula`
--

CREATE TABLE `transmatricula` (
  `idMatricula` int(11) NOT NULL,
  `idEstudiante` int(11) DEFAULT NULL,
  `idEstadoMatricula` int(11) DEFAULT NULL,
  `periodo` varchar(10) NOT NULL,
  `fechaMatricula` date NOT NULL,
  `fechaCreacion` timestamp NULL DEFAULT NULL,
  `fechaModificacion` timestamp NULL DEFAULT NULL,
  `usuarioCreacion` int(11) DEFAULT NULL,
  `usuarioModificacion` int(11) DEFAULT NULL
) ENGINE=InnoDB DEFAULT CHARSET=utf8mb4 COLLATE=utf8mb4_general_ci;

--
-- Índices para tablas volcadas
--

--
-- Indices de la tabla `maeasignatura`
--
ALTER TABLE `maeasignatura`
  ADD PRIMARY KEY (`idAsignatura`),
  ADD UNIQUE KEY `codigo` (`codigo`);

--
-- Indices de la tabla `maeauditoria`
--
ALTER TABLE `maeauditoria`
  ADD PRIMARY KEY (`idAuditoria`);

--
-- Indices de la tabla `maeescuelaprofesional`
--
ALTER TABLE `maeescuelaprofesional`
  ADD PRIMARY KEY (`idEscuela`);

--
-- Indices de la tabla `maeestadomatricula`
--
ALTER TABLE `maeestadomatricula`
  ADD PRIMARY KEY (`idEstadoMatricula`),
  ADD UNIQUE KEY `nombre` (`nombre`);

--
-- Indices de la tabla `maeestudiante`
--
ALTER TABLE `maeestudiante`
  ADD PRIMARY KEY (`idEstudiante`);

--
-- Indices de la tabla `maeplanestudio`
--
ALTER TABLE `maeplanestudio`
  ADD PRIMARY KEY (`idPlanEstudio`);

--
-- Indices de la tabla `maeprerrequisito`
--
ALTER TABLE `maeprerrequisito`
  ADD PRIMARY KEY (`idPrerrequisito`);

--
-- Indices de la tabla `maerol`
--
ALTER TABLE `maerol`
  ADD PRIMARY KEY (`idRol`);

--
-- Indices de la tabla `maesalon`
--
ALTER TABLE `maesalon`
  ADD PRIMARY KEY (`idSalon`),
  ADD UNIQUE KEY `codigo` (`codigo`);

--
-- Indices de la tabla `maeusuario`
--
ALTER TABLE `maeusuario`
  ADD PRIMARY KEY (`idUsuario`),
  ADD UNIQUE KEY `correo` (`correo`);

--
-- Indices de la tabla `transasignacioncurso`
--
ALTER TABLE `transasignacioncurso`
  ADD PRIMARY KEY (`idAsignacion`);

--
-- Indices de la tabla `transdetallematricula`
--
ALTER TABLE `transdetallematricula`
  ADD PRIMARY KEY (`idDetalleMatricula`);

--
-- Indices de la tabla `transhorario`
--
ALTER TABLE `transhorario`
  ADD PRIMARY KEY (`idHorario`);

--
-- Indices de la tabla `transmatricula`
--
ALTER TABLE `transmatricula`
  ADD PRIMARY KEY (`idMatricula`);

--
-- AUTO_INCREMENT de las tablas volcadas
--

--
-- AUTO_INCREMENT de la tabla `maeasignatura`
--
ALTER TABLE `maeasignatura`
  MODIFY `idAsignatura` int(11) NOT NULL AUTO_INCREMENT, AUTO_INCREMENT=201;

--
-- AUTO_INCREMENT de la tabla `maeauditoria`
--
ALTER TABLE `maeauditoria`
  MODIFY `idAuditoria` int(11) NOT NULL AUTO_INCREMENT;

--
-- AUTO_INCREMENT de la tabla `maeescuelaprofesional`
--
ALTER TABLE `maeescuelaprofesional`
  MODIFY `idEscuela` int(11) NOT NULL AUTO_INCREMENT, AUTO_INCREMENT=4;

--
-- AUTO_INCREMENT de la tabla `maeestadomatricula`
--
ALTER TABLE `maeestadomatricula`
  MODIFY `idEstadoMatricula` int(11) NOT NULL AUTO_INCREMENT, AUTO_INCREMENT=3;

--
-- AUTO_INCREMENT de la tabla `maeestudiante`
--
ALTER TABLE `maeestudiante`
  MODIFY `idEstudiante` int(11) NOT NULL AUTO_INCREMENT;

--
-- AUTO_INCREMENT de la tabla `maeplanestudio`
--
ALTER TABLE `maeplanestudio`
  MODIFY `idPlanEstudio` int(11) NOT NULL AUTO_INCREMENT, AUTO_INCREMENT=4;

--
-- AUTO_INCREMENT de la tabla `maeprerrequisito`
--
ALTER TABLE `maeprerrequisito`
  MODIFY `idPrerrequisito` int(11) NOT NULL AUTO_INCREMENT, AUTO_INCREMENT=89;

--
-- AUTO_INCREMENT de la tabla `maerol`
--
ALTER TABLE `maerol`
  MODIFY `idRol` int(11) NOT NULL AUTO_INCREMENT, AUTO_INCREMENT=4;

--
-- AUTO_INCREMENT de la tabla `maesalon`
--
ALTER TABLE `maesalon`
  MODIFY `idSalon` int(11) NOT NULL AUTO_INCREMENT, AUTO_INCREMENT=161;

--
-- AUTO_INCREMENT de la tabla `maeusuario`
--
ALTER TABLE `maeusuario`
  MODIFY `idUsuario` int(11) NOT NULL AUTO_INCREMENT, AUTO_INCREMENT=6;

--
-- AUTO_INCREMENT de la tabla `transasignacioncurso`
--
ALTER TABLE `transasignacioncurso`
  MODIFY `idAsignacion` int(11) NOT NULL AUTO_INCREMENT, AUTO_INCREMENT=2609;

--
-- AUTO_INCREMENT de la tabla `transdetallematricula`
--
ALTER TABLE `transdetallematricula`
  MODIFY `idDetalleMatricula` int(11) NOT NULL AUTO_INCREMENT;

--
-- AUTO_INCREMENT de la tabla `transhorario`
--
ALTER TABLE `transhorario`
  MODIFY `idHorario` int(11) NOT NULL AUTO_INCREMENT;

--
-- AUTO_INCREMENT de la tabla `transmatricula`
--
ALTER TABLE `transmatricula`
  MODIFY `idMatricula` int(11) NOT NULL AUTO_INCREMENT;
COMMIT;

/*!40101 SET CHARACTER_SET_CLIENT=@OLD_CHARACTER_SET_CLIENT */;
/*!40101 SET CHARACTER_SET_RESULTS=@OLD_CHARACTER_SET_RESULTS */;
/*!40101 SET COLLATION_CONNECTION=@OLD_COLLATION_CONNECTION */;
